context,id_a,id_b,title_a,title_b,key_a,key_b,grid_dist_3d,cosine_sim,harmonic_tier,edge_kind,edge_strength,is_thread
warm-up,1,8,All In A Dream feat. DJ Tennis feat. Joseph Ashworth (Extended Mix),DJs Gotta Dance More feat. Todd Terry (Extended),7A,10A,1,0.6921,,none,0,0
warm-up,1,11,All In A Dream feat. DJ Tennis feat. Joseph Ashworth (Extended Mix),Equal Responsibility (Betoko Remix),7A,12A,1.0441,0.8438,,none,0,0
warm-up,1,15,All In A Dream feat. DJ Tennis feat. Joseph Ashworth (Extended Mix),Feel The Game (Extended Remix),7A,1A,1,0.7746,,none,0,0
warm-up,1,20,All In A Dream feat. DJ Tennis feat. Joseph Ashworth (Extended Mix),Hit The Ground  (Extended Mix),7A,6A,1,0.8281,adjacent,harmonic,0.7,1
warm-up,1,25,All In A Dream feat. DJ Tennis feat. Joseph Ashworth (Extended Mix),It's A Memory (Amtrac Remix),7A,2A,0.7071,0.6335,,none,0,0
warm-up,1,26,All In A Dream feat. DJ Tennis feat. Joseph Ashworth (Extended Mix),It's Not Enough feat. Janai (Original Mix),7A,4A,1,0.9278,,none,0,0
warm-up,1,28,All In A Dream feat. DJ Tennis feat. Joseph Ashworth (Extended Mix),Izolo feat. Khonaye (Lost Desert & Lee Burridge Remix),7A,9A,1,0.9232,,none,0,0
warm-up,1,29,All In A Dream feat. DJ Tennis feat. Joseph Ashworth (Extended Mix),Just a Bitter Love,7A,6A,0.9363,0.6749,adjacent,harmonic,0.7,1
warm-up,1,31,All In A Dream feat. DJ Tennis feat. Joseph Ashworth (Extended Mix),Lost,7A,6A,1.0815,0.6335,adjacent,harmonic,0.7,1
warm-up,1,32,All In A Dream feat. DJ Tennis feat. Joseph Ashworth (Extended Mix),Love Somebody Else Feat. Joi Cardwell (Original Mix),7A,12B,1,0.3957,,none,0,0
warm-up,1,33,All In A Dream feat. DJ Tennis feat. Joseph Ashworth (Extended Mix),Love Song (Original Mix),7A,8A,1,0.8431,adjacent,harmonic,0.7,1
warm-up,1,34,All In A Dream feat. DJ Tennis feat. Joseph Ashworth (Extended Mix),Lucky Shot (Original Mix),7A,7A,0.9122,0.6572,same,harmonic,1,1
warm-up,1,41,All In A Dream feat. DJ Tennis feat. Joseph Ashworth (Extended Mix),Night Blooming Jasmine (Original Mix),7A,4A,1.0441,0.5431,,none,0,0
warm-up,1,60,All In A Dream feat. DJ Tennis feat. Joseph Ashworth (Extended Mix),Teardrops (Don't Stop The Music) (Original Mix),7A,5B,1.0441,0.7571,,none,0,0
warm-up,1,66,All In A Dream feat. DJ Tennis feat. Joseph Ashworth (Extended Mix),Walk The Line (Extended Mix),7A,9A,1,0.4936,,none,0,0
warm-up,1,68,All In A Dream feat. DJ Tennis feat. Joseph Ashworth (Extended Mix),We Are Child Of Love (The Mekanism Remix),7A,12A,0.7071,0.6773,,none,0,0
warm-up,1,72,All In A Dream feat. DJ Tennis feat. Joseph Ashworth (Extended Mix),Where the Subtle Meets Infinity (Original Mix),7A,1A,1.4142,0.7246,,none,0,0
warm-up,8,11,DJs Gotta Dance More feat. Todd Terry (Extended),Equal Responsibility (Betoko Remix),10A,12A,1.4457,0.6854,,none,0,0
warm-up,8,15,DJs Gotta Dance More feat. Todd Terry (Extended),Feel The Game (Extended Remix),10A,1A,1.4142,0.7764,,none,0,0
warm-up,8,20,DJs Gotta Dance More feat. Todd Terry (Extended),Hit The Ground  (Extended Mix),10A,6A,1.4142,0.7975,,none,0,0
warm-up,8,25,DJs Gotta Dance More feat. Todd Terry (Extended),It's A Memory (Amtrac Remix),10A,2A,1.5811,0.7729,,none,0,0
warm-up,8,26,DJs Gotta Dance More feat. Todd Terry (Extended),It's Not Enough feat. Janai (Original Mix),10A,4A,1.4142,0.6374,,none,0,0
warm-up,8,28,DJs Gotta Dance More feat. Todd Terry (Extended),Izolo feat. Khonaye (Lost Desert & Lee Burridge Remix),10A,9A,1.4142,0.617,adjacent,harmonic,0.7,1
warm-up,8,29,DJs Gotta Dance More feat. Todd Terry (Extended),Just a Bitter Love,10A,6A,1.5948,0.8114,,none,0,0
warm-up,8,31,DJs Gotta Dance More feat. Todd Terry (Extended),Lost,10A,6A,1.7301,0.6328,,none,0,0
warm-up,8,32,DJs Gotta Dance More feat. Todd Terry (Extended),Love Somebody Else Feat. Joi Cardwell (Original Mix),10A,12B,1.4142,0.5272,,none,0,0
warm-up,8,33,DJs Gotta Dance More feat. Todd Terry (Extended),Love Song (Original Mix),10A,8A,1.4142,0.6864,,none,0,0
warm-up,8,34,DJs Gotta Dance More feat. Todd Terry (Extended),Lucky Shot (Original Mix),10A,7A,0.9439,0.6563,,none,0,0
warm-up,8,41,DJs Gotta Dance More feat. Todd Terry (Extended),Night Blooming Jasmine (Original Mix),10A,4A,1.4457,0.3551,,none,0,0
warm-up,8,60,DJs Gotta Dance More feat. Todd Terry (Extended),Teardrops (Don't Stop The Music) (Original Mix),10A,5B,1.4457,0.615,,none,0,0
warm-up,8,66,DJs Gotta Dance More feat. Todd Terry (Extended),Walk The Line (Extended Mix),10A,9A,1.4142,0.5497,adjacent,harmonic,0.7,1
warm-up,8,68,DJs Gotta Dance More feat. Todd Terry (Extended),We Are Child Of Love (The Mekanism Remix),10A,12A,0.7071,0.6789,,none,0,0
warm-up,8,72,DJs Gotta Dance More feat. Todd Terry (Extended),Where the Subtle Meets Infinity (Original Mix),10A,1A,2.2361,0.7263,,none,0,0
warm-up,11,15,Equal Responsibility (Betoko Remix),Feel The Game (Extended Remix),12A,1A,0.3003,0.9203,adjacent,harmonic,0.7,1
warm-up,11,20,Equal Responsibility (Betoko Remix),Hit The Ground  (Extended Mix),12A,6A,0.3003,0.8102,,none,0,0
warm-up,11,25,Equal Responsibility (Betoko Remix),It's A Memory (Amtrac Remix),12A,2A,0.7682,0.6273,,none,0,0
warm-up,11,26,Equal Responsibility (Betoko Remix),It's Not Enough feat. Janai (Original Mix),12A,4A,0.3003,0.9263,,none,0,0
warm-up,11,28,Equal Responsibility (Betoko Remix),Izolo feat. Khonaye (Lost Desert & Lee Burridge Remix),12A,9A,0.3003,0.9033,,none,0,0
warm-up,11,29,Equal Responsibility (Betoko Remix),Just a Bitter Love,12A,6A,0.4657,0.7917,,none,0,0
warm-up,11,31,Equal Responsibility (Betoko Remix),Lost,12A,6A,0.5096,0.7697,,none,0,0
warm-up,11,32,Equal Responsibility (Betoko Remix),Love Somebody Else Feat. Joi Cardwell (Original Mix),12A,12B,0.3003,0.3833,,none,0,0
warm-up,11,33,Equal Responsibility (Betoko Remix),Love Song (Original Mix),12A,8A,0.3003,0.9975,,none,0,0
warm-up,11,34,Equal Responsibility (Betoko Remix),Lucky Shot (Original Mix),12A,7A,0.7494,0.6542,,none,0,0
warm-up,11,41,Equal Responsibility (Betoko Remix),Night Blooming Jasmine (Original Mix),12A,4A,0,0.3661,,none,0,0
warm-up,11,60,Equal Responsibility (Betoko Remix),Teardrops (Don't Stop The Music) (Original Mix),12A,5B,0,0.8973,,none,0,0
warm-up,11,66,Equal Responsibility (Betoko Remix),Walk The Line (Extended Mix),12A,9A,0.3003,0.3165,,none,0,0
warm-up,11,68,Equal Responsibility (Betoko Remix),We Are Child Of Love (The Mekanism Remix),12A,12A,0.7682,0.6694,same,harmonic,1,1
warm-up,11,72,Equal Responsibility (Betoko Remix),Where the Subtle Meets Infinity (Original Mix),12A,1A,1.0441,0.7203,adjacent,harmonic,0.7,1
warm-up,15,20,Feel The Game (Extended Remix),Hit The Ground  (Extended Mix),1A,6A,0,0.8804,,none,0,0
warm-up,15,25,Feel The Game (Extended Remix),It's A Memory (Amtrac Remix),1A,2A,0.7071,0.7106,adjacent,harmonic,0.7,1
warm-up,15,26,Feel The Game (Extended Remix),It's Not Enough feat. Janai (Original Mix),1A,4A,0,0.8589,,none,0,0
warm-up,15,28,Feel The Game (Extended Remix),Izolo feat. Khonaye (Lost Desert & Lee Burridge Remix),1A,9A,0,0.8413,,none,0,0
warm-up,15,29,Feel The Game (Extended Remix),Just a Bitter Love,1A,6A,0.356,0.8602,,none,0,0
warm-up,15,31,Feel The Game (Extended Remix),Lost,1A,6A,0.4118,0.7106,,none,0,0
warm-up,15,32,Feel The Game (Extended Remix),Love Somebody Else Feat. Joi Cardwell (Original Mix),1A,12B,0,0.4859,,none,0,0
warm-up,15,33,Feel The Game (Extended Remix),Love Song (Original Mix),1A,8A,0,0.9249,,none,0,0
warm-up,15,34,Feel The Game (Extended Remix),Lucky Shot (Original Mix),1A,7A,0.9122,0.5933,,none,0,0
warm-up,15,41,Feel The Game (Extended Remix),Night Blooming Jasmine (Original Mix),1A,4A,0.3003,0.3205,,none,0,0
warm-up,15,60,Feel The Game (Extended Remix),Teardrops (Don't Stop The Music) (Original Mix),1A,5B,0.3003,0.8258,,none,0,0
warm-up,15,66,Feel The Game (Extended Remix),Walk The Line (Extended Mix),1A,9A,0,0.4071,,none,0,0
warm-up,15,68,Feel The Game (Extended Remix),We Are Child Of Love (The Mekanism Remix),1A,12A,0.7071,0.6172,adjacent,harmonic,0.7,1
warm-up,15,72,Feel The Game (Extended Remix),Where the Subtle Meets Infinity (Original Mix),1A,1A,1,0.8018,same,harmonic,1,1
warm-up,20,25,Hit The Ground  (Extended Mix),It's A Memory (Amtrac Remix),6A,2A,0.7071,0.6256,,none,0,0
warm-up,20,26,Hit The Ground  (Extended Mix),It's Not Enough feat. Janai (Original Mix),6A,4A,0,0.895,,none,0,0
warm-up,20,28,Hit The Ground  (Extended Mix),Izolo feat. Khonaye (Lost Desert & Lee Burridge Remix),6A,9A,0,0.8969,,none,0,0
warm-up,20,29,Hit The Ground  (Extended Mix),Just a Bitter Love,6A,6A,0.356,0.7573,same,harmonic,1,1
warm-up,20,31,Hit The Ground  (Extended Mix),Lost,6A,6A,0.4118,0.6256,same,harmonic,1,1
warm-up,20,32,Hit The Ground  (Extended Mix),Love Somebody Else Feat. Joi Cardwell (Original Mix),6A,12B,0,0.4278,,none,0,0
warm-up,20,33,Hit The Ground  (Extended Mix),Love Song (Original Mix),6A,8A,0,0.8142,,none,0,0
warm-up,20,34,Hit The Ground  (Extended Mix),Lucky Shot (Original Mix),6A,7A,0.9122,0.5223,adjacent,harmonic,0.7,1
warm-up,20,41,Hit The Ground  (Extended Mix),Night Blooming Jasmine (Original Mix),6A,4A,0.3003,0.4409,,none,0,0
warm-up,20,60,Hit The Ground  (Extended Mix),Teardrops (Don't Stop The Music) (Original Mix),6A,5B,0.3003,0.727,,none,0,0
warm-up,20,66,Hit The Ground  (Extended Mix),Walk The Line (Extended Mix),6A,9A,0,0.598,,none,0,0
warm-up,20,68,Hit The Ground  (Extended Mix),We Are Child Of Love (The Mekanism Remix),6A,12A,0.7071,0.5434,,none,0,0
warm-up,20,72,Hit The Ground  (Extended Mix),Where the Subtle Meets Infinity (Original Mix),6A,1A,1,0.9412,,none,0,0
warm-up,25,26,It's A Memory (Amtrac Remix),It's Not Enough feat. Janai (Original Mix),2A,4A,0.7071,0.5834,,none,0,0
warm-up,25,28,It's A Memory (Amtrac Remix),Izolo feat. Khonaye (Lost Desert & Lee Burridge Remix),2A,9A,0.7071,0.5647,,none,0,0
warm-up,25,29,It's A Memory (Amtrac Remix),Just a Bitter Love,2A,6A,0.4104,0.8856,,none,0,0
warm-up,25,31,It's A Memory (Amtrac Remix),Lost,2A,6A,0.5077,0.8697,,none,0,0
warm-up,25,32,It's A Memory (Amtrac Remix),Love Somebody Else Feat. Joi Cardwell (Original Mix),2A,12B,0.7071,0.6596,,none,0,0
warm-up,25,33,It's A Memory (Amtrac Remix),Love Song (Original Mix),2A,8A,0.7071,0.6282,,none,0,0
warm-up,25,34,It's A Memory (Amtrac Remix),Lucky Shot (Original Mix),2A,7A,1.1414,0.7458,,none,0,0
warm-up,25,41,It's A Memory (Amtrac Remix),Night Blooming Jasmine (Original Mix),2A,4A,0.7682,0.4959,,none,0,0
warm-up,25,60,It's A Memory (Amtrac Remix),Teardrops (Don't Stop The Music) (Original Mix),2A,5B,0.7682,0.6747,,none,0,0
warm-up,25,66,It's A Memory (Amtrac Remix),Walk The Line (Extended Mix),2A,9A,0.7071,0.5534,,none,0,0
warm-up,25,68,It's A Memory (Amtrac Remix),We Are Child Of Love (The Mekanism Remix),2A,12A,1,0.7676,,none,0,0
warm-up,25,72,It's A Memory (Amtrac Remix),Where the Subtle Meets Infinity (Original Mix),2A,1A,0.7071,0.5223,adjacent,harmonic,0.7,1
warm-up,26,28,It's Not Enough feat. Janai (Original Mix),Izolo feat. Khonaye (Lost Desert & Lee Burridge Remix),4A,9A,0,0.9978,,none,0,0
warm-up,26,29,It's Not Enough feat. Janai (Original Mix),Just a Bitter Love,4A,6A,0.356,0.7348,,none,0,0
warm-up,26,31,It's Not Enough feat. Janai (Original Mix),Lost,4A,6A,0.4118,0.7162,,none,0,0
warm-up,26,32,It's Not Enough feat. Janai (Original Mix),Love Somebody Else Feat. Joi Cardwell (Original Mix),4A,12B,0,0.3531,,none,0,0
warm-up,26,33,It's Not Enough feat. Janai (Original Mix),Love Song (Original Mix),4A,8A,0,0.9286,,none,0,0
warm-up,26,34,It's Not Enough feat. Janai (Original Mix),Lucky Shot (Original Mix),4A,7A,0.9122,0.6035,,none,0,0
warm-up,26,41,It's Not Enough feat. Janai (Original Mix),Night Blooming Jasmine (Original Mix),4A,4A,0.3003,0.494,same,harmonic,1,1
warm-up,26,60,It's Not Enough feat. Janai (Original Mix),Teardrops (Don't Stop The Music) (Original Mix),4A,5B,0.3003,0.8312,,none,0,0
warm-up,26,66,It's Not Enough feat. Janai (Original Mix),Walk The Line (Extended Mix),4A,9A,0,0.4517,,none,0,0
warm-up,26,68,It's Not Enough feat. Janai (Original Mix),We Are Child Of Love (The Mekanism Remix),4A,12A,0.7071,0.6248,,none,0,0
warm-up,26,72,It's Not Enough feat. Janai (Original Mix),Where the Subtle Meets Infinity (Original Mix),4A,1A,1,0.8034,,none,0,0
warm-up,28,29,Izolo feat. Khonaye (Lost Desert & Lee Burridge Remix),Just a Bitter Love,9A,6A,0.356,0.7145,,none,0,0
warm-up,28,31,Izolo feat. Khonaye (Lost Desert & Lee Burridge Remix),Lost,9A,6A,0.4118,0.6975,,none,0,0
warm-up,28,32,Izolo feat. Khonaye (Lost Desert & Lee Burridge Remix),Love Somebody Else Feat. Joi Cardwell (Original Mix),9A,12B,0,0.3302,,none,0,0
warm-up,28,33,Izolo feat. Khonaye (Lost Desert & Lee Burridge Remix),Love Song (Original Mix),9A,8A,0,0.9078,adjacent,harmonic,0.7,1
warm-up,28,34,Izolo feat. Khonaye (Lost Desert & Lee Burridge Remix),Lucky Shot (Original Mix),9A,7A,0.9122,0.5824,,none,0,0
warm-up,28,41,Izolo feat. Khonaye (Lost Desert & Lee Burridge Remix),Night Blooming Jasmine (Original Mix),9A,4A,0.3003,0.4916,,none,0,0
warm-up,28,60,Izolo feat. Khonaye (Lost Desert & Lee Burridge Remix),Teardrops (Don't Stop The Music) (Original Mix),9A,5B,0.3003,0.8105,,none,0,0
warm-up,28,66,Izolo feat. Khonaye (Lost Desert & Lee Burridge Remix),Walk The Line (Extended Mix),9A,9A,0,0.4539,same,harmonic,1,1
warm-up,28,68,Izolo feat. Khonaye (Lost Desert & Lee Burridge Remix),We Are Child Of Love (The Mekanism Remix),9A,12A,0.7071,0.6058,,none,0,0
warm-up,28,72,Izolo feat. Khonaye (Lost Desert & Lee Burridge Remix),Where the Subtle Meets Infinity (Original Mix),9A,1A,1,0.8034,,none,0,0
warm-up,29,31,Just a Bitter Love,Lost,6A,6A,0.1476,0.8543,same,harmonic,1,1
warm-up,29,32,Just a Bitter Love,Love Somebody Else Feat. Joi Cardwell (Original Mix),6A,12B,0.356,0.4934,,none,0,0
warm-up,29,33,Just a Bitter Love,Love Song (Original Mix),6A,8A,0.356,0.7912,,none,0,0
warm-up,29,34,Just a Bitter Love,Lucky Shot (Original Mix),6A,7A,1.0713,0.6427,adjacent,harmonic,0.7,1
warm-up,29,41,Just a Bitter Love,Night Blooming Jasmine (Original Mix),6A,4A,0.4657,0.3387,,none,0,0
warm-up,29,60,Just a Bitter Love,Teardrops (Don't Stop The Music) (Original Mix),6A,5B,0.4657,0.7104,,none,0,0
warm-up,29,66,Just a Bitter Love,Walk The Line (Extended Mix),6A,9A,0.356,0.4099,,none,0,0
warm-up,29,68,Just a Bitter Love,We Are Child Of Love (The Mekanism Remix),6A,12A,0.9138,0.6611,,none,0,0
warm-up,29,72,Just a Bitter Love,Where the Subtle Meets Infinity (Original Mix),6A,1A,0.6783,0.6499,,none,0,0
warm-up,31,32,Lost,Love Somebody Else Feat. Joi Cardwell (Original Mix),6A,12B,0.4118,0.5401,,none,0,0
warm-up,31,33,Lost,Love Song (Original Mix),6A,8A,0.4118,0.7713,,none,0,0
warm-up,31,34,Lost,Lucky Shot (Original Mix),6A,7A,1.1787,0.7639,adjacent,harmonic,0.7,1
warm-up,31,41,Lost,Night Blooming Jasmine (Original Mix),6A,4A,0.5096,0.5172,,none,0,0
warm-up,31,60,Lost,Teardrops (Don't Stop The Music) (Original Mix),6A,5B,0.5096,0.8164,,none,0,0
warm-up,31,66,Lost,Walk The Line (Extended Mix),6A,9A,0.4118,0.4549,,none,0,0
warm-up,31,68,Lost,We Are Child Of Love (The Mekanism Remix),6A,12A,1.0399,0.7859,,none,0,0
warm-up,31,72,Lost,Where the Subtle Meets Infinity (Original Mix),6A,1A,0.5882,0.5223,,none,0,0
warm-up,32,33,Love Somebody Else Feat. Joi Cardwell (Original Mix),Love Song (Original Mix),12B,8A,0,0.3803,,none,0,0
warm-up,32,34,Love Somebody Else Feat. Joi Cardwell (Original Mix),Lucky Shot (Original Mix),12B,7A,0.9122,0.7486,,none,0,0
warm-up,32,41,Love Somebody Else Feat. Joi Cardwell (Original Mix),Night Blooming Jasmine (Original Mix),12B,4A,0.3003,0.8308,,none,0,0
warm-up,32,60,Love Somebody Else Feat. Joi Cardwell (Original Mix),Teardrops (Don't Stop The Music) (Original Mix),12B,5B,0.3003,0.6372,,none,0,0
warm-up,32,66,Love Somebody Else Feat. Joi Cardwell (Original Mix),Walk The Line (Extended Mix),12B,9A,0,0.8591,,none,0,0
warm-up,32,68,Love Somebody Else Feat. Joi Cardwell (Original Mix),We Are Child Of Love (The Mekanism Remix),12B,12A,0.7071,0.7469,,none,0,0
warm-up,32,72,Love Somebody Else Feat. Joi Cardwell (Original Mix),Where the Subtle Meets Infinity (Original Mix),12B,1A,1,0.4545,,none,0,0
warm-up,33,34,Love Song (Original Mix),Lucky Shot (Original Mix),8A,7A,0.9122,0.6499,adjacent,harmonic,0.7,1
warm-up,33,41,Love Song (Original Mix),Night Blooming Jasmine (Original Mix),8A,4A,0.3003,0.3626,,none,0,0
warm-up,33,60,Love Song (Original Mix),Teardrops (Don't Stop The Music) (Original Mix),8A,5B,0.3003,0.8951,,none,0,0
warm-up,33,66,Love Song (Original Mix),Walk The Line (Extended Mix),8A,9A,0,0.318,adjacent,harmonic,0.7,1
warm-up,33,68,Love Song (Original Mix),We Are Child Of Love (The Mekanism Remix),8A,12A,0.7071,0.6728,,none,0,0
warm-up,33,72,Love Song (Original Mix),Where the Subtle Meets Infinity (Original Mix),8A,1A,1,0.7239,,none,0,0
warm-up,34,41,Lucky Shot (Original Mix),Night Blooming Jasmine (Original Mix),7A,4A,0.7494,0.7407,,none,0,0
warm-up,34,60,Lucky Shot (Original Mix),Teardrops (Don't Stop The Music) (Original Mix),7A,5B,0.7494,0.8557,,none,0,0
warm-up,34,66,Lucky Shot (Original Mix),Walk The Line (Extended Mix),7A,9A,0.9122,0.6474,,none,0,0
warm-up,34,68,Lucky Shot (Original Mix),We Are Child Of Love (The Mekanism Remix),7A,12A,0.6013,0.9923,,none,0,0
warm-up,34,72,Lucky Shot (Original Mix),Where the Subtle Meets Infinity (Original Mix),7A,1A,1.6653,0.4118,,none,0,0
warm-up,41,60,Night Blooming Jasmine (Original Mix),Teardrops (Don't Stop The Music) (Original Mix),4A,5B,0,0.6262,,none,0,0
warm-up,41,66,Night Blooming Jasmine (Original Mix),Walk The Line (Extended Mix),4A,9A,0.3003,0.8985,,none,0,0
warm-up,41,68,Night Blooming Jasmine (Original Mix),We Are Child Of Love (The Mekanism Remix),4A,12A,0.7682,0.7357,,none,0,0
warm-up,41,72,Night Blooming Jasmine (Original Mix),Where the Subtle Meets Infinity (Original Mix),4A,1A,1.0441,0.4497,,none,0,0
warm-up,60,66,Teardrops (Don't Stop The Music) (Original Mix),Walk The Line (Extended Mix),5B,9A,0.3003,0.5471,,none,0,0
warm-up,60,68,Teardrops (Don't Stop The Music) (Original Mix),We Are Child Of Love (The Mekanism Remix),5B,12A,0.7682,0.8555,,none,0,0
warm-up,60,72,Teardrops (Don't Stop The Music) (Original Mix),Where the Subtle Meets Infinity (Original Mix),5B,1A,1.0441,0.6463,,none,0,0
warm-up,66,68,Walk The Line (Extended Mix),We Are Child Of Love (The Mekanism Remix),9A,12A,0.7071,0.65,,none,0,0
warm-up,66,72,Walk The Line (Extended Mix),Where the Subtle Meets Infinity (Original Mix),9A,1A,1,0.6292,,none,0,0
warm-up,68,72,We Are Child Of Love (The Mekanism Remix),Where the Subtle Meets Infinity (Original Mix),12A,1A,1.5811,0.433,adjacent,harmonic,0.7,1
pool-party,3,8,Boiling (feat. Sinead Harnett),DJs Gotta Dance More feat. Todd Terry (Extended),11A,10A,1.3824,0.7415,adjacent,harmonic,0.7,1
pool-party,3,10,Boiling (feat. Sinead Harnett),Don’t Turn It Off feat. Qzen (Session Victim Extended Remix),11A,8A,0.6227,0.7146,,none,0,0
pool-party,3,12,Boiling (feat. Sinead Harnett),Escape feat. Hayla (Extended Mix),11A,8A,1.257,0.4188,,none,0,0
pool-party,3,13,Boiling (feat. Sinead Harnett),Feel Good (feat. Charlotte Cardin) [Remix] (feat. Charlotte Cardin),11A,11A,0.3037,0.4789,same,harmonic,1,1
pool-party,3,15,Boiling (feat. Sinead Harnett),Feel The Game (Extended Remix),11A,1A,0.0455,0.836,,none,0,0
pool-party,3,17,Boiling (feat. Sinead Harnett),Final Credits (Original Mix),11A,4A,1.2851,0.5943,,none,0,0
pool-party,3,18,Boiling (feat. Sinead Harnett),Give Life Back to Music (Original Mix),11A,8A,0.8169,0.6728,,none,0,0
pool-party,3,20,Boiling (feat. Sinead Harnett),Hit The Ground  (Extended Mix),11A,6A,0.0455,0.8165,,none,0,0
pool-party,3,22,Boiling (feat. Sinead Harnett),I Remember (Original Mix),11A,10A,1.2004,0.5466,adjacent,harmonic,0.7,1
pool-party,3,24,Boiling (feat. Sinead Harnett),Illusory (Extended Mix),11A,1A,1.0476,0.7469,,none,0,0
pool-party,3,25,Boiling (feat. Sinead Harnett),It's A Memory (Amtrac Remix),11A,2A,0.7399,0.5796,,none,0,0
pool-party,3,29,Boiling (feat. Sinead Harnett),Just a Bitter Love,11A,6A,0.3989,0.7301,,none,0,0
pool-party,3,32,Boiling (feat. Sinead Harnett),Love Somebody Else Feat. Joi Cardwell (Original Mix),11A,12B,0.0455,0.4944,,none,0,0
pool-party,3,35,Boiling (feat. Sinead Harnett),Lying Together,11A,2A,1.0996,0.6102,,none,0,0
pool-party,3,37,Boiling (feat. Sinead Harnett),Masala (Pablo Fierro Remix),11A,7A,1.1043,0.4242,,none,0,0
pool-party,3,39,Boiling (feat. Sinead Harnett),Never Sleep Again (Keinemusik Remix),11A,6A,0.5353,0.6037,,none,0,0
pool-party,3,40,Boiling (feat. Sinead Harnett),Neverender (Extended),11A,11A,2.0455,0.3253,same,harmonic,1,1
pool-party,3,43,Boiling (feat. Sinead Harnett),Ocean Drive (Extended Mix),11A,1A,0.3037,0.5444,,none,0,0
pool-party,3,46,Boiling (feat. Sinead Harnett),Preach The World (Original Mix),11A,12A,1.2615,0.5116,adjacent,harmonic,0.7,1
pool-party,3,47,Boiling (feat. Sinead Harnett),Promiscuous [AV Edit],11A,3A,0.0455,0.541,,none,0,0
pool-party,3,54,Boiling (feat. Sinead Harnett),Slow Down (James Cole Remix),11A,9A,0.5021,0.613,,none,0,0
pool-party,3,56,Boiling (feat. Sinead Harnett),Sordid Affair (Maceo Plex Mix),11A,3A,0.4143,0.5641,,none,0,0
pool-party,3,57,Boiling (feat. Sinead Harnett),Stones Throw (Original Mix),11A,8A,0.3037,0.6016,,none,0,0
pool-party,3,62,Boiling (feat. Sinead Harnett),The Way You Move (Original Mix),11A,5A,1.0877,0.5414,,none,0,0
pool-party,3,63,Boiling (feat. Sinead Harnett),There's Never Been (No One Like You)(P's Sunrise Edit),11A,10B,0.3037,0.8677,,none,0,0
pool-party,3,66,Boiling (feat. Sinead Harnett),Walk The Line (Extended Mix),11A,9A,0.3037,0.4898,,none,0,0
pool-party,3,69,Boiling (feat. Sinead Harnett),What Can I Do,11A,8A,1.001,0.7372,,none,0,0
pool-party,3,70,Boiling (feat. Sinead Harnett),What I Might Do,11A,5A,1.0313,0.5023,,none,0,0
pool-party,3,72,Boiling (feat. Sinead Harnett),Where the Subtle Meets Infinity (Original Mix),11A,1A,1.0455,0.7494,,none,0,0
pool-party,8,10,DJs Gotta Dance More feat. Todd Terry (Extended),Don’t Turn It Off feat. Qzen (Session Victim Extended Remix),10A,8A,1.8276,0.6295,,none,0,0
pool-party,8,12,DJs Gotta Dance More feat. Todd Terry (Extended),Escape feat. Hayla (Extended Mix),10A,8A,2.3663,0.3031,,none,0,0
pool-party,8,13,DJs Gotta Dance More feat. Todd Terry (Extended),Feel Good (feat. Charlotte Cardin) [Remix] (feat. Charlotte Cardin),10A,11A,1.4457,0.3676,adjacent,harmonic,0.7,1
pool-party,8,15,DJs Gotta Dance More feat. Todd Terry (Extended),Feel The Game (Extended Remix),10A,1A,1.4142,0.7764,,none,0,0
pool-party,8,17,DJs Gotta Dance More feat. Todd Terry (Extended),Final Credits (Original Mix),10A,4A,2.2186,0.4395,,none,0,0
pool-party,8,18,DJs Gotta Dance More feat. Todd Terry (Extended),Give Life Back to Music (Original Mix),10A,8A,1.7315,0.6278,,none,0,0
pool-party,8,20,DJs Gotta Dance More feat. Todd Terry (Extended),Hit The Ground  (Extended Mix),10A,6A,1.4142,0.7975,,none,0,0
pool-party,8,22,DJs Gotta Dance More feat. Todd Terry (Extended),I Remember (Original Mix),10A,10A,2.5301,0.3175,same,harmonic,1,1
pool-party,8,24,DJs Gotta Dance More feat. Todd Terry (Extended),Illusory (Extended Mix),10A,1A,2.2667,0.5173,,none,0,0
pool-party,8,25,DJs Gotta Dance More feat. Todd Terry (Extended),It's A Memory (Amtrac Remix),10A,2A,1.5811,0.7729,,none,0,0
pool-party,8,29,DJs Gotta Dance More feat. Todd Terry (Extended),Just a Bitter Love,10A,6A,1.5948,0.8114,,none,0,0
pool-party,8,32,DJs Gotta Dance More feat. Todd Terry (Extended),Love Somebody Else Feat. Joi Cardwell (Original Mix),10A,12B,1.4142,0.5272,,none,0,0
pool-party,8,35,DJs Gotta Dance More feat. Todd Terry (Extended),Lying Together,10A,2A,1.4118,0.6702,,none,0,0
pool-party,8,37,DJs Gotta Dance More feat. Todd Terry (Extended),Masala (Pablo Fierro Remix),10A,7A,2.2888,0.3189,,none,0,0
pool-party,8,39,DJs Gotta Dance More feat. Todd Terry (Extended),Never Sleep Again (Keinemusik Remix),10A,6A,1.1035,0.5068,,none,0,0
pool-party,8,40,DJs Gotta Dance More feat. Todd Terry (Extended),Neverender (Extended),10A,11A,3.1623,0.3454,adjacent,harmonic,0.7,1
pool-party,8,43,DJs Gotta Dance More feat. Todd Terry (Extended),Ocean Drive (Extended Mix),10A,1A,1.4457,0.402,,none,0,0
pool-party,8,46,DJs Gotta Dance More feat. Todd Terry (Extended),Preach The World (Original Mix),10A,12A,2.19,0.4536,,none,0,0
pool-party,8,47,DJs Gotta Dance More feat. Todd Terry (Extended),Promiscuous [AV Edit],10A,3A,1.4142,0.3948,,none,0,0
pool-party,8,54,DJs Gotta Dance More feat. Todd Terry (Extended),Slow Down (James Cole Remix),10A,9A,1.8028,0.3469,adjacent,harmonic,0.7,1
pool-party,8,56,DJs Gotta Dance More feat. Todd Terry (Extended),Sordid Affair (Maceo Plex Mix),10A,3A,1.1602,0.4548,,none,0,0
pool-party,8,57,DJs Gotta Dance More feat. Todd Terry (Extended),Stones Throw (Original Mix),10A,8A,1.4457,0.5244,,none,0,0
pool-party,8,62,DJs Gotta Dance More feat. Todd Terry (Extended),The Way You Move (Original Mix),10A,5A,2.2561,0.4688,,none,0,0
pool-party,8,63,DJs Gotta Dance More feat. Todd Terry (Extended),There's Never Been (No One Like You)(P's Sunrise Edit),10A,10B,1.4457,0.7201,,none,0,0
pool-party,8,66,DJs Gotta Dance More feat. Todd Terry (Extended),Walk The Line (Extended Mix),10A,9A,1.4457,0.5497,adjacent,harmonic,0.7,1
pool-party,8,69,DJs Gotta Dance More feat. Todd Terry (Extended),What Can I Do,10A,8A,1,0.6359,,none,0,0
pool-party,8,70,DJs Gotta Dance More feat. Todd Terry (Extended),What I Might Do,10A,5A,2.2042,0.3839,,none,0,0
pool-party,8,72,DJs Gotta Dance More feat. Todd Terry (Extended),Where the Subtle Meets Infinity (Original Mix),10A,1A,2.2361,0.7263,,none,0,0
pool-party,10,12,Don’t Turn It Off feat. Qzen (Session Victim Extended Remix),Escape feat. Hayla (Extended Mix),8A,8A,0.6344,0.4528,same,harmonic,1,1
pool-party,10,13,Don’t Turn It Off feat. Qzen (Session Victim Extended Remix),Feel Good (feat. Charlotte Cardin) [Remix] (feat. Charlotte Cardin),8A,11A,0.5,0.5121,,none,0,0
pool-party,10,15,Don’t Turn It Off feat. Qzen (Session Victim Extended Remix),Feel The Game (Extended Remix),8A,1A,0.5832,0.7127,,none,0,0
pool-party,10,17,Don’t Turn It Off feat. Qzen (Session Victim Extended Remix),Final Credits (Original Mix),8A,4A,0.7629,0.6871,,none,0,0
pool-party,10,18,Don’t Turn It Off feat. Qzen (Session Victim Extended Remix),Give Life Back to Music (Original Mix),8A,8A,0.5544,0.7188,same,harmonic,1,1
pool-party,10,20,Don’t Turn It Off feat. Qzen (Session Victim Extended Remix),Hit The Ground  (Extended Mix),8A,6A,0.5832,0.7686,,none,0,0
pool-party,10,22,Don’t Turn It Off feat. Qzen (Session Victim Extended Remix),I Remember (Original Mix),8A,10A,0.7899,0.7112,,none,0,0
pool-party,10,24,Don’t Turn It Off feat. Qzen (Session Victim Extended Remix),Illusory (Extended Mix),8A,1A,0.587,0.7817,,none,0,0
pool-party,10,25,Don’t Turn It Off feat. Qzen (Session Victim Extended Remix),It's A Memory (Amtrac Remix),8A,2A,0.5832,0.7281,,none,0,0
pool-party,10,29,Don’t Turn It Off feat. Qzen (Session Victim Extended Remix),Just a Bitter Love,8A,6A,0.3655,0.8625,,none,0,0
pool-party,10,32,Don’t Turn It Off feat. Qzen (Session Victim Extended Remix),Love Somebody Else Feat. Joi Cardwell (Original Mix),8A,12B,0.5832,0.3403,,none,0,0
pool-party,10,35,Don’t Turn It Off feat. Qzen (Session Victim Extended Remix),Lying Together,8A,2A,1.0478,0.919,,none,0,0
pool-party,10,37,Don’t Turn It Off feat. Qzen (Session Victim Extended Remix),Masala (Pablo Fierro Remix),8A,7A,0.6344,0.6148,adjacent,harmonic,0.7,1
pool-party,10,39,Don’t Turn It Off feat. Qzen (Session Victim Extended Remix),Never Sleep Again (Keinemusik Remix),8A,6A,0.7903,0.6199,,none,0,0
pool-party,10,40,Don’t Turn It Off feat. Qzen (Session Victim Extended Remix),Neverender (Extended),8A,11A,1.5298,0.6657,,none,0,0
pool-party,10,43,Don’t Turn It Off feat. Qzen (Session Victim Extended Remix),Ocean Drive (Extended Mix),8A,1A,0.7815,0.3632,,none,0,0
pool-party,10,46,Don’t Turn It Off feat. Qzen (Session Victim Extended Remix),Preach The World (Original Mix),8A,12A,0.838,0.723,,none,0,0
pool-party,10,47,Don’t Turn It Off feat. Qzen (Session Victim Extended Remix),Promiscuous [AV Edit],8A,3A,0.5832,0.3607,,none,0,0
pool-party,10,54,Don’t Turn It Off feat. Qzen (Session Victim Extended Remix),Slow Down (James Cole Remix),8A,9A,0.7682,0.611,adjacent,harmonic,0.7,1
pool-party,10,56,Don’t Turn It Off feat. Qzen (Session Victim Extended Remix),Sordid Affair (Maceo Plex Mix),8A,3A,0.714,0.5639,,none,0,0
pool-party,10,57,Don’t Turn It Off feat. Qzen (Session Victim Extended Remix),Stones Throw (Original Mix),8A,8A,0.5,0.3405,same,harmonic,1,1
pool-party,10,62,Don’t Turn It Off feat. Qzen (Session Victim Extended Remix),The Way You Move (Original Mix),8A,5A,0.7815,0.4496,,none,0,0
pool-party,10,63,Don’t Turn It Off feat. Qzen (Session Victim Extended Remix),There's Never Been (No One Like You)(P's Sunrise Edit),8A,10B,0.7815,0.805,,none,0,0
pool-party,10,66,Don’t Turn It Off feat. Qzen (Session Victim Extended Remix),Walk The Line (Extended Mix),8A,9A,0.5,0.4261,adjacent,harmonic,0.7,1
pool-party,10,69,Don’t Turn It Off feat. Qzen (Session Victim Extended Remix),What Can I Do,8A,8A,1.1577,0.5657,same,harmonic,1,1
pool-party,10,70,Don’t Turn It Off feat. Qzen (Session Victim Extended Remix),What I Might Do,8A,5A,0.7452,0.4956,,none,0,0
pool-party,10,72,Don’t Turn It Off feat. Qzen (Session Victim Extended Remix),Where the Subtle Meets Infinity (Original Mix),8A,1A,0.5832,0.6667,,none,0,0
pool-party,12,13,Escape feat. Hayla (Extended Mix),Feel Good (feat. Charlotte Cardin) [Remix] (feat. Charlotte Cardin),8A,11A,1.1006,0.7096,,none,0,0
pool-party,12,15,Escape feat. Hayla (Extended Mix),Feel The Game (Extended Remix),8A,1A,1.2173,0.2733,,none,0,0
pool-party,12,17,Escape feat. Hayla (Extended Mix),Final Credits (Original Mix),8A,4A,0.5348,0.7748,,none,0,0
pool-party,12,18,Escape feat. Hayla (Extended Mix),Give Life Back to Music (Original Mix),8A,8A,0.8565,0.6651,same,harmonic,1,1
pool-party,12,20,Escape feat. Hayla (Extended Mix),Hit The Ground  (Extended Mix),8A,6A,1.2173,0.2406,,none,0,0
pool-party,12,22,Escape feat. Hayla (Extended Mix),I Remember (Original Mix),8A,10A,0.763,0.7999,,none,0,0
pool-party,12,24,Escape feat. Hayla (Extended Mix),Illusory (Extended Mix),8A,1A,0.6071,0.3074,,none,0,0
pool-party,12,25,Escape feat. Hayla (Extended Mix),It's A Memory (Amtrac Remix),8A,2A,0.9607,0.6311,,none,0,0
pool-party,12,29,Escape feat. Hayla (Extended Mix),Just a Bitter Love,8A,6A,0.9501,0.452,,none,0,0
pool-party,12,32,Escape feat. Hayla (Extended Mix),Love Somebody Else Feat. Joi Cardwell (Original Mix),8A,12B,1.2173,0.7405,,none,0,0
pool-party,12,35,Escape feat. Hayla (Extended Mix),Lying Together,8A,2A,1.3339,0.4369,,none,0,0
pool-party,12,37,Escape feat. Hayla (Extended Mix),Masala (Pablo Fierro Remix),8A,7A,0.6006,0.8369,adjacent,harmonic,0.7,1
pool-party,12,39,Escape feat. Hayla (Extended Mix),Never Sleep Again (Keinemusik Remix),8A,6A,1.329,0.6354,,none,0,0
pool-party,12,40,Escape feat. Hayla (Extended Mix),Neverender (Extended),8A,11A,1.1165,0.7346,,none,0,0
pool-party,12,43,Escape feat. Hayla (Extended Mix),Ocean Drive (Extended Mix),8A,1A,1.3902,0.7987,,none,0,0
pool-party,12,46,Escape feat. Hayla (Extended Mix),Preach The World (Original Mix),8A,12A,0.7659,0.7598,,none,0,0
pool-party,12,47,Escape feat. Hayla (Extended Mix),Promiscuous [AV Edit],8A,3A,1.2173,0.8066,,none,0,0
pool-party,12,54,Escape feat. Hayla (Extended Mix),Slow Down (James Cole Remix),8A,9A,1.316,0.6668,adjacent,harmonic,0.7,1
pool-party,12,56,Escape feat. Hayla (Extended Mix),Sordid Affair (Maceo Plex Mix),8A,3A,1.2851,0.6805,,none,0,0
pool-party,12,57,Escape feat. Hayla (Extended Mix),Stones Throw (Original Mix),8A,8A,1.1006,0.743,same,harmonic,1,1
pool-party,12,62,Escape feat. Hayla (Extended Mix),The Way You Move (Original Mix),8A,5A,0.9028,0.859,,none,0,0
pool-party,12,63,Escape feat. Hayla (Extended Mix),There's Never Been (No One Like You)(P's Sunrise Edit),8A,10B,1.3902,0.2608,,none,0,0
pool-party,12,66,Escape feat. Hayla (Extended Mix),Walk The Line (Extended Mix),8A,9A,1.1006,0.6263,adjacent,harmonic,0.7,1
pool-party,12,69,Escape feat. Hayla (Extended Mix),What Can I Do,8A,8A,1.5754,0.568,same,harmonic,1,1
pool-party,12,70,Escape feat. Hayla (Extended Mix),What I Might Do,8A,5A,0.9086,0.9207,,none,0,0
pool-party,12,72,Escape feat. Hayla (Extended Mix),Where the Subtle Meets Infinity (Original Mix),8A,1A,0.6035,0.2556,,none,0,0
pool-party,13,15,Feel Good (feat. Charlotte Cardin) [Remix] (feat. Charlotte Cardin),Feel The Game (Extended Remix),11A,1A,0.3003,0.3329,,none,0,0
pool-party,13,17,Feel Good (feat. Charlotte Cardin) [Remix] (feat. Charlotte Cardin),Final Credits (Original Mix),11A,4A,1.2071,0.7927,,none,0,0
pool-party,13,18,Feel Good (feat. Charlotte Cardin) [Remix] (feat. Charlotte Cardin),Give Life Back to Music (Original Mix),11A,8A,0.8351,0.5463,,none,0,0
pool-party,13,20,Feel Good (feat. Charlotte Cardin) [Remix] (feat. Charlotte Cardin),Hit The Ground  (Extended Mix),11A,6A,0.3003,0.469,,none,0,0
pool-party,13,22,Feel Good (feat. Charlotte Cardin) [Remix] (feat. Charlotte Cardin),I Remember (Original Mix),11A,10A,1.197,0.8412,adjacent,harmonic,0.7,1
pool-party,13,24,Feel Good (feat. Charlotte Cardin) [Remix] (feat. Charlotte Cardin),Illusory (Extended Mix),11A,1A,1.0462,0.5743,,none,0,0
pool-party,13,25,Feel Good (feat. Charlotte Cardin) [Remix] (feat. Charlotte Cardin),It's A Memory (Amtrac Remix),11A,2A,0.7682,0.5047,,none,0,0
pool-party,13,29,Feel Good (feat. Charlotte Cardin) [Remix] (feat. Charlotte Cardin),Just a Bitter Love,11A,6A,0.4657,0.3495,,none,0,0
pool-party,13,32,Feel Good (feat. Charlotte Cardin) [Remix] (feat. Charlotte Cardin),Love Somebody Else Feat. Joi Cardwell (Original Mix),11A,12B,0.3003,0.8101,,none,0,0
pool-party,13,35,Feel Good (feat. Charlotte Cardin) [Remix] (feat. Charlotte Cardin),Lying Together,11A,2A,1.1224,0.54,,none,0,0
pool-party,13,37,Feel Good (feat. Charlotte Cardin) [Remix] (feat. Charlotte Cardin),Masala (Pablo Fierro Remix),11A,7A,1.1006,0.901,,none,0,0
pool-party,13,39,Feel Good (feat. Charlotte Cardin) [Remix] (feat. Charlotte Cardin),Never Sleep Again (Keinemusik Remix),11A,6A,0.6121,0.9097,,none,0,0
pool-party,13,40,Feel Good (feat. Charlotte Cardin) [Remix] (feat. Charlotte Cardin),Neverender (Extended),11A,11A,2.0224,0.8049,same,harmonic,1,1
pool-party,13,43,Feel Good (feat. Charlotte Cardin) [Remix] (feat. Charlotte Cardin),Ocean Drive (Extended Mix),11A,1A,0.6006,0.8781,,none,0,0
pool-party,13,46,Feel Good (feat. Charlotte Cardin) [Remix] (feat. Charlotte Cardin),Preach The World (Original Mix),11A,12A,1.2559,0.8405,adjacent,harmonic,0.7,1
pool-party,13,47,Feel Good (feat. Charlotte Cardin) [Remix] (feat. Charlotte Cardin),Promiscuous [AV Edit],11A,3A,0.3003,0.8803,,none,0,0
pool-party,13,54,Feel Good (feat. Charlotte Cardin) [Remix] (feat. Charlotte Cardin),Slow Down (James Cole Remix),11A,9A,0.5832,0.9162,,none,0,0
pool-party,13,56,Feel Good (feat. Charlotte Cardin) [Remix] (feat. Charlotte Cardin),Sordid Affair (Maceo Plex Mix),11A,3A,0.5096,0.9384,,none,0,0
pool-party,13,57,Feel Good (feat. Charlotte Cardin) [Remix] (feat. Charlotte Cardin),Stones Throw (Original Mix),11A,8A,0,0.8123,,none,0,0
pool-party,13,62,Feel Good (feat. Charlotte Cardin) [Remix] (feat. Charlotte Cardin),The Way You Move (Original Mix),11A,5A,1.1665,0.7306,,none,0,0
pool-party,13,63,Feel Good (feat. Charlotte Cardin) [Remix] (feat. Charlotte Cardin),There's Never Been (No One Like You)(P's Sunrise Edit),11A,10B,0.6006,0.5001,,none,0,0
pool-party,13,66,Feel Good (feat. Charlotte Cardin) [Remix] (feat. Charlotte Cardin),Walk The Line (Extended Mix),11A,9A,0,0.88,,none,0,0
pool-party,13,69,Feel Good (feat. Charlotte Cardin) [Remix] (feat. Charlotte Cardin),What Can I Do,11A,8A,1.0441,0.6459,,none,0,0
pool-party,13,70,Feel Good (feat. Charlotte Cardin) [Remix] (feat. Charlotte Cardin),What I Might Do,11A,5A,1.1165,0.8137,,none,0,0
pool-party,13,72,Feel Good (feat. Charlotte Cardin) [Remix] (feat. Charlotte Cardin),Where the Subtle Meets Infinity (Original Mix),11A,1A,1.0441,0.4775,,none,0,0
pool-party,15,17,Feel The Game (Extended Remix),Final Credits (Original Mix),1A,4A,1.2439,0.5037,,none,0,0
pool-party,15,18,Feel The Game (Extended Remix),Give Life Back to Music (Original Mix),1A,8A,0.7792,0.6838,,none,0,0
pool-party,15,20,Feel The Game (Extended Remix),Hit The Ground  (Extended Mix),1A,6A,0,0.8804,,none,0,0
pool-party,15,22,Feel The Game (Extended Remix),I Remember (Original Mix),1A,10A,1.1587,0.423,,none,0,0
pool-party,15,24,Feel The Game (Extended Remix),Illusory (Extended Mix),1A,1A,1.0022,0.7634,same,harmonic,1,1
pool-party,15,25,Feel The Game (Extended Remix),It's A Memory (Amtrac Remix),1A,2A,0.7071,0.7106,adjacent,harmonic,0.7,1
pool-party,15,29,Feel The Game (Extended Remix),Just a Bitter Love,1A,6A,0.356,0.8602,,none,0,0
pool-party,15,32,Feel The Game (Extended Remix),Love Somebody Else Feat. Joi Cardwell (Original Mix),1A,12B,0,0.4859,,none,0,0
pool-party,15,35,Feel The Game (Extended Remix),Lying Together,1A,2A,1.0815,0.6083,adjacent,harmonic,0.7,1
pool-party,15,37,Feel The Game (Extended Remix),Masala (Pablo Fierro Remix),1A,7A,1.0588,0.29,,none,0,0
pool-party,15,39,Feel The Game (Extended Remix),Never Sleep Again (Keinemusik Remix),1A,6A,0.5333,0.4519,,none,0,0
pool-party,15,40,Feel The Game (Extended Remix),Neverender (Extended),1A,11A,2,0.314,,none,0,0
pool-party,15,43,Feel The Game (Extended Remix),Ocean Drive (Extended Mix),1A,1A,0.3003,0.3667,same,harmonic,1,1
pool-party,15,46,Feel The Game (Extended Remix),Preach The World (Original Mix),1A,12A,1.2195,0.4045,adjacent,harmonic,0.7,1
pool-party,15,47,Feel The Game (Extended Remix),Promiscuous [AV Edit],1A,3A,0,0.3566,,none,0,0
pool-party,15,54,Feel The Game (Extended Remix),Slow Down (James Cole Remix),1A,9A,0.5,0.4622,,none,0,0
pool-party,15,56,Feel The Game (Extended Remix),Sordid Affair (Maceo Plex Mix),1A,3A,0.4118,0.4062,,none,0,0
pool-party,15,57,Feel The Game (Extended Remix),Stones Throw (Original Mix),1A,8A,0.3003,0.336,,none,0,0
pool-party,15,62,Feel The Game (Extended Remix),The Way You Move (Original Mix),1A,5A,1.0441,0.2961,,none,0,0
pool-party,15,63,Feel The Game (Extended Remix),There's Never Been (No One Like You)(P's Sunrise Edit),1A,10B,0.3003,0.7926,,none,0,0
pool-party,15,66,Feel The Game (Extended Remix),Walk The Line (Extended Mix),1A,9A,0.3003,0.4071,,none,0,0
pool-party,15,69,Feel The Game (Extended Remix),What Can I Do,1A,8A,1,0.5669,,none,0,0
pool-party,15,70,Feel The Game (Extended Remix),What I Might Do,1A,5A,0.9879,0.3479,,none,0,0
pool-party,15,72,Feel The Game (Extended Remix),Where the Subtle Meets Infinity (Original Mix),1A,1A,1,0.8018,same,harmonic,1,1
pool-party,17,18,Final Credits (Original Mix),Give Life Back to Music (Original Mix),4A,8A,0.5705,0.8167,,none,0,0
pool-party,17,20,Final Credits (Original Mix),Hit The Ground  (Extended Mix),4A,6A,1.2439,0.5723,,none,0,0
pool-party,17,22,Final Credits (Original Mix),I Remember (Original Mix),4A,10A,0.9587,0.8411,,none,0,0
pool-party,17,24,Final Credits (Original Mix),Illusory (Extended Mix),4A,1A,0.6,0.681,,none,0,0
pool-party,17,25,Final Credits (Original Mix),It's A Memory (Amtrac Remix),4A,2A,0.6962,0.7006,,none,0,0
pool-party,17,29,Final Credits (Original Mix),Just a Bitter Love,4A,6A,0.9025,0.5626,,none,0,0
pool-party,17,32,Final Credits (Original Mix),Love Somebody Else Feat. Joi Cardwell (Original Mix),4A,12B,1.2439,0.6569,,none,0,0
pool-party,17,35,Final Credits (Original Mix),Lying Together,4A,2A,0.9567,0.7235,,none,0,0
pool-party,17,37,Final Credits (Original Mix),Masala (Pablo Fierro Remix),4A,7A,0.5348,0.8967,,none,0,0
pool-party,17,39,Final Credits (Original Mix),Never Sleep Again (Keinemusik Remix),4A,6A,1.1683,0.8352,,none,0,0
pool-party,17,40,Final Credits (Original Mix),Neverender (Extended),4A,11A,1.0233,0.846,,none,0,0
pool-party,17,43,Final Credits (Original Mix),Ocean Drive (Extended Mix),4A,1A,1.3482,0.7042,,none,0,0
pool-party,17,46,Final Credits (Original Mix),Preach The World (Original Mix),4A,12A,0.3021,0.9432,,none,0,0
pool-party,17,47,Final Credits (Original Mix),Promiscuous [AV Edit],4A,3A,1.2439,0.7121,adjacent,harmonic,0.7,1
pool-party,17,54,Final Credits (Original Mix),Slow Down (James Cole Remix),4A,9A,1.4949,0.7255,,none,0,0
pool-party,17,56,Final Credits (Original Mix),Sordid Affair (Maceo Plex Mix),4A,3A,1.1647,0.8377,adjacent,harmonic,0.7,1
pool-party,17,57,Final Credits (Original Mix),Stones Throw (Original Mix),4A,8A,1.2071,0.6592,,none,0,0
pool-party,17,62,Final Credits (Original Mix),The Way You Move (Original Mix),4A,5A,0.7535,0.7647,adjacent,harmonic,0.7,1
pool-party,17,63,Final Credits (Original Mix),There's Never Been (No One Like You)(P's Sunrise Edit),4A,10B,1.3482,0.6017,,none,0,0
pool-party,17,66,Final Credits (Original Mix),Walk The Line (Extended Mix),4A,9A,1.2071,0.6946,,none,0,0
pool-party,17,69,Final Credits (Original Mix),What Can I Do,4A,8A,1.2931,0.6664,,none,0,0
pool-party,17,70,Final Credits (Original Mix),What I Might Do,4A,5A,0.7655,0.8249,adjacent,harmonic,0.7,1
pool-party,17,72,Final Credits (Original Mix),Where the Subtle Meets Infinity (Original Mix),4A,1A,0.5452,0.5928,,none,0,0
pool-party,18,20,Give Life Back to Music (Original Mix),Hit The Ground  (Extended Mix),8A,6A,0.7792,0.602,,none,0,0
pool-party,18,22,Give Life Back to Music (Original Mix),I Remember (Original Mix),8A,10A,1.0063,0.6267,,none,0,0
pool-party,18,24,Give Life Back to Music (Original Mix),Illusory (Extended Mix),8A,1A,0.6252,0.57,,none,0,0
pool-party,18,25,Give Life Back to Music (Original Mix),It's A Memory (Amtrac Remix),8A,2A,0.1506,0.887,,none,0,0
pool-party,18,29,Give Life Back to Music (Original Mix),Just a Bitter Love,8A,6A,0.4428,0.7503,,none,0,0
pool-party,18,32,Give Life Back to Music (Original Mix),Love Somebody Else Feat. Joi Cardwell (Original Mix),8A,12B,0.7792,0.5623,,none,0,0
pool-party,18,35,Give Life Back to Music (Original Mix),Lying Together,8A,2A,0.6006,0.7466,,none,0,0
pool-party,18,37,Give Life Back to Music (Original Mix),Masala (Pablo Fierro Remix),8A,7A,0.6107,0.6505,adjacent,harmonic,0.7,1
pool-party,18,39,Give Life Back to Music (Original Mix),Never Sleep Again (Keinemusik Remix),8A,6A,0.6461,0.5965,,none,0,0
pool-party,18,40,Give Life Back to Music (Original Mix),Neverender (Extended),8A,11A,1.4308,0.7044,,none,0,0
pool-party,18,43,Give Life Back to Music (Original Mix),Ocean Drive (Extended Mix),8A,1A,0.8351,0.5949,,none,0,0
pool-party,18,46,Give Life Back to Music (Original Mix),Preach The World (Original Mix),8A,12A,0.4857,0.7279,,none,0,0
pool-party,18,47,Give Life Back to Music (Original Mix),Promiscuous [AV Edit],8A,3A,0.7792,0.596,,none,0,0
pool-party,18,54,Give Life Back to Music (Original Mix),Slow Down (James Cole Remix),8A,9A,1.1409,0.493,adjacent,harmonic,0.7,1
pool-party,18,56,Give Life Back to Music (Original Mix),Sordid Affair (Maceo Plex Mix),8A,3A,0.6408,0.6038,,none,0,0
pool-party,18,57,Give Life Back to Music (Original Mix),Stones Throw (Original Mix),8A,8A,0.8351,0.5647,same,harmonic,1,1
pool-party,18,62,Give Life Back to Music (Original Mix),The Way You Move (Original Mix),8A,5A,0.646,0.6609,,none,0,0
pool-party,18,63,Give Life Back to Music (Original Mix),There's Never Been (No One Like You)(P's Sunrise Edit),8A,10B,0.8351,0.6341,,none,0,0
pool-party,18,66,Give Life Back to Music (Original Mix),Walk The Line (Extended Mix),8A,9A,0.8351,0.4559,adjacent,harmonic,0.7,1
pool-party,18,69,Give Life Back to Music (Original Mix),What Can I Do,8A,8A,0.8475,0.5599,same,harmonic,1,1
pool-party,18,70,Give Life Back to Music (Original Mix),What I Might Do,8A,5A,0.6152,0.7179,,none,0,0
pool-party,18,72,Give Life Back to Music (Original Mix),Where the Subtle Meets Infinity (Original Mix),8A,1A,0.572,0.5025,,none,0,0
pool-party,20,22,Hit The Ground  (Extended Mix),I Remember (Original Mix),6A,10A,1.1587,0.5065,,none,0,0
pool-party,20,24,Hit The Ground  (Extended Mix),Illusory (Extended Mix),6A,1A,1.0022,0.8312,,none,0,0
pool-party,20,25,Hit The Ground  (Extended Mix),It's A Memory (Amtrac Remix),6A,2A,0.7071,0.6256,,none,0,0
pool-party,20,29,Hit The Ground  (Extended Mix),Just a Bitter Love,6A,6A,0.356,0.7573,same,harmonic,1,1
pool-party,20,32,Hit The Ground  (Extended Mix),Love Somebody Else Feat. Joi Cardwell (Original Mix),6A,12B,0,0.4278,,none,0,0
pool-party,20,35,Hit The Ground  (Extended Mix),Lying Together,6A,2A,1.0815,0.7076,,none,0,0
pool-party,20,37,Hit The Ground  (Extended Mix),Masala (Pablo Fierro Remix),6A,7A,1.0588,0.4168,adjacent,harmonic,0.7,1
pool-party,20,39,Hit The Ground  (Extended Mix),Never Sleep Again (Keinemusik Remix),6A,6A,0.5333,0.5656,same,harmonic,1,1
pool-party,20,40,Hit The Ground  (Extended Mix),Neverender (Extended),6A,11A,2,0.4513,,none,0,0
pool-party,20,43,Hit The Ground  (Extended Mix),Ocean Drive (Extended Mix),6A,1A,0.3003,0.3229,,none,0,0
pool-party,20,46,Hit The Ground  (Extended Mix),Preach The World (Original Mix),6A,12A,1.2195,0.523,,none,0,0
pool-party,20,47,Hit The Ground  (Extended Mix),Promiscuous [AV Edit],6A,3A,0,0.3139,,none,0,0
pool-party,20,54,Hit The Ground  (Extended Mix),Slow Down (James Cole Remix),6A,9A,0.5,0.5534,,none,0,0
pool-party,20,56,Hit The Ground  (Extended Mix),Sordid Affair (Maceo Plex Mix),6A,3A,0.4118,0.515,,none,0,0
pool-party,20,57,Hit The Ground  (Extended Mix),Stones Throw (Original Mix),6A,8A,0.3003,0.409,,none,0,0
pool-party,20,62,Hit The Ground  (Extended Mix),The Way You Move (Original Mix),6A,5A,1.0441,0.368,adjacent,harmonic,0.7,1
pool-party,20,63,Hit The Ground  (Extended Mix),There's Never Been (No One Like You)(P's Sunrise Edit),6A,10B,0.3003,0.9417,,none,0,0
pool-party,20,66,Hit The Ground  (Extended Mix),Walk The Line (Extended Mix),6A,9A,0.3003,0.598,,none,0,0
pool-party,20,69,Hit The Ground  (Extended Mix),What Can I Do,6A,8A,1,0.4991,,none,0,0
pool-party,20,70,Hit The Ground  (Extended Mix),What I Might Do,6A,5A,0.9879,0.3063,adjacent,harmonic,0.7,1
pool-party,20,72,Hit The Ground  (Extended Mix),Where the Subtle Meets Infinity (Original Mix),6A,1A,1,0.9412,,none,0,0
pool-party,22,24,I Remember (Original Mix),Illusory (Extended Mix),10A,1A,0.4082,0.6281,,none,0,0
pool-party,22,25,I Remember (Original Mix),It's A Memory (Amtrac Remix),10A,2A,1.12,0.5972,,none,0,0
pool-party,22,29,I Remember (Original Mix),Just a Bitter Love,10A,6A,0.9386,0.5525,,none,0,0
pool-party,22,32,I Remember (Original Mix),Love Somebody Else Feat. Joi Cardwell (Original Mix),10A,12B,1.1587,0.6995,,none,0,0
pool-party,22,35,I Remember (Original Mix),Lying Together,10A,2A,1.6066,0.5928,,none,0,0
pool-party,22,37,I Remember (Original Mix),Masala (Pablo Fierro Remix),10A,7A,0.4706,0.9315,,none,0,0
pool-party,22,39,I Remember (Original Mix),Never Sleep Again (Keinemusik Remix),10A,6A,1.4591,0.7649,,none,0,0
pool-party,22,40,I Remember (Original Mix),Neverender (Extended),10A,11A,1.0523,0.8599,adjacent,harmonic,0.7,1
pool-party,22,43,I Remember (Original Mix),Ocean Drive (Extended Mix),10A,1A,1.197,0.7588,,none,0,0
pool-party,22,46,I Remember (Original Mix),Preach The World (Original Mix),10A,12A,0.9435,0.8663,,none,0,0
pool-party,22,47,I Remember (Original Mix),Promiscuous [AV Edit],10A,3A,1.1587,0.7602,,none,0,0
pool-party,22,54,I Remember (Original Mix),Slow Down (James Cole Remix),10A,9A,1.0592,0.9131,adjacent,harmonic,0.7,1
pool-party,22,56,I Remember (Original Mix),Sordid Affair (Maceo Plex Mix),10A,3A,1.3783,0.7907,,none,0,0
pool-party,22,57,I Remember (Original Mix),Stones Throw (Original Mix),10A,8A,1.197,0.7013,,none,0,0
pool-party,22,62,I Remember (Original Mix),The Way You Move (Original Mix),10A,5A,0.5613,0.7983,,none,0,0
pool-party,22,63,I Remember (Original Mix),There's Never Been (No One Like You)(P's Sunrise Edit),10A,10B,1.197,0.5364,,none,0,0
pool-party,22,66,I Remember (Original Mix),Walk The Line (Extended Mix),10A,9A,1.197,0.74,adjacent,harmonic,0.7,1
pool-party,22,69,I Remember (Original Mix),What Can I Do,10A,8A,1.8121,0.5596,,none,0,0
pool-party,22,70,I Remember (Original Mix),What I Might Do,10A,5A,0.5705,0.8589,,none,0,0
pool-party,22,72,I Remember (Original Mix),Where the Subtle Meets Infinity (Original Mix),10A,1A,0.4743,0.5223,,none,0,0
pool-party,24,25,Illusory (Extended Mix),It's A Memory (Amtrac Remix),1A,2A,0.7557,0.4568,adjacent,harmonic,0.7,1
pool-party,24,29,Illusory (Extended Mix),Just a Bitter Love,1A,6A,0.6937,0.6118,,none,0,0
pool-party,24,32,Illusory (Extended Mix),Love Somebody Else Feat. Joi Cardwell (Original Mix),1A,12B,1.0022,0.3784,,none,0,0
pool-party,24,35,Illusory (Extended Mix),Lying Together,1A,2A,1.2181,0.6794,adjacent,harmonic,0.7,1
pool-party,24,37,Illusory (Extended Mix),Masala (Pablo Fierro Remix),1A,7A,0.0889,0.5097,,none,0,0
pool-party,24,39,Illusory (Extended Mix),Never Sleep Again (Keinemusik Remix),1A,6A,1.1662,0.6778,,none,0,0
pool-party,24,40,Illusory (Extended Mix),Neverender (Extended),1A,11A,1.0022,0.5519,,none,0,0
pool-party,24,43,Illusory (Extended Mix),Ocean Drive (Extended Mix),1A,1A,1.0462,0.4125,same,harmonic,1,1
pool-party,24,46,Illusory (Extended Mix),Preach The World (Original Mix),1A,12A,0.5516,0.6256,adjacent,harmonic,0.7,1
pool-party,24,47,Illusory (Extended Mix),Promiscuous [AV Edit],1A,3A,1.0022,0.4012,,none,0,0
pool-party,24,54,Illusory (Extended Mix),Slow Down (James Cole Remix),1A,9A,1.0899,0.6863,,none,0,0
pool-party,24,56,Illusory (Extended Mix),Sordid Affair (Maceo Plex Mix),1A,3A,1.1086,0.6184,,none,0,0
pool-party,24,57,Illusory (Extended Mix),Stones Throw (Original Mix),1A,8A,1.0462,0.378,,none,0,0
pool-party,24,62,Illusory (Extended Mix),The Way You Move (Original Mix),1A,5A,0.3076,0.3331,,none,0,0
pool-party,24,63,Illusory (Extended Mix),There's Never Been (No One Like You)(P's Sunrise Edit),1A,10B,1.0462,0.8734,,none,0,0
pool-party,24,66,Illusory (Extended Mix),Walk The Line (Extended Mix),1A,9A,1.0462,0.4779,,none,0,0
pool-party,24,69,Illusory (Extended Mix),What Can I Do,1A,8A,1.4621,0.6112,,none,0,0
pool-party,24,70,Illusory (Extended Mix),What I Might Do,1A,5A,0.3132,0.3914,,none,0,0
pool-party,24,72,Illusory (Extended Mix),Where the Subtle Meets Infinity (Original Mix),1A,1A,0.0667,0.8644,same,harmonic,1,1
pool-party,25,29,It's A Memory (Amtrac Remix),Just a Bitter Love,2A,6A,0.4104,0.8856,,none,0,0
pool-party,25,32,It's A Memory (Amtrac Remix),Love Somebody Else Feat. Joi Cardwell (Original Mix),2A,12B,0.7071,0.6596,,none,0,0
pool-party,25,35,It's A Memory (Amtrac Remix),Lying Together,2A,2A,0.5077,0.7595,same,harmonic,1,1
pool-party,25,37,It's A Memory (Amtrac Remix),Masala (Pablo Fierro Remix),2A,7A,0.7499,0.6203,,none,0,0
pool-party,25,39,It's A Memory (Amtrac Remix),Never Sleep Again (Keinemusik Remix),2A,6A,0.5011,0.5709,,none,0,0
pool-party,25,40,It's A Memory (Amtrac Remix),Neverender (Extended),2A,11A,1.5811,0.6717,,none,0,0
pool-party,25,43,It's A Memory (Amtrac Remix),Ocean Drive (Extended Mix),2A,1A,0.7682,0.5519,adjacent,harmonic,0.7,1
pool-party,25,46,It's A Memory (Amtrac Remix),Preach The World (Original Mix),2A,12A,0.6257,0.7046,,none,0,0
pool-party,25,47,It's A Memory (Amtrac Remix),Promiscuous [AV Edit],2A,3A,0.7071,0.5491,adjacent,harmonic,0.7,1
pool-party,25,54,It's A Memory (Amtrac Remix),Slow Down (James Cole Remix),2A,9A,1.118,0.4576,,none,0,0
pool-party,25,56,It's A Memory (Amtrac Remix),Sordid Affair (Maceo Plex Mix),2A,3A,0.5077,0.569,adjacent,harmonic,0.7,1
pool-party,25,57,It's A Memory (Amtrac Remix),Stones Throw (Original Mix),2A,8A,0.7682,0.5198,,none,0,0
pool-party,25,62,It's A Memory (Amtrac Remix),The Way You Move (Original Mix),2A,5A,0.7682,0.6291,,none,0,0
pool-party,25,63,It's A Memory (Amtrac Remix),There's Never Been (No One Like You)(P's Sunrise Edit),2A,10B,0.7682,0.5364,,none,0,0
pool-party,25,66,It's A Memory (Amtrac Remix),Walk The Line (Extended Mix),2A,9A,0.7682,0.5534,,none,0,0
pool-party,25,69,It's A Memory (Amtrac Remix),What Can I Do,2A,8A,0.7071,0.5596,,none,0,0
pool-party,25,70,It's A Memory (Amtrac Remix),What I Might Do,2A,5A,0.7313,0.681,,none,0,0
pool-party,25,72,It's A Memory (Amtrac Remix),Where the Subtle Meets Infinity (Original Mix),2A,1A,0.7071,0.5223,adjacent,harmonic,0.7,1
pool-party,29,32,Just a Bitter Love,Love Somebody Else Feat. Joi Cardwell (Original Mix),6A,12B,0.356,0.4934,,none,0,0
pool-party,29,35,Just a Bitter Love,Lying Together,6A,2A,0.8785,0.7808,,none,0,0
pool-party,29,37,Just a Bitter Love,Masala (Pablo Fierro Remix),6A,7A,0.7362,0.4533,adjacent,harmonic,0.7,1
pool-party,29,39,Just a Bitter Love,Never Sleep Again (Keinemusik Remix),6A,6A,0.5271,0.4709,same,harmonic,1,1
pool-party,29,40,Just a Bitter Love,Neverender (Extended),6A,11A,1.6713,0.4908,,none,0,0
pool-party,29,43,Just a Bitter Love,Ocean Drive (Extended Mix),6A,1A,0.4657,0.3797,,none,0,0
pool-party,29,46,Just a Bitter Love,Preach The World (Original Mix),6A,12A,0.8638,0.562,,none,0,0
pool-party,29,47,Just a Bitter Love,Promiscuous [AV Edit],6A,3A,0.356,0.3762,,none,0,0
pool-party,29,54,Just a Bitter Love,Slow Down (James Cole Remix),6A,9A,0.7083,0.4496,,none,0,0
pool-party,29,56,Just a Bitter Love,Sordid Affair (Maceo Plex Mix),6A,3A,0.4397,0.4234,,none,0,0
pool-party,29,57,Just a Bitter Love,Stones Throw (Original Mix),6A,8A,0.4657,0.355,,none,0,0
pool-party,29,62,Just a Bitter Love,The Way You Move (Original Mix),6A,5A,0.7418,0.4518,adjacent,harmonic,0.7,1
pool-party,29,63,Just a Bitter Love,There's Never Been (No One Like You)(P's Sunrise Edit),6A,10B,0.4657,0.6743,,none,0,0
pool-party,29,66,Just a Bitter Love,Walk The Line (Extended Mix),6A,9A,0.4657,0.4099,,none,0,0
pool-party,29,69,Just a Bitter Love,What Can I Do,6A,8A,0.9363,0.5909,,none,0,0
pool-party,29,70,Just a Bitter Love,What I Might Do,6A,5A,0.6894,0.5005,adjacent,harmonic,0.7,1
pool-party,29,72,Just a Bitter Love,Where the Subtle Meets Infinity (Original Mix),6A,1A,0.6783,0.6499,,none,0,0
pool-party,32,35,Love Somebody Else Feat. Joi Cardwell (Original Mix),Lying Together,12B,2A,1.0815,0.3274,,none,0,0
pool-party,32,37,Love Somebody Else Feat. Joi Cardwell (Original Mix),Masala (Pablo Fierro Remix),12B,7A,1.0588,0.7255,,none,0,0
pool-party,32,39,Love Somebody Else Feat. Joi Cardwell (Original Mix),Never Sleep Again (Keinemusik Remix),12B,6A,0.5333,0.7266,,none,0,0
pool-party,32,40,Love Somebody Else Feat. Joi Cardwell (Original Mix),Neverender (Extended),12B,11A,2,0.6007,,none,0,0
pool-party,32,43,Love Somebody Else Feat. Joi Cardwell (Original Mix),Ocean Drive (Extended Mix),12B,1A,0.3003,0.9115,,none,0,0
pool-party,32,46,Love Somebody Else Feat. Joi Cardwell (Original Mix),Preach The World (Original Mix),12B,12A,1.2195,0.6548,,none,0,0
pool-party,32,47,Love Somebody Else Feat. Joi Cardwell (Original Mix),Promiscuous [AV Edit],12B,3A,0,0.9175,,none,0,0
pool-party,32,54,Love Somebody Else Feat. Joi Cardwell (Original Mix),Slow Down (James Cole Remix),12B,9A,0.5,0.7618,,none,0,0
pool-party,32,56,Love Somebody Else Feat. Joi Cardwell (Original Mix),Sordid Affair (Maceo Plex Mix),12B,3A,0.4118,0.7717,,none,0,0
pool-party,32,57,Love Somebody Else Feat. Joi Cardwell (Original Mix),Stones Throw (Original Mix),12B,8A,0.3003,0.8461,,none,0,0
pool-party,32,62,Love Somebody Else Feat. Joi Cardwell (Original Mix),The Way You Move (Original Mix),12B,5A,1.0441,0.7587,,none,0,0
pool-party,32,63,Love Somebody Else Feat. Joi Cardwell (Original Mix),There's Never Been (No One Like You)(P's Sunrise Edit),12B,10B,0.3003,0.3217,,none,0,0
pool-party,32,66,Love Somebody Else Feat. Joi Cardwell (Original Mix),Walk The Line (Extended Mix),12B,9A,0.3003,0.8591,,none,0,0
pool-party,32,69,Love Somebody Else Feat. Joi Cardwell (Original Mix),What Can I Do,12B,8A,1,0.6675,,none,0,0
pool-party,32,70,Love Somebody Else Feat. Joi Cardwell (Original Mix),What I Might Do,12B,5A,0.9879,0.8457,,none,0,0
pool-party,32,72,Love Somebody Else Feat. Joi Cardwell (Original Mix),Where the Subtle Meets Infinity (Original Mix),12B,1A,1,0.4545,,none,0,0
pool-party,35,37,Lying Together,Masala (Pablo Fierro Remix),2A,7A,1.1911,0.6393,,none,0,0
pool-party,35,39,Lying Together,Never Sleep Again (Keinemusik Remix),2A,6A,0.6224,0.6825,,none,0,0
pool-party,35,40,Lying Together,Neverender (Extended),2A,11A,1.8768,0.6923,,none,0,0
pool-party,35,43,Lying Together,Ocean Drive (Extended Mix),2A,1A,1.1224,0.3569,adjacent,harmonic,0.7,1
pool-party,35,46,Lying Together,Preach The World (Original Mix),2A,12A,0.8882,0.7791,,none,0,0
pool-party,35,47,Lying Together,Promiscuous [AV Edit],2A,3A,1.0815,0.347,adjacent,harmonic,0.7,1
pool-party,35,54,Lying Together,Slow Down (James Cole Remix),2A,9A,1.5555,0.4858,,none,0,0
pool-party,35,56,Lying Together,Sordid Affair (Maceo Plex Mix),2A,3A,0.718,0.6188,adjacent,harmonic,0.7,1
pool-party,35,57,Lying Together,Stones Throw (Original Mix),2A,8A,1.1224,0.327,,none,0,0
pool-party,35,62,Lying Together,The Way You Move (Original Mix),2A,5A,1.1984,0.4407,,none,0,0
pool-party,35,63,Lying Together,There's Never Been (No One Like You)(P's Sunrise Edit),2A,10B,1.1224,0.7438,,none,0,0
pool-party,35,66,Lying Together,Walk The Line (Extended Mix),2A,9A,1.1224,0.4522,,none,0,0
pool-party,35,69,Lying Together,What Can I Do,2A,8A,0.4118,0.5977,,none,0,0
pool-party,35,70,Lying Together,What I Might Do,2A,5A,1.1707,0.4812,,none,0,0
pool-party,35,72,Lying Together,Where the Subtle Meets Infinity (Original Mix),2A,1A,1.1602,0.5852,adjacent,harmonic,0.7,1
pool-party,37,39,Masala (Pablo Fierro Remix),Never Sleep Again (Keinemusik Remix),7A,6A,1.1856,0.8216,adjacent,harmonic,0.7,1
pool-party,37,40,Masala (Pablo Fierro Remix),Neverender (Extended),7A,11A,0.9412,0.9235,,none,0,0
pool-party,37,43,Masala (Pablo Fierro Remix),Ocean Drive (Extended Mix),7A,1A,1.1006,0.7908,,none,0,0
pool-party,37,46,Masala (Pablo Fierro Remix),Preach The World (Original Mix),7A,12A,0.4752,0.9321,,none,0,0
pool-party,37,47,Masala (Pablo Fierro Remix),Promiscuous [AV Edit],7A,3A,1.0588,0.7891,,none,0,0
pool-party,37,54,Masala (Pablo Fierro Remix),Slow Down (James Cole Remix),7A,9A,1.1709,0.8255,,none,0,0
pool-party,37,56,Masala (Pablo Fierro Remix),Sordid Affair (Maceo Plex Mix),7A,3A,1.1361,0.8491,,none,0,0
pool-party,37,57,Masala (Pablo Fierro Remix),Stones Throw (Original Mix),7A,8A,1.1006,0.7272,adjacent,harmonic,0.7,1
pool-party,37,62,Masala (Pablo Fierro Remix),The Way You Move (Original Mix),7A,5A,0.306,0.8373,,none,0,0
pool-party,37,63,Masala (Pablo Fierro Remix),There's Never Been (No One Like You)(P's Sunrise Edit),7A,10B,1.1006,0.4453,,none,0,0
pool-party,37,66,Masala (Pablo Fierro Remix),Walk The Line (Extended Mix),7A,9A,1.1006,0.7948,,none,0,0
pool-party,37,69,Masala (Pablo Fierro Remix),What Can I Do,7A,8A,1.4564,0.5754,adjacent,harmonic,0.7,1
pool-party,37,70,Masala (Pablo Fierro Remix),What I Might Do,7A,5A,0.3225,0.8967,,none,0,0
pool-party,37,72,Masala (Pablo Fierro Remix),Where the Subtle Meets Infinity (Original Mix),7A,1A,0.0588,0.4238,,none,0,0
pool-party,39,40,Never Sleep Again (Keinemusik Remix),Neverender (Extended),6A,11A,2.0699,0.7034,,none,0,0
pool-party,39,43,Never Sleep Again (Keinemusik Remix),Ocean Drive (Extended Mix),6A,1A,0.6121,0.796,,none,0,0
pool-party,39,46,Never Sleep Again (Keinemusik Remix),Preach The World (Original Mix),6A,12A,1.1267,0.9062,,none,0,0
pool-party,39,47,Never Sleep Again (Keinemusik Remix),Promiscuous [AV Edit],6A,3A,0.5333,0.7937,,none,0,0
pool-party,39,54,Never Sleep Again (Keinemusik Remix),Slow Down (James Cole Remix),6A,9A,1.0333,0.8406,,none,0,0
pool-party,39,56,Never Sleep Again (Keinemusik Remix),Sordid Affair (Maceo Plex Mix),6A,3A,0.1216,0.9892,,none,0,0
pool-party,39,57,Never Sleep Again (Keinemusik Remix),Stones Throw (Original Mix),6A,8A,0.6121,0.7278,,none,0,0
pool-party,39,62,Never Sleep Again (Keinemusik Remix),The Way You Move (Original Mix),6A,5A,1.1724,0.6587,adjacent,harmonic,0.7,1
pool-party,39,63,Never Sleep Again (Keinemusik Remix),There's Never Been (No One Like You)(P's Sunrise Edit),6A,10B,0.6121,0.599,,none,0,0
pool-party,39,66,Never Sleep Again (Keinemusik Remix),Walk The Line (Extended Mix),6A,9A,0.6121,0.8048,,none,0,0
pool-party,39,69,Never Sleep Again (Keinemusik Remix),What Can I Do,6A,8A,0.4667,0.8219,,none,0,0
pool-party,39,70,Never Sleep Again (Keinemusik Remix),What I Might Do,6A,5A,1.1227,0.7313,adjacent,harmonic,0.7,1
pool-party,39,72,Never Sleep Again (Keinemusik Remix),Where the Subtle Meets Infinity (Original Mix),6A,1A,1.1333,0.5812,,none,0,0
pool-party,40,43,Neverender (Extended),Ocean Drive (Extended Mix),11A,1A,2.0224,0.643,,none,0,0
pool-party,40,46,Neverender (Extended),Preach The World (Original Mix),11A,12A,0.9935,0.8797,adjacent,harmonic,0.7,1
pool-party,40,47,Neverender (Extended),Promiscuous [AV Edit],11A,3A,2,0.6368,,none,0,0
pool-party,40,54,Neverender (Extended),Slow Down (James Cole Remix),11A,9A,2.0616,0.711,,none,0,0
pool-party,40,56,Neverender (Extended),Sordid Affair (Maceo Plex Mix),11A,3A,2.0419,0.7254,,none,0,0
pool-party,40,57,Neverender (Extended),Stones Throw (Original Mix),11A,8A,2.0224,0.6028,,none,0,0
pool-party,40,62,Neverender (Extended),The Way You Move (Original Mix),11A,5A,1.0441,0.7344,,none,0,0
pool-party,40,63,Neverender (Extended),There's Never Been (No One Like You)(P's Sunrise Edit),11A,10B,2.0224,0.4821,,none,0,0
pool-party,40,66,Neverender (Extended),Walk The Line (Extended Mix),11A,9A,2.0224,0.6856,,none,0,0
pool-party,40,69,Neverender (Extended),What Can I Do,11A,8A,2.2361,0.4153,,none,0,0
pool-party,40,70,Neverender (Extended),What I Might Do,11A,5A,1.1006,0.7898,,none,0,0
pool-party,40,72,Neverender (Extended),Where the Subtle Meets Infinity (Original Mix),11A,1A,1,0.4589,,none,0,0
pool-party,43,46,Ocean Drive (Extended Mix),Preach The World (Original Mix),1A,12A,1.2559,0.7125,adjacent,harmonic,0.7,1
pool-party,43,47,Ocean Drive (Extended Mix),Promiscuous [AV Edit],1A,3A,0.3003,0.9932,,none,0,0
pool-party,43,54,Ocean Drive (Extended Mix),Slow Down (James Cole Remix),1A,9A,0.5832,0.8291,,none,0,0
pool-party,43,56,Ocean Drive (Extended Mix),Sordid Affair (Maceo Plex Mix),1A,3A,0.5096,0.8427,,none,0,0
pool-party,43,57,Ocean Drive (Extended Mix),Stones Throw (Original Mix),1A,8A,0.6006,0.9132,,none,0,0
pool-party,43,62,Ocean Drive (Extended Mix),The Way You Move (Original Mix),1A,5A,1,0.831,,none,0,0
pool-party,43,63,Ocean Drive (Extended Mix),There's Never Been (No One Like You)(P's Sunrise Edit),1A,10B,0,0.3542,,none,0,0
pool-party,43,66,Ocean Drive (Extended Mix),Walk The Line (Extended Mix),1A,9A,0.6006,0.7724,,none,0,0
pool-party,43,69,Ocean Drive (Extended Mix),What Can I Do,1A,8A,1.0441,0.7419,,none,0,0
pool-party,43,70,Ocean Drive (Extended Mix),What I Might Do,1A,5A,0.9412,0.918,,none,0,0
pool-party,43,72,Ocean Drive (Extended Mix),Where the Subtle Meets Infinity (Original Mix),1A,1A,1.0441,0.343,same,harmonic,1,1
pool-party,46,47,Preach The World (Original Mix),Promiscuous [AV Edit],12A,3A,1.2195,0.7105,,none,0,0
pool-party,46,54,Preach The World (Original Mix),Slow Down (James Cole Remix),12A,9A,1.4858,0.7655,,none,0,0
pool-party,46,56,Preach The World (Original Mix),Sordid Affair (Maceo Plex Mix),12A,3A,1.1265,0.9042,,none,0,0
pool-party,46,57,Preach The World (Original Mix),Stones Throw (Original Mix),12A,8A,1.2559,0.6564,,none,0,0
pool-party,46,62,Preach The World (Original Mix),The Way You Move (Original Mix),12A,5A,0.5721,0.7602,,none,0,0
pool-party,46,63,Preach The World (Original Mix),There's Never Been (No One Like You)(P's Sunrise Edit),12A,10B,1.2559,0.5534,,none,0,0
pool-party,46,66,Preach The World (Original Mix),Walk The Line (Extended Mix),12A,9A,1.2559,0.7392,,none,0,0
pool-party,46,69,Preach The World (Original Mix),What Can I Do,12A,8A,1.2433,0.6911,,none,0,0
pool-party,46,70,Preach The World (Original Mix),What I Might Do,12A,5A,0.5877,0.8144,,none,0,0
pool-party,46,72,Preach The World (Original Mix),Where the Subtle Meets Infinity (Original Mix),12A,1A,0.4869,0.536,adjacent,harmonic,0.7,1
pool-party,47,54,Promiscuous [AV Edit],Slow Down (James Cole Remix),3A,9A,0.5,0.8306,,none,0,0
pool-party,47,56,Promiscuous [AV Edit],Sordid Affair (Maceo Plex Mix),3A,3A,0.4118,0.8425,same,harmonic,1,1
pool-party,47,57,Promiscuous [AV Edit],Stones Throw (Original Mix),3A,8A,0.3003,0.9202,,none,0,0
pool-party,47,62,Promiscuous [AV Edit],The Way You Move (Original Mix),3A,5A,1.0441,0.826,,none,0,0
pool-party,47,63,Promiscuous [AV Edit],There's Never Been (No One Like You)(P's Sunrise Edit),3A,10B,0.3003,0.341,,none,0,0
pool-party,47,66,Promiscuous [AV Edit],Walk The Line (Extended Mix),3A,9A,0.3003,0.7756,,none,0,0
pool-party,47,69,Promiscuous [AV Edit],What Can I Do,3A,8A,1,0.7338,,none,0,0
pool-party,47,70,Promiscuous [AV Edit],What I Might Do,3A,5A,0.9879,0.9193,,none,0,0
pool-party,47,72,Promiscuous [AV Edit],Where the Subtle Meets Infinity (Original Mix),3A,1A,1,0.3336,,none,0,0
pool-party,54,56,Slow Down (James Cole Remix),Sordid Affair (Maceo Plex Mix),9A,3A,0.9118,0.8639,,none,0,0
pool-party,54,57,Slow Down (James Cole Remix),Stones Throw (Original Mix),9A,8A,0.5832,0.7636,adjacent,harmonic,0.7,1
pool-party,54,62,Slow Down (James Cole Remix),The Way You Move (Original Mix),9A,5A,1.1577,0.6874,,none,0,0
pool-party,54,63,Slow Down (James Cole Remix),There's Never Been (No One Like You)(P's Sunrise Edit),9A,10B,0.5832,0.5861,,none,0,0
pool-party,54,66,Slow Down (James Cole Remix),Walk The Line (Extended Mix),9A,9A,0.5832,0.8085,same,harmonic,1,1
pool-party,54,69,Slow Down (James Cole Remix),What Can I Do,9A,8A,1.5,0.6359,adjacent,harmonic,0.7,1
pool-party,54,70,Slow Down (James Cole Remix),What I Might Do,9A,5A,1.1072,0.7654,,none,0,0
pool-party,54,72,Slow Down (James Cole Remix),Where the Subtle Meets Infinity (Original Mix),9A,1A,1.118,0.5707,,none,0,0
pool-party,56,57,Sordid Affair (Maceo Plex Mix),Stones Throw (Original Mix),3A,8A,0.5096,0.7736,,none,0,0
pool-party,56,62,Sordid Affair (Maceo Plex Mix),The Way You Move (Original Mix),3A,5A,1.1224,0.7019,,none,0,0
pool-party,56,63,Sordid Affair (Maceo Plex Mix),There's Never Been (No One Like You)(P's Sunrise Edit),3A,10B,0.5096,0.5459,,none,0,0
pool-party,56,66,Sordid Affair (Maceo Plex Mix),Walk The Line (Extended Mix),3A,9A,0.5096,0.8337,,none,0,0
pool-party,56,69,Sordid Affair (Maceo Plex Mix),What Can I Do,3A,8A,0.5882,0.771,,none,0,0
pool-party,56,70,Sordid Affair (Maceo Plex Mix),What I Might Do,3A,5A,1.0703,0.7743,,none,0,0
pool-party,56,72,Sordid Affair (Maceo Plex Mix),Where the Subtle Meets Infinity (Original Mix),3A,1A,1.0815,0.5287,,none,0,0
pool-party,57,62,Stones Throw (Original Mix),The Way You Move (Original Mix),8A,5A,1.1665,0.9036,,none,0,0
pool-party,57,63,Stones Throw (Original Mix),There's Never Been (No One Like You)(P's Sunrise Edit),8A,10B,0.6006,0.4541,,none,0,0
pool-party,57,66,Stones Throw (Original Mix),Walk The Line (Extended Mix),8A,9A,0,0.8221,adjacent,harmonic,0.7,1
pool-party,57,69,Stones Throw (Original Mix),What Can I Do,8A,8A,1.0441,0.6667,same,harmonic,1,1
pool-party,57,70,Stones Throw (Original Mix),What I Might Do,8A,5A,1.1165,0.8479,,none,0,0
pool-party,57,72,Stones Throw (Original Mix),Where the Subtle Meets Infinity (Original Mix),8A,1A,1.0441,0.4518,,none,0,0
pool-party,62,63,The Way You Move (Original Mix),There's Never Been (No One Like You)(P's Sunrise Edit),5A,10B,1,0.4121,,none,0,0
pool-party,62,66,The Way You Move (Original Mix),Walk The Line (Extended Mix),5A,9A,1.1665,0.7466,,none,0,0
pool-party,62,69,The Way You Move (Original Mix),What Can I Do,5A,8A,1.4457,0.599,,none,0,0
pool-party,62,70,The Way You Move (Original Mix),What I Might Do,5A,5A,0.0588,0.9242,same,harmonic,1,1
pool-party,62,72,The Way You Move (Original Mix),Where the Subtle Meets Infinity (Original Mix),5A,1A,0.3003,0.4073,,none,0,0
pool-party,63,66,There's Never Been (No One Like You)(P's Sunrise Edit),Walk The Line (Extended Mix),10B,9A,0.6006,0.5131,,none,0,0
pool-party,63,69,There's Never Been (No One Like You)(P's Sunrise Edit),What Can I Do,10B,8A,1.0441,0.535,,none,0,0
pool-party,63,70,There's Never Been (No One Like You)(P's Sunrise Edit),What I Might Do,10B,5A,0.9412,0.3338,,none,0,0
pool-party,63,72,There's Never Been (No One Like You)(P's Sunrise Edit),Where the Subtle Meets Infinity (Original Mix),10B,1A,1.0441,0.8776,,none,0,0
pool-party,66,69,Walk The Line (Extended Mix),What Can I Do,9A,8A,1.0441,0.562,adjacent,harmonic,0.7,1
pool-party,66,70,Walk The Line (Extended Mix),What I Might Do,9A,5A,1.1165,0.7124,,none,0,0
pool-party,66,72,Walk The Line (Extended Mix),Where the Subtle Meets Infinity (Original Mix),9A,1A,1.0441,0.6292,,none,0,0
pool-party,69,70,What Can I Do,What I Might Do,8A,5A,1.4057,0.6783,,none,0,0
pool-party,69,72,What Can I Do,Where the Subtle Meets Infinity (Original Mix),8A,1A,1.4142,0.5303,,none,0,0
pool-party,70,72,What I Might Do,Where the Subtle Meets Infinity (Original Mix),5A,1A,0.306,0.3255,,none,0,0
festival-brunch,3,8,Boiling (feat. Sinead Harnett),DJs Gotta Dance More feat. Todd Terry (Extended),11A,10A,1.5073,0.7415,adjacent,harmonic,0.7,1
festival-brunch,3,20,Boiling (feat. Sinead Harnett),Hit The Ground  (Extended Mix),11A,6A,0.3037,0.8165,,none,0,0
festival-brunch,3,57,Boiling (feat. Sinead Harnett),Stones Throw (Original Mix),11A,8A,0.3037,0.6016,,none,0,0
festival-brunch,3,62,Boiling (feat. Sinead Harnett),The Way You Move (Original Mix),11A,5A,1.2057,0.5414,,none,0,0
festival-brunch,3,63,Boiling (feat. Sinead Harnett),There's Never Been (No One Like You)(P's Sunrise Edit),11A,10B,0.6023,0.8677,,none,0,0
festival-brunch,3,66,Boiling (feat. Sinead Harnett),Walk The Line (Extended Mix),11A,9A,0.0455,0.4898,,none,0,0
festival-brunch,3,72,Boiling (feat. Sinead Harnett),Where the Subtle Meets Infinity (Original Mix),11A,1A,1.2057,0.7494,,none,0,0
festival-brunch,8,20,DJs Gotta Dance More feat. Todd Terry (Extended),Hit The Ground  (Extended Mix),10A,6A,1.4457,0.7975,,none,0,0
festival-brunch,8,57,DJs Gotta Dance More feat. Todd Terry (Extended),Stones Throw (Original Mix),10A,8A,1.4457,0.5244,,none,0,0
festival-brunch,8,62,DJs Gotta Dance More feat. Todd Terry (Extended),The Way You Move (Original Mix),10A,5A,2.2361,0.4688,,none,0,0
festival-brunch,8,63,DJs Gotta Dance More feat. Todd Terry (Extended),There's Never Been (No One Like You)(P's Sunrise Edit),10A,10B,1.4142,0.7201,,none,0,0
festival-brunch,8,66,DJs Gotta Dance More feat. Todd Terry (Extended),Walk The Line (Extended Mix),10A,9A,1.5365,0.5497,adjacent,harmonic,0.7,1
festival-brunch,8,72,DJs Gotta Dance More feat. Todd Terry (Extended),Where the Subtle Meets Infinity (Original Mix),10A,1A,2.2361,0.7263,,none,0,0
festival-brunch,20,57,Hit The Ground  (Extended Mix),Stones Throw (Original Mix),6A,8A,0,0.409,,none,0,0
festival-brunch,20,62,Hit The Ground  (Extended Mix),The Way You Move (Original Mix),6A,5A,1.0441,0.368,adjacent,harmonic,0.7,1
festival-brunch,20,63,Hit The Ground  (Extended Mix),There's Never Been (No One Like You)(P's Sunrise Edit),6A,10B,0.3003,0.9417,,none,0,0
festival-brunch,20,66,Hit The Ground  (Extended Mix),Walk The Line (Extended Mix),6A,9A,0.3003,0.598,,none,0,0
festival-brunch,20,72,Hit The Ground  (Extended Mix),Where the Subtle Meets Infinity (Original Mix),6A,1A,1.0441,0.9412,,none,0,0
festival-brunch,57,62,Stones Throw (Original Mix),The Way You Move (Original Mix),8A,5A,1.0441,0.9036,,none,0,0
festival-brunch,57,63,Stones Throw (Original Mix),There's Never Been (No One Like You)(P's Sunrise Edit),8A,10B,0.3003,0.4541,,none,0,0
festival-brunch,57,66,Stones Throw (Original Mix),Walk The Line (Extended Mix),8A,9A,0.3003,0.8221,adjacent,harmonic,0.7,1
festival-brunch,57,72,Stones Throw (Original Mix),Where the Subtle Meets Infinity (Original Mix),8A,1A,1.0441,0.4518,,none,0,0
festival-brunch,62,63,The Way You Move (Original Mix),There's Never Been (No One Like You)(P's Sunrise Edit),5A,10B,1,0.4121,,none,0,0
festival-brunch,62,66,The Way You Move (Original Mix),Walk The Line (Extended Mix),5A,9A,1.1665,0.7466,,none,0,0
festival-brunch,62,72,The Way You Move (Original Mix),Where the Subtle Meets Infinity (Original Mix),5A,1A,0,0.4073,,none,0,0
festival-brunch,63,66,There's Never Been (No One Like You)(P's Sunrise Edit),Walk The Line (Extended Mix),10B,9A,0.6006,0.5131,,none,0,0
festival-brunch,63,72,There's Never Been (No One Like You)(P's Sunrise Edit),Where the Subtle Meets Infinity (Original Mix),10B,1A,1,0.8776,,none,0,0
festival-brunch,66,72,Walk The Line (Extended Mix),Where the Subtle Meets Infinity (Original Mix),9A,1A,1.1665,0.6292,,none,0,0
afterglow,1,2,All In A Dream feat. DJ Tennis feat. Joseph Ashworth (Extended Mix),Ayo for Yayo (feat. San Quinn),7A,10A,1.8028,0.2586,,none,0,0
afterglow,1,3,All In A Dream feat. DJ Tennis feat. Joseph Ashworth (Extended Mix),Boiling (feat. Sinead Harnett),7A,11A,1.0451,0.616,,none,0,0
afterglow,1,4,All In A Dream feat. DJ Tennis feat. Joseph Ashworth (Extended Mix),Bye Bye Les Fraises feat. Sashe (Heinrichs & Hirtenfellner Remix),7A,3A,1.0022,0.7637,,none,0,0
afterglow,1,5,All In A Dream feat. DJ Tennis feat. Joseph Ashworth (Extended Mix),Calling Out Your Name (Original Mix),7A,1A,0,0.8632,,none,0,0
afterglow,1,6,All In A Dream feat. DJ Tennis feat. Joseph Ashworth (Extended Mix),Can't Do Without You (Tale Of Us & Mano Le Tough Remix),7A,8A,1,0.7377,adjacent,harmonic,0.7,1
afterglow,1,7,All In A Dream feat. DJ Tennis feat. Joseph Ashworth (Extended Mix),Deep in the Bottom (of Africa),7A,5A,1.5754,0.3942,,none,0,0
afterglow,1,8,All In A Dream feat. DJ Tennis feat. Joseph Ashworth (Extended Mix),DJs Gotta Dance More feat. Todd Terry (Extended),7A,10A,1.0441,0.6921,,none,0,0
afterglow,1,9,All In A Dream feat. DJ Tennis feat. Joseph Ashworth (Extended Mix),Dolores,7A,10A,0.943,0.8519,,none,0,0
afterglow,1,10,All In A Dream feat. DJ Tennis feat. Joseph Ashworth (Extended Mix),Don’t Turn It Off feat. Qzen (Session Victim Extended Remix),7A,8A,1.1577,0.6487,adjacent,harmonic,0.7,1
afterglow,1,11,All In A Dream feat. DJ Tennis feat. Joseph Ashworth (Extended Mix),Equal Responsibility (Betoko Remix),7A,12A,1,0.8438,,none,0,0
afterglow,1,12,All In A Dream feat. DJ Tennis feat. Joseph Ashworth (Extended Mix),Escape feat. Hayla (Extended Mix),7A,8A,1.5754,0.2016,adjacent,harmonic,0.7,1
afterglow,1,13,All In A Dream feat. DJ Tennis feat. Joseph Ashworth (Extended Mix),Feel Good (feat. Charlotte Cardin) [Remix] (feat. Charlotte Cardin),7A,11A,1.1665,0.4126,,none,0,0
afterglow,1,14,All In A Dream feat. DJ Tennis feat. Joseph Ashworth (Extended Mix),Feel The Fire (Journeyman Remix),7A,7A,1.0799,0.7053,same,harmonic,1,1
afterglow,1,15,All In A Dream feat. DJ Tennis feat. Joseph Ashworth (Extended Mix),Feel The Game (Extended Remix),7A,1A,1.1665,0.7746,,none,0,0
afterglow,1,16,All In A Dream feat. DJ Tennis feat. Joseph Ashworth (Extended Mix),Fifty Ways To Love Your Liver (Original Mix),7A,8A,1.4057,0.3675,adjacent,harmonic,0.7,1
afterglow,1,17,All In A Dream feat. DJ Tennis feat. Joseph Ashworth (Extended Mix),Final Credits (Original Mix),7A,4A,1.2578,0.579,,none,0,0
afterglow,1,18,All In A Dream feat. DJ Tennis feat. Joseph Ashworth (Extended Mix),Give Life Back to Music (Original Mix),7A,8A,0.8475,0.6137,adjacent,harmonic,0.7,1
afterglow,1,19,All In A Dream feat. DJ Tennis feat. Joseph Ashworth (Extended Mix),Gooey (Original Mix),7A,10A,0.3253,0.8281,,none,0,0
afterglow,1,20,All In A Dream feat. DJ Tennis feat. Joseph Ashworth (Extended Mix),Hit The Ground  (Extended Mix),7A,6A,1.1665,0.8281,adjacent,harmonic,0.7,1
afterglow,1,21,All In A Dream feat. DJ Tennis feat. Joseph Ashworth (Extended Mix),Houdini (Adam Port Mix),7A,6A,1.1665,0.4355,adjacent,harmonic,0.7,1
afterglow,1,22,All In A Dream feat. DJ Tennis feat. Joseph Ashworth (Extended Mix),I Remember (Original Mix),7A,10A,1.8368,0.3364,,none,0,0
afterglow,1,23,All In A Dream feat. DJ Tennis feat. Joseph Ashworth (Extended Mix),I Won't Fade Away feat. Alice Russell (Original Mix),7A,9A,1.4749,0.4471,,none,0,0
afterglow,1,24,All In A Dream feat. DJ Tennis feat. Joseph Ashworth (Extended Mix),Illusory (Extended Mix),7A,1A,1.5807,0.6639,,none,0,0
afterglow,1,25,All In A Dream feat. DJ Tennis feat. Joseph Ashworth (Extended Mix),It's A Memory (Amtrac Remix),7A,2A,0.7682,0.6335,,none,0,0
afterglow,1,26,All In A Dream feat. DJ Tennis feat. Joseph Ashworth (Extended Mix),It's Not Enough feat. Janai (Original Mix),7A,4A,1.0441,0.9278,,none,0,0
afterglow,1,27,All In A Dream feat. DJ Tennis feat. Joseph Ashworth (Extended Mix),It's Not Right (Original Mix),7A,5A,0.6315,0.5532,,none,0,0
afterglow,1,28,All In A Dream feat. DJ Tennis feat. Joseph Ashworth (Extended Mix),Izolo feat. Khonaye (Lost Desert & Lee Burridge Remix),7A,9A,1.1665,0.9232,,none,0,0
afterglow,1,29,All In A Dream feat. DJ Tennis feat. Joseph Ashworth (Extended Mix),Just a Bitter Love,7A,6A,0.9363,0.6749,adjacent,harmonic,0.7,1
afterglow,1,30,All In A Dream feat. DJ Tennis feat. Joseph Ashworth (Extended Mix),Latch (Jamie Jones Remix),7A,4B,1.5009,0.2506,,none,0,0
afterglow,1,31,All In A Dream feat. DJ Tennis feat. Joseph Ashworth (Extended Mix),Lost,7A,6A,1.1224,0.6335,adjacent,harmonic,0.7,1
afterglow,1,32,All In A Dream feat. DJ Tennis feat. Joseph Ashworth (Extended Mix),Love Somebody Else Feat. Joi Cardwell (Original Mix),7A,12B,1,0.3957,,none,0,0
afterglow,1,33,All In A Dream feat. DJ Tennis feat. Joseph Ashworth (Extended Mix),Love Song (Original Mix),7A,8A,1.0441,0.8431,adjacent,harmonic,0.7,1
afterglow,1,34,All In A Dream feat. DJ Tennis feat. Joseph Ashworth (Extended Mix),Lucky Shot (Original Mix),7A,7A,0.7494,0.6572,same,harmonic,1,1
afterglow,1,35,All In A Dream feat. DJ Tennis feat. Joseph Ashworth (Extended Mix),Lying Together,7A,2A,0.7282,0.7,,none,0,0
afterglow,1,36,All In A Dream feat. DJ Tennis feat. Joseph Ashworth (Extended Mix),Marijuana (Original Mix),7A,1A,1.0441,0.4289,,none,0,0
afterglow,1,37,All In A Dream feat. DJ Tennis feat. Joseph Ashworth (Extended Mix),Masala (Pablo Fierro Remix),7A,7A,1.5754,0.3556,same,harmonic,1,1
afterglow,1,38,All In A Dream feat. DJ Tennis feat. Joseph Ashworth (Extended Mix),Midas feat. Holly Walker (Ben Pearce Re-Edit),7A,8A,1.5754,0.6143,adjacent,harmonic,0.7,1
afterglow,1,39,All In A Dream feat. DJ Tennis feat. Joseph Ashworth (Extended Mix),Never Sleep Again (Keinemusik Remix),7A,6A,0.7606,0.525,adjacent,harmonic,0.7,1
afterglow,1,40,All In A Dream feat. DJ Tennis feat. Joseph Ashworth (Extended Mix),Neverender (Extended),7A,11A,2.3153,0.3851,,none,0,0
afterglow,1,41,All In A Dream feat. DJ Tennis feat. Joseph Ashworth (Extended Mix),Night Blooming Jasmine (Original Mix),7A,4A,1.0441,0.5431,,none,0,0
afterglow,1,42,All In A Dream feat. DJ Tennis feat. Joseph Ashworth (Extended Mix),Night Blooming Jasmine (Rodriguez Jr. Remix),7A,4A,1.1665,0.4092,,none,0,0
afterglow,1,43,All In A Dream feat. DJ Tennis feat. Joseph Ashworth (Extended Mix),Ocean Drive (Extended Mix),7A,1A,1.1665,0.2228,,none,0,0
afterglow,1,44,All In A Dream feat. DJ Tennis feat. Joseph Ashworth (Extended Mix),One Night/All Night (Original Mix),7A,4A,1.1665,0.2597,,none,0,0
afterglow,1,45,All In A Dream feat. DJ Tennis feat. Joseph Ashworth (Extended Mix),Opal (Four Tet Remix),7A,8A,1.4273,0.4809,adjacent,harmonic,0.7,1
afterglow,1,46,All In A Dream feat. DJ Tennis feat. Joseph Ashworth (Extended Mix),Preach The World (Original Mix),7A,12A,1.3808,0.4873,,none,0,0
afterglow,1,47,All In A Dream feat. DJ Tennis feat. Joseph Ashworth (Extended Mix),Promiscuous [AV Edit],7A,3A,1,0.2558,,none,0,0
afterglow,1,48,All In A Dream feat. DJ Tennis feat. Joseph Ashworth (Extended Mix),Regulate (feat. Nate Dogg),7A,9A,1.4685,0.257,,none,0,0
afterglow,1,49,All In A Dream feat. DJ Tennis feat. Joseph Ashworth (Extended Mix),Saturday Night (Extended),7A,4A,1.0441,0.5598,,none,0,0
afterglow,1,50,All In A Dream feat. DJ Tennis feat. Joseph Ashworth (Extended Mix),Sell My Heart (Kreative Nativez Remix),7A,11A,2.0882,0.4233,,none,0,0
afterglow,1,51,All In A Dream feat. DJ Tennis feat. Joseph Ashworth (Extended Mix),Sing It Back (feat. Naila) (Original Mix),7A,12A,1.0008,0.7119,,none,0,0
afterglow,1,52,All In A Dream feat. DJ Tennis feat. Joseph Ashworth (Extended Mix),Sing It Back (Herbert's Tasteful Dub),7A,2A,1.0441,0.4289,,none,0,0
afterglow,1,53,All In A Dream feat. DJ Tennis feat. Joseph Ashworth (Extended Mix),Skin (Rinzen Remix),7A,8A,1.5754,0.7296,adjacent,harmonic,0.7,1
afterglow,1,54,All In A Dream feat. DJ Tennis feat. Joseph Ashworth (Extended Mix),Slow Down (James Cole Remix),7A,9A,1.5298,0.3675,,none,0,0
afterglow,1,55,All In A Dream feat. DJ Tennis feat. Joseph Ashworth (Extended Mix),So U Kno (Original Mix),7A,4A,1.6206,0.2169,,none,0,0
afterglow,1,56,All In A Dream feat. DJ Tennis feat. Joseph Ashworth (Extended Mix),Sordid Affair (Maceo Plex Mix),7A,3A,0.8407,0.4742,,none,0,0
afterglow,1,57,All In A Dream feat. DJ Tennis feat. Joseph Ashworth (Extended Mix),Stones Throw (Original Mix),7A,8A,1.0441,0.244,adjacent,harmonic,0.7,1
afterglow,1,58,All In A Dream feat. DJ Tennis feat. Joseph Ashworth (Extended Mix),Sunset Drive (Extended Mix),7A,5A,1.611,0.386,,none,0,0
afterglow,1,59,All In A Dream feat. DJ Tennis feat. Joseph Ashworth (Extended Mix),Symmetry (Rodriguez Jr. Remix),7A,11A,0.9102,0.6755,,none,0,0
afterglow,1,60,All In A Dream feat. DJ Tennis feat. Joseph Ashworth (Extended Mix),Teardrops (Don't Stop The Music) (Original Mix),7A,5B,1,0.7571,,none,0,0
afterglow,1,61,All In A Dream feat. DJ Tennis feat. Joseph Ashworth (Extended Mix),Tearing Me Up (Original Mix),7A,7A,0.3253,0.8281,same,harmonic,1,1
afterglow,1,62,All In A Dream feat. DJ Tennis feat. Joseph Ashworth (Extended Mix),The Way You Move (Original Mix),7A,5A,1.5365,0.1799,,none,0,0
afterglow,1,63,All In A Dream feat. DJ Tennis feat. Joseph Ashworth (Extended Mix),There's Never Been (No One Like You)(P's Sunrise Edit),7A,10B,1.1665,0.7184,,none,0,0
afterglow,1,64,All In A Dream feat. DJ Tennis feat. Joseph Ashworth (Extended Mix),Touch (Four Tet Remix),7A,8B,1.1665,0.4355,,none,0,0
afterglow,1,65,All In A Dream feat. DJ Tennis feat. Joseph Ashworth (Extended Mix),Videotape (Original Mix),7A,12A,1.8028,0.2471,,none,0,0
afterglow,1,66,All In A Dream feat. DJ Tennis feat. Joseph Ashworth (Extended Mix),Walk The Line (Extended Mix),7A,9A,1.1665,0.4936,,none,0,0
afterglow,1,67,All In A Dream feat. DJ Tennis feat. Joseph Ashworth (Extended Mix),Walk The Line (Themba Extended Mix),7A,9A,2.3153,0.4233,,none,0,0
afterglow,1,68,All In A Dream feat. DJ Tennis feat. Joseph Ashworth (Extended Mix),We Are Child Of Love (The Mekanism Remix),7A,12A,0.9278,0.6773,,none,0,0
afterglow,1,69,All In A Dream feat. DJ Tennis feat. Joseph Ashworth (Extended Mix),What Can I Do,7A,8A,0.6006,0.4392,adjacent,harmonic,0.7,1
afterglow,1,70,All In A Dream feat. DJ Tennis feat. Joseph Ashworth (Extended Mix),What I Might Do,7A,5A,1.3732,0.2364,,none,0,0
afterglow,1,71,All In A Dream feat. DJ Tennis feat. Joseph Ashworth (Extended Mix),When Will I See You Again (Amtrac Remix),7A,5B,1.7708,0.3828,,none,0,0
afterglow,1,72,All In A Dream feat. DJ Tennis feat. Joseph Ashworth (Extended Mix),Where the Subtle Meets Infinity (Original Mix),7A,1A,1.5365,0.7246,,none,0,0
afterglow,1,73,All In A Dream feat. DJ Tennis feat. Joseph Ashworth (Extended Mix),Wish We Could feat. Syon & Darla Jade (Extended Mix),7A,3A,0.9122,0.6683,,none,0,0
afterglow,2,3,Ayo for Yayo (feat. San Quinn),Boiling (feat. Sinead Harnett),10A,11A,1.1971,0.5128,adjacent,harmonic,0.7,1
afterglow,2,4,Ayo for Yayo (feat. San Quinn),Bye Bye Les Fraises feat. Sashe (Heinrichs & Hirtenfellner Remix),10A,3A,1.178,0.4688,,none,0,0
afterglow,2,5,Ayo for Yayo (feat. San Quinn),Calling Out Your Name (Original Mix),10A,1A,1.8028,0.4108,,none,0,0
afterglow,2,6,Ayo for Yayo (feat. San Quinn),Can't Do Without You (Tale Of Us & Mano Le Tough Remix),10A,8A,1.118,0.472,,none,0,0
afterglow,2,7,Ayo for Yayo (feat. San Quinn),Deep in the Bottom (of Africa),10A,5A,0.7837,0.7887,,none,0,0
afterglow,2,8,Ayo for Yayo (feat. San Quinn),DJs Gotta Dance More feat. Todd Terry (Extended),10A,10A,2.518,0.2333,same,harmonic,1,1
afterglow,2,9,Ayo for Yayo (feat. San Quinn),Dolores,10A,10A,1.1972,0.4079,same,harmonic,1,1
afterglow,2,10,Ayo for Yayo (feat. San Quinn),Don’t Turn It Off feat. Qzen (Session Victim Extended Remix),10A,8A,0.7682,0.5447,,none,0,0
afterglow,2,11,Ayo for Yayo (feat. San Quinn),Equal Responsibility (Betoko Remix),10A,12A,1.118,0.4319,,none,0,0
afterglow,2,12,Ayo for Yayo (feat. San Quinn),Escape feat. Hayla (Extended Mix),10A,8A,0.7837,0.7882,,none,0,0
afterglow,2,13,Ayo for Yayo (feat. San Quinn),Feel Good (feat. Charlotte Cardin) [Remix] (feat. Charlotte Cardin),10A,11A,1.2691,0.6225,adjacent,harmonic,0.7,1
afterglow,2,14,Ayo for Yayo (feat. San Quinn),Feel The Fire (Journeyman Remix),10A,7A,0.7306,0.5671,,none,0,0
afterglow,2,15,Ayo for Yayo (feat. San Quinn),Feel The Game (Extended Remix),10A,1A,1.2691,0.3606,,none,0,0
afterglow,2,16,Ayo for Yayo (feat. San Quinn),Fifty Ways To Love Your Liver (Original Mix),10A,8A,0.5862,0.9177,,none,0,0
afterglow,2,17,Ayo for Yayo (feat. San Quinn),Final Credits (Original Mix),10A,4A,0.9458,0.7018,,none,0,0
afterglow,2,18,Ayo for Yayo (feat. San Quinn),Give Life Back to Music (Original Mix),10A,8A,1.0107,0.5753,,none,0,0
afterglow,2,19,Ayo for Yayo (feat. San Quinn),Gooey (Original Mix),10A,10A,1.8989,0.2791,same,harmonic,1,1
afterglow,2,20,Ayo for Yayo (feat. San Quinn),Hit The Ground  (Extended Mix),10A,6A,1.2691,0.3174,,none,0,0
afterglow,2,21,Ayo for Yayo (feat. San Quinn),Houdini (Adam Port Mix),10A,6A,1.2691,0.6722,,none,0,0
afterglow,2,22,Ayo for Yayo (feat. San Quinn),I Remember (Original Mix),10A,10A,0.3074,0.8589,same,harmonic,1,1
afterglow,2,23,Ayo for Yayo (feat. San Quinn),I Won't Fade Away feat. Alice Russell (Original Mix),10A,9A,0.548,0.8895,adjacent,harmonic,0.7,1
afterglow,2,24,Ayo for Yayo (feat. San Quinn),Illusory (Extended Mix),10A,1A,0.7406,0.4056,,none,0,0
afterglow,2,25,Ayo for Yayo (feat. San Quinn),It's A Memory (Amtrac Remix),10A,2A,1.1577,0.5362,,none,0,0
afterglow,2,26,Ayo for Yayo (feat. San Quinn),It's Not Enough feat. Janai (Original Mix),10A,4A,1.1577,0.3785,,none,0,0
afterglow,2,27,Ayo for Yayo (feat. San Quinn),It's Not Right (Original Mix),10A,5A,1.4079,0.6214,,none,0,0
afterglow,2,28,Ayo for Yayo (feat. San Quinn),Izolo feat. Khonaye (Lost Desert & Lee Burridge Remix),10A,9A,1.2691,0.3539,adjacent,harmonic,0.7,1
afterglow,2,29,Ayo for Yayo (feat. San Quinn),Just a Bitter Love,10A,6A,0.9138,0.5103,,none,0,0
afterglow,2,30,Ayo for Yayo (feat. San Quinn),Latch (Jamie Jones Remix),10A,4B,1.0445,0.9014,,none,0,0
afterglow,2,31,Ayo for Yayo (feat. San Quinn),Lost,10A,6A,0.8284,0.6881,,none,0,0
afterglow,2,32,Ayo for Yayo (feat. San Quinn),Love Somebody Else Feat. Joi Cardwell (Original Mix),10A,12B,1.118,0.6604,,none,0,0
afterglow,2,33,Ayo for Yayo (feat. San Quinn),Love Song (Original Mix),10A,8A,1.1577,0.4076,,none,0,0
afterglow,2,34,Ayo for Yayo (feat. San Quinn),Lucky Shot (Original Mix),10A,7A,1.8036,0.6065,,none,0,0
afterglow,2,35,Ayo for Yayo (feat. San Quinn),Lying Together,10A,2A,1.7195,0.3509,,none,0,0
afterglow,2,36,Ayo for Yayo (feat. San Quinn),Marijuana (Original Mix),10A,1A,1.1577,0.7078,,none,0,0
afterglow,2,37,Ayo for Yayo (feat. San Quinn),Masala (Pablo Fierro Remix),10A,7A,0.7837,0.7319,,none,0,0
afterglow,2,38,Ayo for Yayo (feat. San Quinn),Midas feat. Holly Walker (Ben Pearce Re-Edit),10A,8A,0.7452,0.4876,,none,0,0
afterglow,2,39,Ayo for Yayo (feat. San Quinn),Never Sleep Again (Keinemusik Remix),10A,6A,1.5584,0.5491,,none,0,0
afterglow,2,40,Ayo for Yayo (feat. San Quinn),Neverender (Extended),10A,11A,1.2691,0.6164,adjacent,harmonic,0.7,1
afterglow,2,41,Ayo for Yayo (feat. San Quinn),Night Blooming Jasmine (Original Mix),10A,4A,1.1577,0.6573,,none,0,0
afterglow,2,42,Ayo for Yayo (feat. San Quinn),Night Blooming Jasmine (Rodriguez Jr. Remix),10A,4A,1.2691,0.6667,,none,0,0
afterglow,2,43,Ayo for Yayo (feat. San Quinn),Ocean Drive (Extended Mix),10A,1A,1.2691,0.6776,,none,0,0
afterglow,2,44,Ayo for Yayo (feat. San Quinn),One Night/All Night (Original Mix),10A,4A,1.2691,0.7897,,none,0,0
afterglow,2,45,Ayo for Yayo (feat. San Quinn),Opal (Four Tet Remix),10A,8A,0.5257,0.8606,,none,0,0
afterglow,2,46,Ayo for Yayo (feat. San Quinn),Preach The World (Original Mix),10A,12A,1.1482,0.6617,,none,0,0
afterglow,2,47,Ayo for Yayo (feat. San Quinn),Promiscuous [AV Edit],10A,3A,1.118,0.7223,,none,0,0
afterglow,2,48,Ayo for Yayo (feat. San Quinn),Regulate (feat. Nate Dogg),10A,9A,1.046,0.8995,adjacent,harmonic,0.7,1
afterglow,2,49,Ayo for Yayo (feat. San Quinn),Saturday Night (Extended),10A,4A,1.1577,0.6296,,none,0,0
afterglow,2,50,Ayo for Yayo (feat. San Quinn),Sell My Heart (Kreative Nativez Remix),10A,11A,1.2691,0.6776,adjacent,harmonic,0.7,1
afterglow,2,51,Ayo for Yayo (feat. San Quinn),Sing It Back (feat. Naila) (Original Mix),10A,12A,1.1539,0.6843,,none,0,0
afterglow,2,52,Ayo for Yayo (feat. San Quinn),Sing It Back (Herbert's Tasteful Dub),10A,2A,1.1577,0.7078,,none,0,0
afterglow,2,53,Ayo for Yayo (feat. San Quinn),Skin (Rinzen Remix),10A,8A,0.7452,0.4182,,none,0,0
afterglow,2,54,Ayo for Yayo (feat. San Quinn),Slow Down (James Cole Remix),10A,9A,1.0441,0.7518,adjacent,harmonic,0.7,1
afterglow,2,55,Ayo for Yayo (feat. San Quinn),So U Kno (Original Mix),10A,4A,0.7914,0.8244,,none,0,0
afterglow,2,56,Ayo for Yayo (feat. San Quinn),Sordid Affair (Maceo Plex Mix),10A,3A,1.4806,0.5944,,none,0,0
afterglow,2,57,Ayo for Yayo (feat. San Quinn),Stones Throw (Original Mix),10A,8A,1.1577,0.6654,,none,0,0
afterglow,2,58,Ayo for Yayo (feat. San Quinn),Sunset Drive (Extended Mix),10A,5A,0.7893,0.7757,,none,0,0
afterglow,2,59,Ayo for Yayo (feat. San Quinn),Symmetry (Rodriguez Jr. Remix),10A,11A,1.874,0.5611,adjacent,harmonic,0.7,1
afterglow,2,60,Ayo for Yayo (feat. San Quinn),Teardrops (Don't Stop The Music) (Original Mix),10A,5B,1.118,0.6522,,none,0,0
afterglow,2,61,Ayo for Yayo (feat. San Quinn),Tearing Me Up (Original Mix),10A,7A,1.7623,0.2791,,none,0,0
afterglow,2,62,Ayo for Yayo (feat. San Quinn),The Way You Move (Original Mix),10A,5A,0.7815,0.7424,,none,0,0
afterglow,2,63,Ayo for Yayo (feat. San Quinn),There's Never Been (No One Like You)(P's Sunrise Edit),10A,10B,1.2691,0.3266,,none,0,0
afterglow,2,64,Ayo for Yayo (feat. San Quinn),Touch (Four Tet Remix),10A,8B,1.2691,0.6722,,none,0,0
afterglow,2,65,Ayo for Yayo (feat. San Quinn),Videotape (Original Mix),10A,12A,0,0.9984,,none,0,0
afterglow,2,66,Ayo for Yayo (feat. San Quinn),Walk The Line (Extended Mix),10A,9A,1.2691,0.556,adjacent,harmonic,0.7,1
afterglow,2,67,Ayo for Yayo (feat. San Quinn),Walk The Line (Themba Extended Mix),10A,9A,1.2691,0.6776,adjacent,harmonic,0.7,1
afterglow,2,68,Ayo for Yayo (feat. San Quinn),We Are Child Of Love (The Mekanism Remix),10A,12A,1.9002,0.5626,,none,0,0
afterglow,2,69,Ayo for Yayo (feat. San Quinn),What Can I Do,10A,8A,1.9002,0.477,,none,0,0
afterglow,2,70,Ayo for Yayo (feat. San Quinn),What I Might Do,10A,5A,0.5034,0.8114,,none,0,0
afterglow,2,71,Ayo for Yayo (feat. San Quinn),When Will I See You Again (Amtrac Remix),10A,5B,0.0588,0.9229,,none,0,0
afterglow,2,72,Ayo for Yayo (feat. San Quinn),Where the Subtle Meets Infinity (Original Mix),10A,1A,0.7815,0.3373,,none,0,0
afterglow,2,73,Ayo for Yayo (feat. San Quinn),Wish We Could feat. Syon & Darla Jade (Extended Mix),10A,3A,1.8771,0.5599,,none,0,0
afterglow,3,4,Boiling (feat. Sinead Harnett),Bye Bye Les Fraises feat. Sashe (Heinrichs & Hirtenfellner Remix),11A,3A,0.301,0.823,,none,0,0
afterglow,3,5,Boiling (feat. Sinead Harnett),Calling Out Your Name (Original Mix),11A,1A,1.0451,0.7395,,none,0,0
afterglow,3,6,Boiling (feat. Sinead Harnett),Can't Do Without You (Tale Of Us & Mano Le Tough Remix),11A,8A,0.3037,0.501,,none,0,0
afterglow,3,7,Boiling (feat. Sinead Harnett),Deep in the Bottom (of Africa),11A,5A,1.1444,0.3135,,none,0,0
afterglow,3,8,Boiling (feat. Sinead Harnett),DJs Gotta Dance More feat. Todd Terry (Extended),11A,10A,1.3824,0.7415,adjacent,harmonic,0.7,1
afterglow,3,9,Boiling (feat. Sinead Harnett),Dolores,11A,10A,0.3063,0.7655,adjacent,harmonic,0.7,1
afterglow,3,10,Boiling (feat. Sinead Harnett),Don’t Turn It Off feat. Qzen (Session Victim Extended Remix),11A,8A,0.5455,0.7146,,none,0,0
afterglow,3,11,Boiling (feat. Sinead Harnett),Equal Responsibility (Betoko Remix),11A,12A,0.3037,0.7739,adjacent,harmonic,0.7,1
afterglow,3,12,Boiling (feat. Sinead Harnett),Escape feat. Hayla (Extended Mix),11A,8A,1.1444,0.4188,,none,0,0
afterglow,3,13,Boiling (feat. Sinead Harnett),Feel Good (feat. Charlotte Cardin) [Remix] (feat. Charlotte Cardin),11A,11A,0.3037,0.4789,same,harmonic,1,1
afterglow,3,14,Boiling (feat. Sinead Harnett),Feel The Fire (Journeyman Remix),11A,7A,0.6512,0.7461,,none,0,0
afterglow,3,15,Boiling (feat. Sinead Harnett),Feel The Game (Extended Remix),11A,1A,0.3037,0.836,,none,0,0
afterglow,3,16,Boiling (feat. Sinead Harnett),Fifty Ways To Love Your Liver (Original Mix),11A,8A,0.9866,0.613,,none,0,0
afterglow,3,17,Boiling (feat. Sinead Harnett),Final Credits (Original Mix),11A,4A,1.2851,0.5943,,none,0,0
afterglow,3,18,Boiling (feat. Sinead Harnett),Give Life Back to Music (Original Mix),11A,8A,0.8704,0.6728,,none,0,0
afterglow,3,19,Boiling (feat. Sinead Harnett),Gooey (Original Mix),11A,10A,1.0032,0.7388,adjacent,harmonic,0.7,1
afterglow,3,20,Boiling (feat. Sinead Harnett),Hit The Ground  (Extended Mix),11A,6A,0.3037,0.8165,,none,0,0
afterglow,3,21,Boiling (feat. Sinead Harnett),Houdini (Adam Port Mix),11A,6A,0.3037,0.3653,,none,0,0
afterglow,3,22,Boiling (feat. Sinead Harnett),I Remember (Original Mix),11A,10A,1.2004,0.5466,adjacent,harmonic,0.7,1
afterglow,3,23,Boiling (feat. Sinead Harnett),I Won't Fade Away feat. Alice Russell (Original Mix),11A,9A,1.0463,0.5518,,none,0,0
afterglow,3,24,Boiling (feat. Sinead Harnett),Illusory (Extended Mix),11A,1A,1.0898,0.7469,,none,0,0
afterglow,3,25,Boiling (feat. Sinead Harnett),It's A Memory (Amtrac Remix),11A,2A,0.7399,0.5796,,none,0,0
afterglow,3,26,Boiling (feat. Sinead Harnett),It's Not Enough feat. Janai (Original Mix),11A,4A,0.0455,0.703,,none,0,0
afterglow,3,27,Boiling (feat. Sinead Harnett),It's Not Right (Original Mix),11A,5A,0.4468,0.4644,,none,0,0
afterglow,3,28,Boiling (feat. Sinead Harnett),Izolo feat. Khonaye (Lost Desert & Lee Burridge Remix),11A,9A,0.3037,0.6838,,none,0,0
afterglow,3,29,Boiling (feat. Sinead Harnett),Just a Bitter Love,11A,6A,0.4993,0.7301,,none,0,0
afterglow,3,30,Boiling (feat. Sinead Harnett),Latch (Jamie Jones Remix),11A,4B,0.4728,0.547,,none,0,0
afterglow,3,31,Boiling (feat. Sinead Harnett),Lost,11A,6A,0.4572,0.5796,,none,0,0
afterglow,3,32,Boiling (feat. Sinead Harnett),Love Somebody Else Feat. Joi Cardwell (Original Mix),11A,12B,0.3037,0.4944,,none,0,0
afterglow,3,33,Boiling (feat. Sinead Harnett),Love Song (Original Mix),11A,8A,0.0455,0.757,,none,0,0
afterglow,3,34,Boiling (feat. Sinead Harnett),Lucky Shot (Original Mix),11A,7A,0.6563,0.6346,,none,0,0
afterglow,3,35,Boiling (feat. Sinead Harnett),Lying Together,11A,2A,1.1398,0.6102,,none,0,0
afterglow,3,36,Boiling (feat. Sinead Harnett),Marijuana (Original Mix),11A,1A,0.0455,0.3787,,none,0,0
afterglow,3,37,Boiling (feat. Sinead Harnett),Masala (Pablo Fierro Remix),11A,7A,1.1444,0.4242,,none,0,0
afterglow,3,38,Boiling (feat. Sinead Harnett),Midas feat. Holly Walker (Ben Pearce Re-Edit),11A,8A,1.0893,0.7362,,none,0,0
afterglow,3,39,Boiling (feat. Sinead Harnett),Never Sleep Again (Keinemusik Remix),11A,6A,0.6138,0.6037,,none,0,0
afterglow,3,40,Boiling (feat. Sinead Harnett),Neverender (Extended),11A,11A,2.0674,0.3253,same,harmonic,1,1
afterglow,3,41,Boiling (feat. Sinead Harnett),Night Blooming Jasmine (Original Mix),11A,4A,0.0455,0.3517,,none,0,0
afterglow,3,42,Boiling (feat. Sinead Harnett),Night Blooming Jasmine (Rodriguez Jr. Remix),11A,4A,0.3037,0.3429,,none,0,0
afterglow,3,43,Boiling (feat. Sinead Harnett),Ocean Drive (Extended Mix),11A,1A,0.3037,0.5444,,none,0,0
afterglow,3,44,Boiling (feat. Sinead Harnett),One Night/All Night (Original Mix),11A,4A,0.3037,0.4138,,none,0,0
afterglow,3,45,Boiling (feat. Sinead Harnett),Opal (Four Tet Remix),11A,8A,0.9246,0.5882,,none,0,0
afterglow,3,46,Boiling (feat. Sinead Harnett),Preach The World (Original Mix),11A,12A,1.2968,0.5116,adjacent,harmonic,0.7,1
afterglow,3,47,Boiling (feat. Sinead Harnett),Promiscuous [AV Edit],11A,3A,0.3037,0.541,,none,0,0
afterglow,3,48,Boiling (feat. Sinead Harnett),Regulate (feat. Nate Dogg),11A,9A,0.4399,0.5393,,none,0,0
afterglow,3,49,Boiling (feat. Sinead Harnett),Saturday Night (Extended),11A,4A,0.0455,0.6737,,none,0,0
afterglow,3,50,Boiling (feat. Sinead Harnett),Sell My Heart (Kreative Nativez Remix),11A,11A,1.0451,0.5444,same,harmonic,1,1
afterglow,3,51,Boiling (feat. Sinead Harnett),Sing It Back (feat. Naila) (Original Mix),11A,12A,0.3003,0.7746,adjacent,harmonic,0.7,1
afterglow,3,52,Boiling (feat. Sinead Harnett),Sing It Back (Herbert's Tasteful Dub),11A,2A,0.0455,0.3787,,none,0,0
afterglow,3,53,Boiling (feat. Sinead Harnett),Skin (Rinzen Remix),11A,8A,1.0893,0.6483,,none,0,0
afterglow,3,54,Boiling (feat. Sinead Harnett),Slow Down (James Cole Remix),11A,9A,0.5021,0.613,,none,0,0
afterglow,3,55,Boiling (feat. Sinead Harnett),So U Kno (Original Mix),11A,4A,1.2084,0.3097,,none,0,0
afterglow,3,56,Boiling (feat. Sinead Harnett),Sordid Affair (Maceo Plex Mix),11A,3A,0.5117,0.5641,,none,0,0
afterglow,3,57,Boiling (feat. Sinead Harnett),Stones Throw (Original Mix),11A,8A,0.0455,0.6016,,none,0,0
afterglow,3,58,Boiling (feat. Sinead Harnett),Sunset Drive (Extended Mix),11A,5A,1.1949,0.2916,,none,0,0
afterglow,3,59,Boiling (feat. Sinead Harnett),Symmetry (Rodriguez Jr. Remix),11A,11A,0.7194,0.5816,same,harmonic,1,1
afterglow,3,60,Boiling (feat. Sinead Harnett),Teardrops (Don't Stop The Music) (Original Mix),11A,5B,0.3037,0.7951,,none,0,0
afterglow,3,61,Boiling (feat. Sinead Harnett),Tearing Me Up (Original Mix),11A,7A,1.0144,0.7334,,none,0,0
afterglow,3,62,Boiling (feat. Sinead Harnett),The Way You Move (Original Mix),11A,5A,1.0877,0.5414,,none,0,0
afterglow,3,63,Boiling (feat. Sinead Harnett),There's Never Been (No One Like You)(P's Sunrise Edit),11A,10B,0.3037,0.8677,,none,0,0
afterglow,3,64,Boiling (feat. Sinead Harnett),Touch (Four Tet Remix),11A,8B,0.3037,0.3653,,none,0,0
afterglow,3,65,Boiling (feat. Sinead Harnett),Videotape (Original Mix),11A,12A,1.1971,0.5063,adjacent,harmonic,0.7,1
afterglow,3,66,Boiling (feat. Sinead Harnett),Walk The Line (Extended Mix),11A,9A,0.3037,0.4898,,none,0,0
afterglow,3,67,Boiling (feat. Sinead Harnett),Walk The Line (Themba Extended Mix),11A,9A,2.0674,0.1893,,none,0,0
afterglow,3,68,Boiling (feat. Sinead Harnett),We Are Child Of Love (The Mekanism Remix),11A,12A,0.7395,0.602,adjacent,harmonic,0.7,1
afterglow,3,69,Boiling (feat. Sinead Harnett),What Can I Do,11A,8A,1.0451,0.7372,,none,0,0
afterglow,3,70,Boiling (feat. Sinead Harnett),What I Might Do,11A,5A,1.0313,0.5023,,none,0,0
afterglow,3,71,Boiling (feat. Sinead Harnett),When Will I See You Again (Amtrac Remix),11A,5B,1.1461,0.4783,,none,0,0
afterglow,3,72,Boiling (feat. Sinead Harnett),Where the Subtle Meets Infinity (Original Mix),11A,1A,1.0877,0.7494,,none,0,0
afterglow,3,73,Boiling (feat. Sinead Harnett),Wish We Could feat. Syon & Darla Jade (Extended Mix),11A,3A,0.7217,0.5927,,none,0,0
afterglow,4,5,Bye Bye Les Fraises feat. Sashe (Heinrichs & Hirtenfellner Remix),Calling Out Your Name (Original Mix),3A,1A,1.0022,0.7777,,none,0,0
afterglow,4,6,Bye Bye Les Fraises feat. Sashe (Heinrichs & Hirtenfellner Remix),Can't Do Without You (Tale Of Us & Mano Le Tough Remix),3A,8A,0.0667,0.6459,,none,0,0
afterglow,4,7,Bye Bye Les Fraises feat. Sashe (Heinrichs & Hirtenfellner Remix),Deep in the Bottom (of Africa),3A,5A,1.2757,0.2411,,none,0,0
afterglow,4,8,Bye Bye Les Fraises feat. Sashe (Heinrichs & Hirtenfellner Remix),DJs Gotta Dance More feat. Todd Terry (Extended),3A,10A,1.4005,0.6019,,none,0,0
afterglow,4,9,Bye Bye Les Fraises feat. Sashe (Heinrichs & Hirtenfellner Remix),Dolores,3A,10A,0.0593,0.9235,,none,0,0
afterglow,4,10,Bye Bye Les Fraises feat. Sashe (Heinrichs & Hirtenfellner Remix),Don’t Turn It Off feat. Qzen (Session Victim Extended Remix),3A,8A,0.6413,0.711,,none,0,0
afterglow,4,11,Bye Bye Les Fraises feat. Sashe (Heinrichs & Hirtenfellner Remix),Equal Responsibility (Betoko Remix),3A,12A,0.0667,0.9355,,none,0,0
afterglow,4,12,Bye Bye Les Fraises feat. Sashe (Heinrichs & Hirtenfellner Remix),Escape feat. Hayla (Extended Mix),3A,8A,1.2757,0.2343,,none,0,0
afterglow,4,13,Bye Bye Les Fraises feat. Sashe (Heinrichs & Hirtenfellner Remix),Feel Good (feat. Charlotte Cardin) [Remix] (feat. Charlotte Cardin),3A,11A,0.6043,0.2664,,none,0,0
afterglow,4,14,Bye Bye Les Fraises feat. Sashe (Heinrichs & Hirtenfellner Remix),Feel The Fire (Journeyman Remix),3A,7A,0.599,0.7505,,none,0,0
afterglow,4,15,Bye Bye Les Fraises feat. Sashe (Heinrichs & Hirtenfellner Remix),Feel The Game (Extended Remix),3A,1A,0.6043,0.8359,,none,0,0
afterglow,4,16,Bye Bye Les Fraises feat. Sashe (Heinrichs & Hirtenfellner Remix),Fifty Ways To Love Your Liver (Original Mix),3A,8A,1.0516,0.5603,,none,0,0
afterglow,4,17,Bye Bye Les Fraises feat. Sashe (Heinrichs & Hirtenfellner Remix),Final Credits (Original Mix),3A,4A,1.2694,0.4827,adjacent,harmonic,0.7,1
afterglow,4,18,Bye Bye Les Fraises feat. Sashe (Heinrichs & Hirtenfellner Remix),Give Life Back to Music (Original Mix),3A,8A,0.8348,0.6766,,none,0,0
afterglow,4,19,Bye Bye Les Fraises feat. Sashe (Heinrichs & Hirtenfellner Remix),Gooey (Original Mix),3A,10A,1.0457,0.9092,,none,0,0
afterglow,4,20,Bye Bye Les Fraises feat. Sashe (Heinrichs & Hirtenfellner Remix),Hit The Ground  (Extended Mix),3A,6A,0.6043,0.7359,,none,0,0
afterglow,4,21,Bye Bye Les Fraises feat. Sashe (Heinrichs & Hirtenfellner Remix),Houdini (Adam Port Mix),3A,6A,0.6043,0.2664,,none,0,0
afterglow,4,22,Bye Bye Les Fraises feat. Sashe (Heinrichs & Hirtenfellner Remix),I Remember (Original Mix),3A,10A,1.2563,0.3706,,none,0,0
afterglow,4,23,Bye Bye Les Fraises feat. Sashe (Heinrichs & Hirtenfellner Remix),I Won't Fade Away feat. Alice Russell (Original Mix),3A,9A,1.1089,0.5016,,none,0,0
afterglow,4,24,Bye Bye Les Fraises feat. Sashe (Heinrichs & Hirtenfellner Remix),Illusory (Extended Mix),3A,1A,1.2259,0.7052,,none,0,0
afterglow,4,25,Bye Bye Les Fraises feat. Sashe (Heinrichs & Hirtenfellner Remix),It's A Memory (Amtrac Remix),3A,2A,0.8132,0.5534,adjacent,harmonic,0.7,1
afterglow,4,26,Bye Bye Les Fraises feat. Sashe (Heinrichs & Hirtenfellner Remix),It's Not Enough feat. Janai (Original Mix),3A,4A,0.3076,0.8467,adjacent,harmonic,0.7,1
afterglow,4,27,Bye Bye Les Fraises feat. Sashe (Heinrichs & Hirtenfellner Remix),It's Not Right (Original Mix),3A,5A,0.5405,0.4011,,none,0,0
afterglow,4,28,Bye Bye Les Fraises feat. Sashe (Heinrichs & Hirtenfellner Remix),Izolo feat. Khonaye (Lost Desert & Lee Burridge Remix),3A,9A,0.6043,0.8204,,none,0,0
afterglow,4,29,Bye Bye Les Fraises feat. Sashe (Heinrichs & Hirtenfellner Remix),Just a Bitter Love,3A,6A,0.4191,0.7247,,none,0,0
afterglow,4,30,Bye Bye Les Fraises feat. Sashe (Heinrichs & Hirtenfellner Remix),Latch (Jamie Jones Remix),3A,4B,0.5622,0.4725,,none,0,0
afterglow,4,31,Bye Bye Les Fraises feat. Sashe (Heinrichs & Hirtenfellner Remix),Lost,3A,6A,0.5649,0.6955,,none,0,0
afterglow,4,32,Bye Bye Les Fraises feat. Sashe (Heinrichs & Hirtenfellner Remix),Love Somebody Else Feat. Joi Cardwell (Original Mix),3A,12B,0.0667,0.2804,,none,0,0
afterglow,4,33,Bye Bye Les Fraises feat. Sashe (Heinrichs & Hirtenfellner Remix),Love Song (Original Mix),3A,8A,0.3076,0.9118,,none,0,0
afterglow,4,34,Bye Bye Les Fraises feat. Sashe (Heinrichs & Hirtenfellner Remix),Lucky Shot (Original Mix),3A,7A,0.7095,0.603,,none,0,0
afterglow,4,35,Bye Bye Les Fraises feat. Sashe (Heinrichs & Hirtenfellner Remix),Lying Together,3A,2A,1.2608,0.5788,adjacent,harmonic,0.7,1
afterglow,4,36,Bye Bye Les Fraises feat. Sashe (Heinrichs & Hirtenfellner Remix),Marijuana (Original Mix),3A,1A,0.3076,0.2913,,none,0,0
afterglow,4,37,Bye Bye Les Fraises feat. Sashe (Heinrichs & Hirtenfellner Remix),Masala (Pablo Fierro Remix),3A,7A,1.2757,0.2175,,none,0,0
afterglow,4,38,Bye Bye Les Fraises feat. Sashe (Heinrichs & Hirtenfellner Remix),Midas feat. Holly Walker (Ben Pearce Re-Edit),3A,8A,1.2255,0.8751,,none,0,0
afterglow,4,39,Bye Bye Les Fraises feat. Sashe (Heinrichs & Hirtenfellner Remix),Never Sleep Again (Keinemusik Remix),3A,6A,0.806,0.3842,,none,0,0
afterglow,4,40,Bye Bye Les Fraises feat. Sashe (Heinrichs & Hirtenfellner Remix),Neverender (Extended),3A,11A,2.1522,0.2355,,none,0,0
afterglow,4,41,Bye Bye Les Fraises feat. Sashe (Heinrichs & Hirtenfellner Remix),Night Blooming Jasmine (Original Mix),3A,4A,0.3076,0.2705,adjacent,harmonic,0.7,1
afterglow,4,42,Bye Bye Les Fraises feat. Sashe (Heinrichs & Hirtenfellner Remix),Night Blooming Jasmine (Rodriguez Jr. Remix),3A,4A,0.6043,0.2378,adjacent,harmonic,0.7,1
afterglow,4,43,Bye Bye Les Fraises feat. Sashe (Heinrichs & Hirtenfellner Remix),Ocean Drive (Extended Mix),3A,1A,0.6043,0.2589,,none,0,0
afterglow,4,44,Bye Bye Les Fraises feat. Sashe (Heinrichs & Hirtenfellner Remix),One Night/All Night (Original Mix),3A,4A,0.6043,0.3018,adjacent,harmonic,0.7,1
afterglow,4,45,Bye Bye Les Fraises feat. Sashe (Heinrichs & Hirtenfellner Remix),Opal (Four Tet Remix),3A,8A,0.9922,0.5376,,none,0,0
afterglow,4,46,Bye Bye Les Fraises feat. Sashe (Heinrichs & Hirtenfellner Remix),Preach The World (Original Mix),3A,12A,1.415,0.3439,,none,0,0
afterglow,4,47,Bye Bye Les Fraises feat. Sashe (Heinrichs & Hirtenfellner Remix),Promiscuous [AV Edit],3A,3A,0.0667,0.2972,same,harmonic,1,1
afterglow,4,48,Bye Bye Les Fraises feat. Sashe (Heinrichs & Hirtenfellner Remix),Regulate (feat. Nate Dogg),3A,9A,0.5348,0.4613,,none,0,0
afterglow,4,49,Bye Bye Les Fraises feat. Sashe (Heinrichs & Hirtenfellner Remix),Saturday Night (Extended),3A,4A,0.3076,0.6218,adjacent,harmonic,0.7,1
afterglow,4,50,Bye Bye Les Fraises feat. Sashe (Heinrichs & Hirtenfellner Remix),Sell My Heart (Kreative Nativez Remix),3A,11A,1.1684,0.4628,,none,0,0
afterglow,4,51,Bye Bye Les Fraises feat. Sashe (Heinrichs & Hirtenfellner Remix),Sing It Back (feat. Naila) (Original Mix),3A,12A,0.0267,0.7726,,none,0,0
afterglow,4,52,Bye Bye Les Fraises feat. Sashe (Heinrichs & Hirtenfellner Remix),Sing It Back (Herbert's Tasteful Dub),3A,2A,0.3076,0.2913,adjacent,harmonic,0.7,1
afterglow,4,53,Bye Bye Les Fraises feat. Sashe (Heinrichs & Hirtenfellner Remix),Skin (Rinzen Remix),3A,8A,1.2255,0.7713,,none,0,0
afterglow,4,54,Bye Bye Les Fraises feat. Sashe (Heinrichs & Hirtenfellner Remix),Slow Down (James Cole Remix),3A,9A,0.587,0.4049,,none,0,0
afterglow,4,55,Bye Bye Les Fraises feat. Sashe (Heinrichs & Hirtenfellner Remix),So U Kno (Original Mix),3A,4A,1.3345,0.252,adjacent,harmonic,0.7,1
afterglow,4,56,Bye Bye Les Fraises feat. Sashe (Heinrichs & Hirtenfellner Remix),Sordid Affair (Maceo Plex Mix),3A,3A,0.7312,0.3418,same,harmonic,1,1
afterglow,4,57,Bye Bye Les Fraises feat. Sashe (Heinrichs & Hirtenfellner Remix),Stones Throw (Original Mix),3A,8A,0.3076,0.2835,,none,0,0
afterglow,4,58,Bye Bye Les Fraises feat. Sashe (Heinrichs & Hirtenfellner Remix),Sunset Drive (Extended Mix),3A,5A,1.3221,0.2243,,none,0,0
afterglow,4,59,Bye Bye Les Fraises feat. Sashe (Heinrichs & Hirtenfellner Remix),Symmetry (Rodriguez Jr. Remix),3A,11A,0.8779,0.5542,,none,0,0
afterglow,4,60,Bye Bye Les Fraises feat. Sashe (Heinrichs & Hirtenfellner Remix),Teardrops (Don't Stop The Music) (Original Mix),3A,5B,0.0667,0.8394,,none,0,0
afterglow,4,61,Bye Bye Les Fraises feat. Sashe (Heinrichs & Hirtenfellner Remix),Tearing Me Up (Original Mix),3A,7A,1.0616,0.9026,,none,0,0
afterglow,4,62,Bye Bye Les Fraises feat. Sashe (Heinrichs & Hirtenfellner Remix),The Way You Move (Original Mix),3A,5A,1.2241,0.209,,none,0,0
afterglow,4,63,Bye Bye Les Fraises feat. Sashe (Heinrichs & Hirtenfellner Remix),There's Never Been (No One Like You)(P's Sunrise Edit),3A,10B,0.6043,0.7571,,none,0,0
afterglow,4,64,Bye Bye Les Fraises feat. Sashe (Heinrichs & Hirtenfellner Remix),Touch (Four Tet Remix),3A,8B,0.6043,0.2664,,none,0,0
afterglow,4,65,Bye Bye Les Fraises feat. Sashe (Heinrichs & Hirtenfellner Remix),Videotape (Original Mix),3A,12A,1.178,0.4479,,none,0,0
afterglow,4,66,Bye Bye Les Fraises feat. Sashe (Heinrichs & Hirtenfellner Remix),Walk The Line (Extended Mix),3A,9A,0.6043,0.2124,,none,0,0
afterglow,4,67,Bye Bye Les Fraises feat. Sashe (Heinrichs & Hirtenfellner Remix),Walk The Line (Themba Extended Mix),3A,9A,2.1522,0.2589,,none,0,0
afterglow,4,68,Bye Bye Les Fraises feat. Sashe (Heinrichs & Hirtenfellner Remix),We Are Child Of Love (The Mekanism Remix),3A,12A,0.8936,0.5787,,none,0,0
afterglow,4,69,Bye Bye Les Fraises feat. Sashe (Heinrichs & Hirtenfellner Remix),What Can I Do,3A,8A,1.1684,0.482,,none,0,0
afterglow,4,70,Bye Bye Les Fraises feat. Sashe (Heinrichs & Hirtenfellner Remix),What I Might Do,3A,5A,1.0078,0.2747,,none,0,0
afterglow,4,71,Bye Bye Les Fraises feat. Sashe (Heinrichs & Hirtenfellner Remix),When Will I See You Again (Amtrac Remix),3A,5B,1.1251,0.4232,,none,0,0
afterglow,4,72,Bye Bye Les Fraises feat. Sashe (Heinrichs & Hirtenfellner Remix),Where the Subtle Meets Infinity (Original Mix),3A,1A,1.2241,0.6215,,none,0,0
afterglow,4,73,Bye Bye Les Fraises feat. Sashe (Heinrichs & Hirtenfellner Remix),Wish We Could feat. Syon & Darla Jade (Extended Mix),3A,3A,0.8797,0.5547,same,harmonic,1,1
afterglow,5,6,Calling Out Your Name (Original Mix),Can't Do Without You (Tale Of Us & Mano Le Tough Remix),1A,8A,1,0.7513,,none,0,0
afterglow,5,7,Calling Out Your Name (Original Mix),Deep in the Bottom (of Africa),1A,5A,1.5754,0.5493,,none,0,0
afterglow,5,8,Calling Out Your Name (Original Mix),DJs Gotta Dance More feat. Todd Terry (Extended),1A,10A,1.0441,0.5493,,none,0,0
afterglow,5,9,Calling Out Your Name (Original Mix),Dolores,1A,10A,0.943,0.8675,,none,0,0
afterglow,5,10,Calling Out Your Name (Original Mix),Don’t Turn It Off feat. Qzen (Session Victim Extended Remix),1A,8A,1.1577,0.6606,,none,0,0
afterglow,5,11,Calling Out Your Name (Original Mix),Equal Responsibility (Betoko Remix),1A,12A,1,0.721,adjacent,harmonic,0.7,1
afterglow,5,12,Calling Out Your Name (Original Mix),Escape feat. Hayla (Extended Mix),1A,8A,1.5754,0.349,,none,0,0
afterglow,5,13,Calling Out Your Name (Original Mix),Feel Good (feat. Charlotte Cardin) [Remix] (feat. Charlotte Cardin),1A,11A,1.1665,0.5632,,none,0,0
afterglow,5,14,Calling Out Your Name (Original Mix),Feel The Fire (Journeyman Remix),1A,7A,1.0799,0.8489,,none,0,0
afterglow,5,15,Calling Out Your Name (Original Mix),Feel The Game (Extended Remix),1A,1A,1.1665,0.6386,same,harmonic,1,1
afterglow,5,16,Calling Out Your Name (Original Mix),Fifty Ways To Love Your Liver (Original Mix),1A,8A,1.4057,0.5274,,none,0,0
afterglow,5,17,Calling Out Your Name (Original Mix),Final Credits (Original Mix),1A,4A,1.2578,0.6943,,none,0,0
afterglow,5,18,Calling Out Your Name (Original Mix),Give Life Back to Music (Original Mix),1A,8A,0.8475,0.625,,none,0,0
afterglow,5,19,Calling Out Your Name (Original Mix),Gooey (Original Mix),1A,10A,0.3253,0.8433,,none,0,0
afterglow,5,20,Calling Out Your Name (Original Mix),Hit The Ground  (Extended Mix),1A,6A,1.1665,0.711,,none,0,0
afterglow,5,21,Calling Out Your Name (Original Mix),Houdini (Adam Port Mix),1A,6A,1.1665,0.6274,,none,0,0
afterglow,5,22,Calling Out Your Name (Original Mix),I Remember (Original Mix),1A,10A,1.8368,0.4671,,none,0,0
afterglow,5,23,Calling Out Your Name (Original Mix),I Won't Fade Away feat. Alice Russell (Original Mix),1A,9A,1.4749,0.5973,,none,0,0
afterglow,5,24,Calling Out Your Name (Original Mix),Illusory (Extended Mix),1A,1A,1.5807,0.6761,same,harmonic,1,1
afterglow,5,25,Calling Out Your Name (Original Mix),It's A Memory (Amtrac Remix),1A,2A,0.7682,0.5027,adjacent,harmonic,0.7,1
afterglow,5,26,Calling Out Your Name (Original Mix),It's Not Enough feat. Janai (Original Mix),1A,4A,1.0441,0.7973,,none,0,0
afterglow,5,27,Calling Out Your Name (Original Mix),It's Not Right (Original Mix),1A,5A,0.6315,0.715,,none,0,0
afterglow,5,28,Calling Out Your Name (Original Mix),Izolo feat. Khonaye (Lost Desert & Lee Burridge Remix),1A,9A,1.1665,0.7927,,none,0,0
afterglow,5,29,Calling Out Your Name (Original Mix),Just a Bitter Love,1A,6A,0.9363,0.5481,,none,0,0
afterglow,5,30,Calling Out Your Name (Original Mix),Latch (Jamie Jones Remix),1A,4B,1.5009,0.4339,,none,0,0
afterglow,5,31,Calling Out Your Name (Original Mix),Lost,1A,6A,1.1224,0.5027,,none,0,0
afterglow,5,32,Calling Out Your Name (Original Mix),Love Somebody Else Feat. Joi Cardwell (Original Mix),1A,12B,1,0.4005,,none,0,0
afterglow,5,33,Calling Out Your Name (Original Mix),Love Song (Original Mix),1A,8A,1.0441,0.6998,,none,0,0
afterglow,5,34,Calling Out Your Name (Original Mix),Lucky Shot (Original Mix),1A,7A,0.7494,0.707,,none,0,0
afterglow,5,35,Calling Out Your Name (Original Mix),Lying Together,1A,2A,0.7282,0.7128,adjacent,harmonic,0.7,1
afterglow,5,36,Calling Out Your Name (Original Mix),Marijuana (Original Mix),1A,1A,1.0441,0.6154,same,harmonic,1,1
afterglow,5,37,Calling Out Your Name (Original Mix),Masala (Pablo Fierro Remix),1A,7A,1.5754,0.4956,,none,0,0
afterglow,5,38,Calling Out Your Name (Original Mix),Midas feat. Holly Walker (Ben Pearce Re-Edit),1A,8A,1.5754,0.6255,,none,0,0
afterglow,5,39,Calling Out Your Name (Original Mix),Never Sleep Again (Keinemusik Remix),1A,6A,0.7606,0.6906,,none,0,0
afterglow,5,40,Calling Out Your Name (Original Mix),Neverender (Extended),1A,11A,2.3153,0.3921,,none,0,0
afterglow,5,41,Calling Out Your Name (Original Mix),Night Blooming Jasmine (Original Mix),1A,4A,1.0441,0.5715,,none,0,0
afterglow,5,42,Calling Out Your Name (Original Mix),Night Blooming Jasmine (Rodriguez Jr. Remix),1A,4A,1.1665,0.599,,none,0,0
afterglow,5,43,Calling Out Your Name (Original Mix),Ocean Drive (Extended Mix),1A,1A,1.1665,0.4055,same,harmonic,1,1
afterglow,5,44,Calling Out Your Name (Original Mix),One Night/All Night (Original Mix),1A,4A,1.1665,0.4727,,none,0,0
afterglow,5,45,Calling Out Your Name (Original Mix),Opal (Four Tet Remix),1A,8A,1.4273,0.6367,,none,0,0
afterglow,5,46,Calling Out Your Name (Original Mix),Preach The World (Original Mix),1A,12A,1.3808,0.6049,adjacent,harmonic,0.7,1
afterglow,5,47,Calling Out Your Name (Original Mix),Promiscuous [AV Edit],1A,3A,1,0.4428,,none,0,0
afterglow,5,48,Calling Out Your Name (Original Mix),Regulate (feat. Nate Dogg),1A,9A,1.4685,0.4449,,none,0,0
afterglow,5,49,Calling Out Your Name (Original Mix),Saturday Night (Extended),1A,4A,1.0441,0.729,,none,0,0
afterglow,5,50,Calling Out Your Name (Original Mix),Sell My Heart (Kreative Nativez Remix),1A,11A,2.0882,0.6097,,none,0,0
afterglow,5,51,Calling Out Your Name (Original Mix),Sing It Back (feat. Naila) (Original Mix),1A,12A,1.0008,0.8707,adjacent,harmonic,0.7,1
afterglow,5,52,Calling Out Your Name (Original Mix),Sing It Back (Herbert's Tasteful Dub),1A,2A,1.0441,0.6154,adjacent,harmonic,0.7,1
afterglow,5,53,Calling Out Your Name (Original Mix),Skin (Rinzen Remix),1A,8A,1.5754,0.743,,none,0,0
afterglow,5,54,Calling Out Your Name (Original Mix),Slow Down (James Cole Remix),1A,9A,1.5298,0.5274,,none,0,0
afterglow,5,55,Calling Out Your Name (Original Mix),So U Kno (Original Mix),1A,4A,1.6206,0.3561,,none,0,0
afterglow,5,56,Calling Out Your Name (Original Mix),Sordid Affair (Maceo Plex Mix),1A,3A,0.8407,0.6455,,none,0,0
afterglow,5,57,Calling Out Your Name (Original Mix),Stones Throw (Original Mix),1A,8A,1.0441,0.403,,none,0,0
afterglow,5,58,Calling Out Your Name (Original Mix),Sunset Drive (Extended Mix),1A,5A,1.611,0.5307,,none,0,0
afterglow,5,59,Calling Out Your Name (Original Mix),Symmetry (Rodriguez Jr. Remix),1A,11A,0.9102,0.8296,,none,0,0
afterglow,5,60,Calling Out Your Name (Original Mix),Teardrops (Don't Stop The Music) (Original Mix),1A,5B,1,0.7555,,none,0,0
afterglow,5,61,Calling Out Your Name (Original Mix),Tearing Me Up (Original Mix),1A,7A,0.3253,0.8433,,none,0,0
afterglow,5,62,Calling Out Your Name (Original Mix),The Way You Move (Original Mix),1A,5A,1.5365,0.3274,,none,0,0
afterglow,5,63,Calling Out Your Name (Original Mix),There's Never Been (No One Like You)(P's Sunrise Edit),1A,10B,1.1665,0.7315,,none,0,0
afterglow,5,64,Calling Out Your Name (Original Mix),Touch (Four Tet Remix),1A,8B,1.1665,0.6274,,none,0,0
afterglow,5,65,Calling Out Your Name (Original Mix),Videotape (Original Mix),1A,12A,1.8028,0.4101,adjacent,harmonic,0.7,1
afterglow,5,66,Calling Out Your Name (Original Mix),Walk The Line (Extended Mix),1A,9A,1.1665,0.5003,,none,0,0
afterglow,5,67,Calling Out Your Name (Original Mix),Walk The Line (Themba Extended Mix),1A,9A,2.3153,0.4311,,none,0,0
afterglow,5,68,Calling Out Your Name (Original Mix),We Are Child Of Love (The Mekanism Remix),1A,12A,0.9278,0.6694,adjacent,harmonic,0.7,1
afterglow,5,69,Calling Out Your Name (Original Mix),What Can I Do,1A,8A,0.6006,0.6211,,none,0,0
afterglow,5,70,Calling Out Your Name (Original Mix),What I Might Do,1A,5A,1.3732,0.3924,,none,0,0
afterglow,5,71,Calling Out Your Name (Original Mix),When Will I See You Again (Amtrac Remix),1A,5B,1.7708,0.5396,,none,0,0
afterglow,5,72,Calling Out Your Name (Original Mix),Where the Subtle Meets Infinity (Original Mix),1A,1A,1.5365,0.5973,same,harmonic,1,1
afterglow,5,73,Calling Out Your Name (Original Mix),Wish We Could feat. Syon & Darla Jade (Extended Mix),1A,3A,0.9122,0.8336,,none,0,0
afterglow,6,7,Can't Do Without You (Tale Of Us & Mano Le Tough Remix),Deep in the Bottom (of Africa),8A,5A,1.2173,0.6164,,none,0,0
afterglow,6,8,Can't Do Without You (Tale Of Us & Mano Le Tough Remix),DJs Gotta Dance More feat. Todd Terry (Extended),8A,10A,1.4457,0.39,,none,0,0
afterglow,6,9,Can't Do Without You (Tale Of Us & Mano Le Tough Remix),Dolores,8A,10A,0.0832,0.729,,none,0,0
afterglow,6,10,Can't Do Without You (Tale Of Us & Mano Le Tough Remix),Don’t Turn It Off feat. Qzen (Session Victim Extended Remix),8A,8A,0.5832,0.5321,same,harmonic,1,1
afterglow,6,11,Can't Do Without You (Tale Of Us & Mano Le Tough Remix),Equal Responsibility (Betoko Remix),8A,12A,0,0.5866,,none,0,0
afterglow,6,12,Can't Do Without You (Tale Of Us & Mano Le Tough Remix),Escape feat. Hayla (Extended Mix),8A,8A,1.2173,0.4305,same,harmonic,1,1
afterglow,6,13,Can't Do Without You (Tale Of Us & Mano Le Tough Remix),Feel Good (feat. Charlotte Cardin) [Remix] (feat. Charlotte Cardin),8A,11A,0.6006,0.6568,,none,0,0
afterglow,6,14,Can't Do Without You (Tale Of Us & Mano Le Tough Remix),Feel The Fire (Journeyman Remix),8A,7A,0.5327,0.5735,adjacent,harmonic,0.7,1
afterglow,6,15,Can't Do Without You (Tale Of Us & Mano Le Tough Remix),Feel The Game (Extended Remix),8A,1A,0.6006,0.5088,,none,0,0
afterglow,6,16,Can't Do Without You (Tale Of Us & Mano Le Tough Remix),Fifty Ways To Love Your Liver (Original Mix),8A,8A,0.9879,0.4103,same,harmonic,1,1
afterglow,6,17,Can't Do Without You (Tale Of Us & Mano Le Tough Remix),Final Credits (Original Mix),8A,4A,1.2071,0.6701,,none,0,0
afterglow,6,18,Can't Do Without You (Tale Of Us & Mano Le Tough Remix),Give Life Back to Music (Original Mix),8A,8A,0.7792,0.7092,same,harmonic,1,1
afterglow,6,19,Can't Do Without You (Tale Of Us & Mano Le Tough Remix),Gooey (Original Mix),8A,10A,1.0516,0.6606,,none,0,0
afterglow,6,20,Can't Do Without You (Tale Of Us & Mano Le Tough Remix),Hit The Ground  (Extended Mix),8A,6A,0.6006,0.603,,none,0,0
afterglow,6,21,Can't Do Without You (Tale Of Us & Mano Le Tough Remix),Houdini (Adam Port Mix),8A,6A,0.6006,0.6811,,none,0,0
afterglow,6,22,Can't Do Without You (Tale Of Us & Mano Le Tough Remix),I Remember (Original Mix),8A,10A,1.197,0.5447,,none,0,0
afterglow,6,23,Can't Do Without You (Tale Of Us & Mano Le Tough Remix),I Won't Fade Away feat. Alice Russell (Original Mix),8A,9A,1.0449,0.5332,adjacent,harmonic,0.7,1
afterglow,6,24,Can't Do Without You (Tale Of Us & Mano Le Tough Remix),Illusory (Extended Mix),8A,1A,1.1684,0.5504,,none,0,0
afterglow,6,25,Can't Do Without You (Tale Of Us & Mano Le Tough Remix),It's A Memory (Amtrac Remix),8A,2A,0.7682,0.5424,,none,0,0
afterglow,6,26,Can't Do Without You (Tale Of Us & Mano Le Tough Remix),It's Not Enough feat. Janai (Original Mix),8A,4A,0.3003,0.6771,,none,0,0
afterglow,6,27,Can't Do Without You (Tale Of Us & Mano Le Tough Remix),It's Not Right (Original Mix),8A,5A,0.5364,0.6523,,none,0,0
afterglow,6,28,Can't Do Without You (Tale Of Us & Mano Le Tough Remix),Izolo feat. Khonaye (Lost Desert & Lee Burridge Remix),8A,9A,0.6006,0.6723,adjacent,harmonic,0.7,1
afterglow,6,29,Can't Do Without You (Tale Of Us & Mano Le Tough Remix),Just a Bitter Love,8A,6A,0.356,0.4079,,none,0,0
afterglow,6,30,Can't Do Without You (Tale Of Us & Mano Le Tough Remix),Latch (Jamie Jones Remix),8A,4B,0.5582,0.5053,,none,0,0
afterglow,6,31,Can't Do Without You (Tale Of Us & Mano Le Tough Remix),Lost,8A,6A,0.5096,0.5633,,none,0,0
afterglow,6,32,Can't Do Without You (Tale Of Us & Mano Le Tough Remix),Love Somebody Else Feat. Joi Cardwell (Original Mix),8A,12B,0,0.4864,,none,0,0
afterglow,6,33,Can't Do Without You (Tale Of Us & Mano Le Tough Remix),Love Song (Original Mix),8A,8A,0.3003,0.5637,same,harmonic,1,1
afterglow,6,34,Can't Do Without You (Tale Of Us & Mano Le Tough Remix),Lucky Shot (Original Mix),8A,7A,0.7494,0.5925,adjacent,harmonic,0.7,1
afterglow,6,35,Can't Do Without You (Tale Of Us & Mano Le Tough Remix),Lying Together,8A,2A,1.237,0.5523,,none,0,0
afterglow,6,36,Can't Do Without You (Tale Of Us & Mano Le Tough Remix),Marijuana (Original Mix),8A,1A,0.3003,0.6945,,none,0,0
afterglow,6,37,Can't Do Without You (Tale Of Us & Mano Le Tough Remix),Masala (Pablo Fierro Remix),8A,7A,1.2173,0.5784,adjacent,harmonic,0.7,1
afterglow,6,38,Can't Do Without You (Tale Of Us & Mano Le Tough Remix),Midas feat. Holly Walker (Ben Pearce Re-Edit),8A,8A,1.168,0.4513,same,harmonic,1,1
afterglow,6,39,Can't Do Without You (Tale Of Us & Mano Le Tough Remix),Never Sleep Again (Keinemusik Remix),8A,6A,0.8032,0.5545,,none,0,0
afterglow,6,40,Can't Do Without You (Tale Of Us & Mano Le Tough Remix),Neverender (Extended),8A,11A,2.0882,0.6263,,none,0,0
afterglow,6,41,Can't Do Without You (Tale Of Us & Mano Le Tough Remix),Night Blooming Jasmine (Original Mix),8A,4A,0.3003,0.6449,,none,0,0
afterglow,6,42,Can't Do Without You (Tale Of Us & Mano Le Tough Remix),Night Blooming Jasmine (Rodriguez Jr. Remix),8A,4A,0.6006,0.6785,,none,0,0
afterglow,6,43,Can't Do Without You (Tale Of Us & Mano Le Tough Remix),Ocean Drive (Extended Mix),8A,1A,0.6006,0.4758,,none,0,0
afterglow,6,44,Can't Do Without You (Tale Of Us & Mano Le Tough Remix),One Night/All Night (Original Mix),8A,4A,0.6006,0.5545,,none,0,0
afterglow,6,45,Can't Do Without You (Tale Of Us & Mano Le Tough Remix),Opal (Four Tet Remix),8A,8A,0.9292,0.5273,same,harmonic,1,1
afterglow,6,46,Can't Do Without You (Tale Of Us & Mano Le Tough Remix),Preach The World (Original Mix),8A,12A,1.3593,0.5564,,none,0,0
afterglow,6,47,Can't Do Without You (Tale Of Us & Mano Le Tough Remix),Promiscuous [AV Edit],8A,3A,0,0.5156,,none,0,0
afterglow,6,48,Can't Do Without You (Tale Of Us & Mano Le Tough Remix),Regulate (feat. Nate Dogg),8A,9A,0.5306,0.5181,adjacent,harmonic,0.7,1
afterglow,6,49,Can't Do Without You (Tale Of Us & Mano Le Tough Remix),Saturday Night (Extended),8A,4A,0.3003,0.4048,,none,0,0
afterglow,6,50,Can't Do Without You (Tale Of Us & Mano Le Tough Remix),Sell My Heart (Kreative Nativez Remix),8A,11A,1.1665,0.4492,,none,0,0
afterglow,6,51,Can't Do Without You (Tale Of Us & Mano Le Tough Remix),Sing It Back (feat. Naila) (Original Mix),8A,12A,0.04,0.7728,,none,0,0
afterglow,6,52,Can't Do Without You (Tale Of Us & Mano Le Tough Remix),Sing It Back (Herbert's Tasteful Dub),8A,2A,0.3003,0.6945,,none,0,0
afterglow,6,53,Can't Do Without You (Tale Of Us & Mano Le Tough Remix),Skin (Rinzen Remix),8A,8A,1.168,0.6022,same,harmonic,1,1
afterglow,6,54,Can't Do Without You (Tale Of Us & Mano Le Tough Remix),Slow Down (James Cole Remix),8A,9A,0.5832,0.5724,adjacent,harmonic,0.7,1
afterglow,6,55,Can't Do Without You (Tale Of Us & Mano Le Tough Remix),So U Kno (Original Mix),8A,4A,1.2753,0.4631,,none,0,0
afterglow,6,56,Can't Do Without You (Tale Of Us & Mano Le Tough Remix),Sordid Affair (Maceo Plex Mix),8A,3A,0.7282,0.5855,,none,0,0
afterglow,6,57,Can't Do Without You (Tale Of Us & Mano Le Tough Remix),Stones Throw (Original Mix),8A,8A,0.3003,0.4919,same,harmonic,1,1
afterglow,6,58,Can't Do Without You (Tale Of Us & Mano Le Tough Remix),Sunset Drive (Extended Mix),8A,5A,1.263,0.617,,none,0,0
afterglow,6,59,Can't Do Without You (Tale Of Us & Mano Le Tough Remix),Symmetry (Rodriguez Jr. Remix),8A,11A,0.9102,0.7379,,none,0,0
afterglow,6,60,Can't Do Without You (Tale Of Us & Mano Le Tough Remix),Teardrops (Don't Stop The Music) (Original Mix),8A,5B,0,0.6718,,none,0,0
afterglow,6,61,Can't Do Without You (Tale Of Us & Mano Le Tough Remix),Tearing Me Up (Original Mix),8A,7A,1.0516,0.6606,adjacent,harmonic,0.7,1
afterglow,6,62,Can't Do Without You (Tale Of Us & Mano Le Tough Remix),The Way You Move (Original Mix),8A,5A,1.1665,0.4056,,none,0,0
afterglow,6,63,Can't Do Without You (Tale Of Us & Mano Le Tough Remix),There's Never Been (No One Like You)(P's Sunrise Edit),8A,10B,0.6006,0.6205,,none,0,0
afterglow,6,64,Can't Do Without You (Tale Of Us & Mano Le Tough Remix),Touch (Four Tet Remix),8A,8B,0.6006,0.6811,,none,0,0
afterglow,6,65,Can't Do Without You (Tale Of Us & Mano Le Tough Remix),Videotape (Original Mix),8A,12A,1.118,0.451,,none,0,0
afterglow,6,66,Can't Do Without You (Tale Of Us & Mano Le Tough Remix),Walk The Line (Extended Mix),8A,9A,0.6006,0.565,adjacent,harmonic,0.7,1
afterglow,6,67,Can't Do Without You (Tale Of Us & Mano Le Tough Remix),Walk The Line (Themba Extended Mix),8A,9A,2.0882,0.6885,adjacent,harmonic,0.7,1
afterglow,6,68,Can't Do Without You (Tale Of Us & Mano Le Tough Remix),We Are Child Of Love (The Mekanism Remix),8A,12A,0.9278,0.5707,,none,0,0
afterglow,6,69,Can't Do Without You (Tale Of Us & Mano Le Tough Remix),What Can I Do,8A,8A,1.1665,0.2589,same,harmonic,1,1
afterglow,6,70,Can't Do Without You (Tale Of Us & Mano Le Tough Remix),What I Might Do,8A,5A,0.9412,0.4766,,none,0,0
afterglow,6,71,Can't Do Without You (Tale Of Us & Mano Le Tough Remix),When Will I See You Again (Amtrac Remix),8A,5B,1.0657,0.5845,,none,0,0
afterglow,6,72,Can't Do Without You (Tale Of Us & Mano Le Tough Remix),Where the Subtle Meets Infinity (Original Mix),8A,1A,1.1665,0.476,,none,0,0
afterglow,6,73,Can't Do Without You (Tale Of Us & Mano Le Tough Remix),Wish We Could feat. Syon & Darla Jade (Extended Mix),8A,3A,0.9122,0.7294,,none,0,0
afterglow,7,8,Deep in the Bottom (of Africa),DJs Gotta Dance More feat. Todd Terry (Extended),5A,10A,2.3084,0.1872,,none,0,0
afterglow,7,9,Deep in the Bottom (of Africa),Dolores,5A,10A,1.2702,0.3792,,none,0,0
afterglow,7,10,Deep in the Bottom (of Africa),Don’t Turn It Off feat. Qzen (Session Victim Extended Remix),5A,8A,0.6344,0.5412,,none,0,0
afterglow,7,11,Deep in the Bottom (of Africa),Equal Responsibility (Betoko Remix),5A,12A,1.2173,0.2113,,none,0,0
afterglow,7,12,Deep in the Bottom (of Africa),Escape feat. Hayla (Extended Mix),5A,8A,0,0.7712,,none,0,0
afterglow,7,13,Deep in the Bottom (of Africa),Feel Good (feat. Charlotte Cardin) [Remix] (feat. Charlotte Cardin),5A,11A,1.0588,0.799,,none,0,0
afterglow,7,14,Deep in the Bottom (of Africa),Feel The Fire (Journeyman Remix),5A,7A,0.8028,0.5388,,none,0,0
afterglow,7,15,Deep in the Bottom (of Africa),Feel The Game (Extended Remix),5A,1A,1.0588,0.1607,,none,0,0
afterglow,7,16,Deep in the Bottom (of Africa),Fifty Ways To Love Your Liver (Original Mix),5A,8A,0.3225,0.7279,,none,0,0
afterglow,7,17,Deep in the Bottom (of Africa),Final Credits (Original Mix),5A,4A,0.746,0.8455,adjacent,harmonic,0.7,1
afterglow,7,18,Deep in the Bottom (of Africa),Give Life Back to Music (Original Mix),5A,8A,0.8565,0.5517,,none,0,0
afterglow,7,19,Deep in the Bottom (of Africa),Gooey (Original Mix),5A,10A,1.5785,0.2239,,none,0,0
afterglow,7,20,Deep in the Bottom (of Africa),Hit The Ground  (Extended Mix),5A,6A,1.0588,0.3206,adjacent,harmonic,0.7,1
afterglow,7,21,Deep in the Bottom (of Africa),Houdini (Adam Port Mix),5A,6A,1.0588,0.877,adjacent,harmonic,0.7,1
afterglow,7,22,Deep in the Bottom (of Africa),I Remember (Original Mix),5A,10A,0.5582,0.8589,,none,0,0
afterglow,7,23,Deep in the Bottom (of Africa),I Won't Fade Away feat. Alice Russell (Original Mix),5A,9A,0.3088,0.8679,,none,0,0
afterglow,7,24,Deep in the Bottom (of Africa),Illusory (Extended Mix),5A,1A,0.0889,0.3842,,none,0,0
afterglow,7,25,Deep in the Bottom (of Africa),It's A Memory (Amtrac Remix),5A,2A,0.8078,0.5163,,none,0,0
afterglow,7,26,Deep in the Bottom (of Africa),It's Not Enough feat. Janai (Original Mix),5A,4A,1.1006,0.3549,adjacent,harmonic,0.7,1
afterglow,7,27,Deep in the Bottom (of Africa),It's Not Right (Original Mix),5A,5A,1.1869,0.8086,same,harmonic,1,1
afterglow,7,28,Deep in the Bottom (of Africa),Izolo feat. Khonaye (Lost Desert & Lee Burridge Remix),5A,9A,1.0588,0.3574,,none,0,0
afterglow,7,29,Deep in the Bottom (of Africa),Just a Bitter Love,5A,6A,0.9501,0.3536,adjacent,harmonic,0.7,1
afterglow,7,30,Deep in the Bottom (of Africa),Latch (Jamie Jones Remix),5A,4B,1.197,0.6552,,none,0,0
afterglow,7,31,Deep in the Bottom (of Africa),Lost,5A,6A,0.7133,0.5139,adjacent,harmonic,0.7,1
afterglow,7,32,Deep in the Bottom (of Africa),Love Somebody Else Feat. Joi Cardwell (Original Mix),5A,12B,1.2173,0.6097,,none,0,0
afterglow,7,33,Deep in the Bottom (of Africa),Love Song (Original Mix),5A,8A,1.1006,0.1911,,none,0,0
afterglow,7,34,Deep in the Bottom (of Africa),Lucky Shot (Original Mix),5A,7A,1.6369,0.5598,,none,0,0
afterglow,7,35,Deep in the Bottom (of Africa),Lying Together,5A,2A,1.1911,0.5523,,none,0,0
afterglow,7,36,Deep in the Bottom (of Africa),Marijuana (Original Mix),5A,1A,1.1006,0.8736,,none,0,0
afterglow,7,37,Deep in the Bottom (of Africa),Masala (Pablo Fierro Remix),5A,7A,0,0.9225,,none,0,0
afterglow,7,38,Deep in the Bottom (of Africa),Midas feat. Holly Walker (Ben Pearce Re-Edit),5A,8A,0.0832,0.2059,,none,0,0
afterglow,7,39,Deep in the Bottom (of Africa),Never Sleep Again (Keinemusik Remix),5A,6A,1.1856,0.7228,adjacent,harmonic,0.7,1
afterglow,7,40,Deep in the Bottom (of Africa),Neverender (Extended),5A,11A,0.9412,0.8223,,none,0,0
afterglow,7,41,Deep in the Bottom (of Africa),Night Blooming Jasmine (Original Mix),5A,4A,1.1006,0.8113,adjacent,harmonic,0.7,1
afterglow,7,42,Deep in the Bottom (of Africa),Night Blooming Jasmine (Rodriguez Jr. Remix),5A,4A,1.0588,0.8747,adjacent,harmonic,0.7,1
afterglow,7,43,Deep in the Bottom (of Africa),Ocean Drive (Extended Mix),5A,1A,1.0588,0.6309,,none,0,0
afterglow,7,44,Deep in the Bottom (of Africa),One Night/All Night (Original Mix),5A,4A,1.0588,0.7354,adjacent,harmonic,0.7,1
afterglow,7,45,Deep in the Bottom (of Africa),Opal (Four Tet Remix),5A,8A,0.3627,0.8356,,none,0,0
afterglow,7,46,Deep in the Bottom (of Africa),Preach The World (Original Mix),5A,12A,0.4752,0.8602,,none,0,0
afterglow,7,47,Deep in the Bottom (of Africa),Promiscuous [AV Edit],5A,3A,1.2173,0.6686,,none,0,0
afterglow,7,48,Deep in the Bottom (of Africa),Regulate (feat. Nate Dogg),5A,9A,1.1844,0.6718,,none,0,0
afterglow,7,49,Deep in the Bottom (of Africa),Saturday Night (Extended),5A,4A,1.1006,0.5828,adjacent,harmonic,0.7,1
afterglow,7,50,Deep in the Bottom (of Africa),Sell My Heart (Kreative Nativez Remix),5A,11A,1.4564,0.6582,,none,0,0
afterglow,7,51,Deep in the Bottom (of Africa),Sing It Back (feat. Naila) (Original Mix),5A,12A,1.2523,0.6595,,none,0,0
afterglow,7,52,Deep in the Bottom (of Africa),Sing It Back (Herbert's Tasteful Dub),5A,2A,1.1006,0.8736,,none,0,0
afterglow,7,53,Deep in the Bottom (of Africa),Skin (Rinzen Remix),5A,8A,0.0832,0.4001,,none,0,0
afterglow,7,54,Deep in the Bottom (of Africa),Slow Down (James Cole Remix),5A,9A,1.2088,0.7279,,none,0,0
afterglow,7,55,Deep in the Bottom (of Africa),So U Kno (Original Mix),5A,4A,0.0662,0.8061,adjacent,harmonic,0.7,1
afterglow,7,56,Deep in the Bottom (of Africa),Sordid Affair (Maceo Plex Mix),5A,3A,1.1361,0.7575,,none,0,0
afterglow,7,57,Deep in the Bottom (of Africa),Stones Throw (Original Mix),5A,8A,1.1006,0.6142,,none,0,0
afterglow,7,58,Deep in the Bottom (of Africa),Sunset Drive (Extended Mix),5A,5A,0.0523,0.9987,same,harmonic,1,1
afterglow,7,59,Deep in the Bottom (of Africa),Symmetry (Rodriguez Jr. Remix),5A,11A,1.6053,0.7385,,none,0,0
afterglow,7,60,Deep in the Bottom (of Africa),Teardrops (Don't Stop The Music) (Original Mix),5A,5B,1.2173,0.455,,none,0,0
afterglow,7,61,Deep in the Bottom (of Africa),Tearing Me Up (Original Mix),5A,7A,1.4008,0.2239,,none,0,0
afterglow,7,62,Deep in the Bottom (of Africa),The Way You Move (Original Mix),5A,5A,0.0588,0.7274,same,harmonic,1,1
afterglow,7,63,Deep in the Bottom (of Africa),There's Never Been (No One Like You)(P's Sunrise Edit),5A,10B,1.0588,0.3298,,none,0,0
afterglow,7,64,Deep in the Bottom (of Africa),Touch (Four Tet Remix),5A,8B,1.0588,0.877,,none,0,0
afterglow,7,65,Deep in the Bottom (of Africa),Videotape (Original Mix),5A,12A,0.7837,0.7993,,none,0,0
afterglow,7,66,Deep in the Bottom (of Africa),Walk The Line (Extended Mix),5A,9A,1.0588,0.7193,,none,0,0
afterglow,7,67,Deep in the Bottom (of Africa),Walk The Line (Themba Extended Mix),5A,9A,0.9412,0.904,,none,0,0
afterglow,7,68,Deep in the Bottom (of Africa),We Are Child Of Love (The Mekanism Remix),5A,12A,1.637,0.5208,,none,0,0
afterglow,7,69,Deep in the Bottom (of Africa),What Can I Do,5A,8A,1.4564,0.4252,,none,0,0
afterglow,7,70,Deep in the Bottom (of Africa),What I Might Do,5A,5A,0.612,0.7828,same,harmonic,1,1
afterglow,7,71,Deep in the Bottom (of Africa),When Will I See You Again (Amtrac Remix),5A,5B,0.7903,0.9153,,none,0,0
afterglow,7,72,Deep in the Bottom (of Africa),Where the Subtle Meets Infinity (Original Mix),5A,1A,0.0588,0.3194,,none,0,0
afterglow,7,73,Deep in the Bottom (of Africa),Wish We Could feat. Syon & Darla Jade (Extended Mix),5A,3A,1.6091,0.7305,,none,0,0
afterglow,8,9,DJs Gotta Dance More feat. Todd Terry (Extended),Dolores,10A,10A,1.3645,0.5578,same,harmonic,1,1
afterglow,8,10,DJs Gotta Dance More feat. Todd Terry (Extended),Don’t Turn It Off feat. Qzen (Session Victim Extended Remix),10A,8A,1.8028,0.6295,,none,0,0
afterglow,8,11,DJs Gotta Dance More feat. Todd Terry (Extended),Equal Responsibility (Betoko Remix),10A,12A,1.4457,0.6854,,none,0,0
afterglow,8,12,DJs Gotta Dance More feat. Todd Terry (Extended),Escape feat. Hayla (Extended Mix),10A,8A,2.3084,0.3031,,none,0,0
afterglow,8,13,DJs Gotta Dance More feat. Todd Terry (Extended),Feel Good (feat. Charlotte Cardin) [Remix] (feat. Charlotte Cardin),10A,11A,1.4457,0.3676,adjacent,harmonic,0.7,1
afterglow,8,14,DJs Gotta Dance More feat. Todd Terry (Extended),Feel The Fire (Journeyman Remix),10A,7A,1.8207,0.3925,,none,0,0
afterglow,8,15,DJs Gotta Dance More feat. Todd Terry (Extended),Feel The Game (Extended Remix),10A,1A,1.4457,0.7764,,none,0,0
afterglow,8,16,DJs Gotta Dance More feat. Todd Terry (Extended),Fifty Ways To Love Your Liver (Original Mix),10A,8A,2.1836,0.366,,none,0,0
afterglow,8,17,DJs Gotta Dance More feat. Todd Terry (Extended),Final Credits (Original Mix),10A,4A,2.2186,0.4395,,none,0,0
afterglow,8,18,DJs Gotta Dance More feat. Todd Terry (Extended),Give Life Back to Music (Original Mix),10A,8A,1.7574,0.6278,,none,0,0
afterglow,8,19,DJs Gotta Dance More feat. Todd Terry (Extended),Gooey (Original Mix),10A,10A,0.875,0.6698,same,harmonic,1,1
afterglow,8,20,DJs Gotta Dance More feat. Todd Terry (Extended),Hit The Ground  (Extended Mix),10A,6A,1.4457,0.7975,,none,0,0
afterglow,8,21,DJs Gotta Dance More feat. Todd Terry (Extended),Houdini (Adam Port Mix),10A,6A,1.4457,0.2068,,none,0,0
afterglow,8,22,DJs Gotta Dance More feat. Todd Terry (Extended),I Remember (Original Mix),10A,10A,2.5301,0.3175,same,harmonic,1,1
afterglow,8,23,DJs Gotta Dance More feat. Todd Terry (Extended),I Won't Fade Away feat. Alice Russell (Original Mix),10A,9A,2.255,0.3195,adjacent,harmonic,0.7,1
afterglow,8,24,DJs Gotta Dance More feat. Todd Terry (Extended),Illusory (Extended Mix),10A,1A,2.2865,0.5173,,none,0,0
afterglow,8,25,DJs Gotta Dance More feat. Todd Terry (Extended),It's A Memory (Amtrac Remix),10A,2A,1.5811,0.7729,,none,0,0
afterglow,8,26,DJs Gotta Dance More feat. Todd Terry (Extended),It's Not Enough feat. Janai (Original Mix),10A,4A,1.4142,0.6374,,none,0,0
afterglow,8,27,DJs Gotta Dance More feat. Todd Terry (Extended),It's Not Right (Original Mix),10A,5A,1.144,0.3626,,none,0,0
afterglow,8,28,DJs Gotta Dance More feat. Todd Terry (Extended),Izolo feat. Khonaye (Lost Desert & Lee Burridge Remix),10A,9A,1.4457,0.617,adjacent,harmonic,0.7,1
afterglow,8,29,DJs Gotta Dance More feat. Todd Terry (Extended),Just a Bitter Love,10A,6A,1.6228,0.8114,,none,0,0
afterglow,8,30,DJs Gotta Dance More feat. Todd Terry (Extended),Latch (Jamie Jones Remix),10A,4B,1.7784,0.2261,,none,0,0
afterglow,8,31,DJs Gotta Dance More feat. Todd Terry (Extended),Lost,10A,6A,1.7301,0.6328,,none,0,0
afterglow,8,32,DJs Gotta Dance More feat. Todd Terry (Extended),Love Somebody Else Feat. Joi Cardwell (Original Mix),10A,12B,1.4457,0.5272,,none,0,0
afterglow,8,33,DJs Gotta Dance More feat. Todd Terry (Extended),Love Song (Original Mix),10A,8A,1.4142,0.6864,,none,0,0
afterglow,8,34,DJs Gotta Dance More feat. Todd Terry (Extended),Lucky Shot (Original Mix),10A,7A,0.7282,0.6563,,none,0,0
afterglow,8,35,DJs Gotta Dance More feat. Todd Terry (Extended),Lying Together,10A,2A,1.4434,0.6702,,none,0,0
afterglow,8,36,DJs Gotta Dance More feat. Todd Terry (Extended),Marijuana (Original Mix),10A,1A,1.4142,0.2261,,none,0,0
afterglow,8,37,DJs Gotta Dance More feat. Todd Terry (Extended),Masala (Pablo Fierro Remix),10A,7A,2.3084,0.3189,,none,0,0
afterglow,8,38,DJs Gotta Dance More feat. Todd Terry (Extended),Midas feat. Holly Walker (Ben Pearce Re-Edit),10A,8A,2.2828,0.4263,,none,0,0
afterglow,8,39,DJs Gotta Dance More feat. Todd Terry (Extended),Never Sleep Again (Keinemusik Remix),10A,6A,1.1437,0.5068,,none,0,0
afterglow,8,40,DJs Gotta Dance More feat. Todd Terry (Extended),Neverender (Extended),10A,11A,3.1765,0.3454,adjacent,harmonic,0.7,1
afterglow,8,41,DJs Gotta Dance More feat. Todd Terry (Extended),Night Blooming Jasmine (Original Mix),10A,4A,1.4142,0.3551,,none,0,0
afterglow,8,42,DJs Gotta Dance More feat. Todd Terry (Extended),Night Blooming Jasmine (Rodriguez Jr. Remix),10A,4A,1.4457,0.1846,,none,0,0
afterglow,8,43,DJs Gotta Dance More feat. Todd Terry (Extended),Ocean Drive (Extended Mix),10A,1A,1.4457,0.402,,none,0,0
afterglow,8,44,DJs Gotta Dance More feat. Todd Terry (Extended),One Night/All Night (Original Mix),10A,4A,1.4457,0.2343,,none,0,0
afterglow,8,45,DJs Gotta Dance More feat. Todd Terry (Extended),Opal (Four Tet Remix),10A,8A,2.1673,0.3306,,none,0,0
afterglow,8,46,DJs Gotta Dance More feat. Todd Terry (Extended),Preach The World (Original Mix),10A,12A,2.2104,0.4536,,none,0,0
afterglow,8,47,DJs Gotta Dance More feat. Todd Terry (Extended),Promiscuous [AV Edit],10A,3A,1.4457,0.3948,,none,0,0
afterglow,8,48,DJs Gotta Dance More feat. Todd Terry (Extended),Regulate (feat. Nate Dogg),10A,9A,1.7511,0.2318,adjacent,harmonic,0.7,1
afterglow,8,49,DJs Gotta Dance More feat. Todd Terry (Extended),Saturday Night (Extended),10A,4A,1.4142,0.4023,,none,0,0
afterglow,8,50,DJs Gotta Dance More feat. Todd Terry (Extended),Sell My Heart (Kreative Nativez Remix),10A,11A,2.2561,0.201,adjacent,harmonic,0.7,1
afterglow,8,51,DJs Gotta Dance More feat. Todd Terry (Extended),Sing It Back (feat. Naila) (Original Mix),10A,12A,1.4184,0.4634,,none,0,0
afterglow,8,52,DJs Gotta Dance More feat. Todd Terry (Extended),Sing It Back (Herbert's Tasteful Dub),10A,2A,1.4142,0.2261,,none,0,0
afterglow,8,53,DJs Gotta Dance More feat. Todd Terry (Extended),Skin (Rinzen Remix),10A,8A,2.2828,0.3657,,none,0,0
afterglow,8,54,DJs Gotta Dance More feat. Todd Terry (Extended),Slow Down (James Cole Remix),10A,9A,1.8028,0.3469,adjacent,harmonic,0.7,1
afterglow,8,55,DJs Gotta Dance More feat. Todd Terry (Extended),So U Kno (Original Mix),10A,4A,2.3677,0.1956,,none,0,0
afterglow,8,56,DJs Gotta Dance More feat. Todd Terry (Extended),Sordid Affair (Maceo Plex Mix),10A,3A,1.1984,0.4548,,none,0,0
afterglow,8,57,DJs Gotta Dance More feat. Todd Terry (Extended),Stones Throw (Original Mix),10A,8A,1.4142,0.5244,,none,0,0
afterglow,8,58,DJs Gotta Dance More feat. Todd Terry (Extended),Sunset Drive (Extended Mix),10A,5A,2.3552,0.1741,,none,0,0
afterglow,8,59,DJs Gotta Dance More feat. Todd Terry (Extended),Symmetry (Rodriguez Jr. Remix),10A,11A,0.7903,0.4979,adjacent,harmonic,0.7,1
afterglow,8,60,DJs Gotta Dance More feat. Todd Terry (Extended),Teardrops (Don't Stop The Music) (Original Mix),10A,5B,1.4457,0.615,,none,0,0
afterglow,8,61,DJs Gotta Dance More feat. Todd Terry (Extended),Tearing Me Up (Original Mix),10A,7A,1.125,0.624,,none,0,0
afterglow,8,62,DJs Gotta Dance More feat. Todd Terry (Extended),The Way You Move (Original Mix),10A,5A,2.2561,0.4688,,none,0,0
afterglow,8,63,DJs Gotta Dance More feat. Todd Terry (Extended),There's Never Been (No One Like You)(P's Sunrise Edit),10A,10B,1.4457,0.7201,,none,0,0
afterglow,8,64,DJs Gotta Dance More feat. Todd Terry (Extended),Touch (Four Tet Remix),10A,8B,1.4457,0.2068,,none,0,0
afterglow,8,65,DJs Gotta Dance More feat. Todd Terry (Extended),Videotape (Original Mix),10A,12A,2.518,0.2229,,none,0,0
afterglow,8,66,DJs Gotta Dance More feat. Todd Terry (Extended),Walk The Line (Extended Mix),10A,9A,1.4457,0.5497,adjacent,harmonic,0.7,1
afterglow,8,67,DJs Gotta Dance More feat. Todd Terry (Extended),Walk The Line (Themba Extended Mix),10A,9A,3.1765,0.201,adjacent,harmonic,0.7,1
afterglow,8,68,DJs Gotta Dance More feat. Todd Terry (Extended),We Are Child Of Love (The Mekanism Remix),10A,12A,0.7682,0.6789,,none,0,0
afterglow,8,69,DJs Gotta Dance More feat. Todd Terry (Extended),What Can I Do,10A,8A,1.0441,0.6359,,none,0,0
afterglow,8,70,DJs Gotta Dance More feat. Todd Terry (Extended),What I Might Do,10A,5A,2.2042,0.3839,,none,0,0
afterglow,8,71,DJs Gotta Dance More feat. Todd Terry (Extended),When Will I See You Again (Amtrac Remix),10A,5B,2.4715,0.2106,,none,0,0
afterglow,8,72,DJs Gotta Dance More feat. Todd Terry (Extended),Where the Subtle Meets Infinity (Original Mix),10A,1A,2.2561,0.7263,,none,0,0
afterglow,8,73,DJs Gotta Dance More feat. Todd Terry (Extended),Wish We Could feat. Syon & Darla Jade (Extended Mix),10A,3A,0.7877,0.4976,,none,0,0
afterglow,9,10,Dolores,Don’t Turn It Off feat. Qzen (Session Victim Extended Remix),10A,8A,0.6371,0.8009,,none,0,0
afterglow,9,11,Dolores,Equal Responsibility (Betoko Remix),10A,12A,0.0832,0.8675,,none,0,0
afterglow,9,12,Dolores,Escape feat. Hayla (Extended Mix),10A,8A,1.2702,0.1939,,none,0,0
afterglow,9,13,Dolores,Feel Good (feat. Charlotte Cardin) [Remix] (feat. Charlotte Cardin),10A,11A,0.6063,0.3969,adjacent,harmonic,0.7,1
afterglow,9,14,Dolores,Feel The Fire (Journeyman Remix),10A,7A,0.5882,0.8392,,none,0,0
afterglow,9,15,Dolores,Feel The Game (Extended Remix),10A,1A,0.6063,0.7805,,none,0,0
afterglow,9,16,Dolores,Fifty Ways To Love Your Liver (Original Mix),10A,8A,1.0458,0.5188,,none,0,0
afterglow,9,17,Dolores,Final Credits (Original Mix),10A,4A,1.2429,0.571,,none,0,0
afterglow,9,18,Dolores,Give Life Back to Music (Original Mix),10A,8A,0.7982,0.6246,,none,0,0
afterglow,9,19,Dolores,Gooey (Original Mix),10A,10A,0.9901,0.8459,same,harmonic,1,1
afterglow,9,20,Dolores,Hit The Ground  (Extended Mix),10A,6A,0.6063,0.8277,,none,0,0
afterglow,9,21,Dolores,Houdini (Adam Port Mix),10A,6A,0.6063,0.4189,,none,0,0
afterglow,9,22,Dolores,I Remember (Original Mix),10A,10A,1.2726,0.458,same,harmonic,1,1
afterglow,9,23,Dolores,I Won't Fade Away feat. Alice Russell (Original Mix),10A,9A,1.1052,0.5812,adjacent,harmonic,0.7,1
afterglow,9,24,Dolores,Illusory (Extended Mix),10A,1A,1.2238,0.8157,,none,0,0
afterglow,9,25,Dolores,It's A Memory (Amtrac Remix),10A,2A,0.7727,0.5105,,none,0,0
afterglow,9,26,Dolores,It's Not Enough feat. Janai (Original Mix),10A,4A,0.3116,0.9272,,none,0,0
afterglow,9,27,Dolores,It's Not Right (Original Mix),10A,5A,0.4923,0.5503,,none,0,0
afterglow,9,28,Dolores,Izolo feat. Khonaye (Lost Desert & Lee Burridge Remix),10A,9A,0.6063,0.9228,adjacent,harmonic,0.7,1
afterglow,9,29,Dolores,Just a Bitter Love,10A,6A,0.3977,0.6717,,none,0,0
afterglow,9,30,Dolores,Latch (Jamie Jones Remix),10A,4B,0.6115,0.4125,,none,0,0
afterglow,9,31,Dolores,Lost,10A,6A,0.5613,0.645,,none,0,0
afterglow,9,32,Dolores,Love Somebody Else Feat. Joi Cardwell (Original Mix),10A,12B,0.0832,0.2321,,none,0,0
afterglow,9,33,Dolores,Love Song (Original Mix),10A,8A,0.3116,0.8484,,none,0,0
afterglow,9,34,Dolores,Lucky Shot (Original Mix),10A,7A,0.6741,0.5561,,none,0,0
afterglow,9,35,Dolores,Lying Together,10A,2A,1.2116,0.7143,,none,0,0
afterglow,9,36,Dolores,Marijuana (Original Mix),10A,1A,0.3116,0.4125,,none,0,0
afterglow,9,37,Dolores,Masala (Pablo Fierro Remix),10A,7A,1.2702,0.342,,none,0,0
afterglow,9,38,Dolores,Midas feat. Holly Walker (Ben Pearce Re-Edit),10A,8A,1.223,0.8181,,none,0,0
afterglow,9,39,Dolores,Never Sleep Again (Keinemusik Remix),10A,6A,0.7677,0.5237,,none,0,0
afterglow,9,40,Dolores,Neverender (Extended),10A,11A,2.1454,0.3704,adjacent,harmonic,0.7,1
afterglow,9,41,Dolores,Night Blooming Jasmine (Original Mix),10A,4A,0.3116,0.3831,,none,0,0
afterglow,9,42,Dolores,Night Blooming Jasmine (Rodriguez Jr. Remix),10A,4A,0.6063,0.3936,,none,0,0
afterglow,9,43,Dolores,Ocean Drive (Extended Mix),10A,1A,0.6063,0.2143,,none,0,0
afterglow,9,44,Dolores,One Night/All Night (Original Mix),10A,4A,0.6063,0.2498,,none,0,0
afterglow,9,45,Dolores,Opal (Four Tet Remix),10A,8A,0.9917,0.6366,,none,0,0
afterglow,9,46,Dolores,Preach The World (Original Mix),10A,12A,1.3899,0.4855,,none,0,0
afterglow,9,47,Dolores,Promiscuous [AV Edit],10A,3A,0.0832,0.246,,none,0,0
afterglow,9,48,Dolores,Regulate (feat. Nate Dogg),10A,9A,0.5831,0.401,adjacent,harmonic,0.7,1
afterglow,9,49,Dolores,Saturday Night (Extended),10A,4A,0.3116,0.7315,,none,0,0
afterglow,9,50,Dolores,Sell My Heart (Kreative Nativez Remix),10A,11A,1.2187,0.6,adjacent,harmonic,0.7,1
afterglow,9,51,Dolores,Sing It Back (feat. Naila) (Original Mix),10A,12A,0.0618,0.8421,,none,0,0
afterglow,9,52,Dolores,Sing It Back (Herbert's Tasteful Dub),10A,2A,0.3116,0.4125,,none,0,0
afterglow,9,53,Dolores,Skin (Rinzen Remix),10A,8A,1.223,0.8967,,none,0,0
afterglow,9,54,Dolores,Slow Down (James Cole Remix),10A,9A,0.6371,0.5004,adjacent,harmonic,0.7,1
afterglow,9,55,Dolores,So U Kno (Original Mix),10A,4A,1.3288,0.2086,,none,0,0
afterglow,9,56,Dolores,Sordid Affair (Maceo Plex Mix),10A,3A,0.6991,0.4715,,none,0,0
afterglow,9,57,Dolores,Stones Throw (Original Mix),10A,8A,0.3116,0.2347,,none,0,0
afterglow,9,58,Dolores,Sunset Drive (Extended Mix),10A,5A,1.3164,0.3713,,none,0,0
afterglow,9,59,Dolores,Symmetry (Rodriguez Jr. Remix),10A,11A,0.8495,0.6856,adjacent,harmonic,0.7,1
afterglow,9,60,Dolores,Teardrops (Don't Stop The Music) (Original Mix),10A,5B,0.0832,0.7785,,none,0,0
afterglow,9,61,Dolores,Tearing Me Up (Original Mix),10A,7A,1.0049,0.8404,,none,0,0
afterglow,9,62,Dolores,The Way You Move (Original Mix),10A,5A,1.2187,0.173,,none,0,0
afterglow,9,63,Dolores,There's Never Been (No One Like You)(P's Sunrise Edit),10A,10B,0.6063,0.8516,,none,0,0
afterglow,9,64,Dolores,Touch (Four Tet Remix),10A,8B,0.6063,0.4189,,none,0,0
afterglow,9,65,Dolores,Videotape (Original Mix),10A,12A,1.1972,0.3897,,none,0,0
afterglow,9,66,Dolores,Walk The Line (Extended Mix),10A,9A,0.6063,0.3341,adjacent,harmonic,0.7,1
afterglow,9,67,Dolores,Walk The Line (Themba Extended Mix),10A,9A,2.1454,0.4071,adjacent,harmonic,0.7,1
afterglow,9,68,Dolores,We Are Child Of Love (The Mekanism Remix),10A,12A,0.866,0.5365,,none,0,0
afterglow,9,69,Dolores,What Can I Do,10A,8A,1.118,0.4459,,none,0,0
afterglow,9,70,Dolores,What I Might Do,10A,5A,1.0017,0.2274,,none,0,0
afterglow,9,71,Dolores,When Will I See You Again (Amtrac Remix),10A,5B,1.1455,0.5119,,none,0,0
afterglow,9,72,Dolores,Where the Subtle Meets Infinity (Original Mix),10A,1A,1.2187,0.7135,,none,0,0
afterglow,9,73,Dolores,Wish We Could feat. Syon & Darla Jade (Extended Mix),10A,3A,0.8514,0.6795,,none,0,0
afterglow,10,11,Don’t Turn It Off feat. Qzen (Session Victim Extended Remix),Equal Responsibility (Betoko Remix),8A,12A,0.5832,0.6606,,none,0,0
afterglow,10,12,Don’t Turn It Off feat. Qzen (Session Victim Extended Remix),Escape feat. Hayla (Extended Mix),8A,8A,0.6344,0.4528,same,harmonic,1,1
afterglow,10,13,Don’t Turn It Off feat. Qzen (Session Victim Extended Remix),Feel Good (feat. Charlotte Cardin) [Remix] (feat. Charlotte Cardin),8A,11A,0.5832,0.5121,,none,0,0
afterglow,10,14,Don’t Turn It Off feat. Qzen (Session Victim Extended Remix),Feel The Fire (Journeyman Remix),8A,7A,0.3074,0.6416,adjacent,harmonic,0.7,1
afterglow,10,15,Don’t Turn It Off feat. Qzen (Session Victim Extended Remix),Feel The Game (Extended Remix),8A,1A,0.5832,0.7127,,none,0,0
afterglow,10,16,Don’t Turn It Off feat. Qzen (Session Victim Extended Remix),Fifty Ways To Love Your Liver (Original Mix),8A,8A,0.4412,0.6295,same,harmonic,1,1
afterglow,10,17,Don’t Turn It Off feat. Qzen (Session Victim Extended Remix),Final Credits (Original Mix),8A,4A,0.8199,0.6871,,none,0,0
afterglow,10,18,Don’t Turn It Off feat. Qzen (Session Victim Extended Remix),Give Life Back to Music (Original Mix),8A,8A,0.5544,0.7188,same,harmonic,1,1
afterglow,10,19,Don’t Turn It Off feat. Qzen (Session Victim Extended Remix),Gooey (Original Mix),8A,10A,1.1792,0.6207,,none,0,0
afterglow,10,20,Don’t Turn It Off feat. Qzen (Session Victim Extended Remix),Hit The Ground  (Extended Mix),8A,6A,0.5832,0.7686,,none,0,0
afterglow,10,21,Don’t Turn It Off feat. Qzen (Session Victim Extended Remix),Houdini (Adam Port Mix),8A,6A,0.5832,0.3986,,none,0,0
afterglow,10,22,Don’t Turn It Off feat. Qzen (Session Victim Extended Remix),I Remember (Original Mix),8A,10A,0.7306,0.7112,,none,0,0
afterglow,10,23,Don’t Turn It Off feat. Qzen (Session Victim Extended Remix),I Won't Fade Away feat. Alice Russell (Original Mix),8A,9A,0.5017,0.7035,adjacent,harmonic,0.7,1
afterglow,10,24,Don’t Turn It Off feat. Qzen (Session Victim Extended Remix),Illusory (Extended Mix),8A,1A,0.587,0.7817,,none,0,0
afterglow,10,25,Don’t Turn It Off feat. Qzen (Session Victim Extended Remix),It's A Memory (Amtrac Remix),8A,2A,0.5,0.7281,,none,0,0
afterglow,10,26,Don’t Turn It Off feat. Qzen (Session Victim Extended Remix),It's Not Enough feat. Janai (Original Mix),8A,4A,0.5,0.7367,,none,0,0
afterglow,10,27,Don’t Turn It Off feat. Qzen (Session Victim Extended Remix),It's Not Right (Original Mix),8A,5A,0.669,0.5139,,none,0,0
afterglow,10,28,Don’t Turn It Off feat. Qzen (Session Victim Extended Remix),Izolo feat. Khonaye (Lost Desert & Lee Burridge Remix),8A,9A,0.5832,0.7345,adjacent,harmonic,0.7,1
afterglow,10,29,Don’t Turn It Off feat. Qzen (Session Victim Extended Remix),Just a Bitter Love,8A,6A,0.3655,0.8625,,none,0,0
afterglow,10,30,Don’t Turn It Off feat. Qzen (Session Victim Extended Remix),Latch (Jamie Jones Remix),8A,4B,0.6866,0.3901,,none,0,0
afterglow,10,31,Don’t Turn It Off feat. Qzen (Session Victim Extended Remix),Lost,8A,6A,0.0882,0.7281,,none,0,0
afterglow,10,32,Don’t Turn It Off feat. Qzen (Session Victim Extended Remix),Love Somebody Else Feat. Joi Cardwell (Original Mix),8A,12B,0.5832,0.3403,,none,0,0
afterglow,10,33,Don’t Turn It Off feat. Qzen (Session Victim Extended Remix),Love Song (Original Mix),8A,8A,0.5,0.6427,same,harmonic,1,1
afterglow,10,34,Don’t Turn It Off feat. Qzen (Session Victim Extended Remix),Lucky Shot (Original Mix),8A,7A,1.0918,0.4989,adjacent,harmonic,0.7,1
afterglow,10,35,Don’t Turn It Off feat. Qzen (Session Victim Extended Remix),Lying Together,8A,2A,1.0478,0.919,,none,0,0
afterglow,10,36,Don’t Turn It Off feat. Qzen (Session Victim Extended Remix),Marijuana (Original Mix),8A,1A,0.5,0.3901,,none,0,0
afterglow,10,37,Don’t Turn It Off feat. Qzen (Session Victim Extended Remix),Masala (Pablo Fierro Remix),8A,7A,0.6344,0.6148,adjacent,harmonic,0.7,1
afterglow,10,38,Don’t Turn It Off feat. Qzen (Session Victim Extended Remix),Midas feat. Holly Walker (Ben Pearce Re-Edit),8A,8A,0.5862,0.5934,same,harmonic,1,1
afterglow,10,39,Don’t Turn It Off feat. Qzen (Session Victim Extended Remix),Never Sleep Again (Keinemusik Remix),8A,6A,0.7903,0.6199,,none,0,0
afterglow,10,40,Don’t Turn It Off feat. Qzen (Session Victim Extended Remix),Neverender (Extended),8A,11A,1.5298,0.6657,,none,0,0
afterglow,10,41,Don’t Turn It Off feat. Qzen (Session Victim Extended Remix),Night Blooming Jasmine (Original Mix),8A,4A,0.5,0.3623,,none,0,0
afterglow,10,42,Don’t Turn It Off feat. Qzen (Session Victim Extended Remix),Night Blooming Jasmine (Rodriguez Jr. Remix),8A,4A,0.5832,0.3756,,none,0,0
afterglow,10,43,Don’t Turn It Off feat. Qzen (Session Victim Extended Remix),Ocean Drive (Extended Mix),8A,1A,0.5832,0.3632,,none,0,0
afterglow,10,44,Don’t Turn It Off feat. Qzen (Session Victim Extended Remix),One Night/All Night (Original Mix),8A,4A,0.5832,0.2258,,none,0,0
afterglow,10,45,Don’t Turn It Off feat. Qzen (Session Victim Extended Remix),Opal (Four Tet Remix),8A,8A,0.3849,0.7279,same,harmonic,1,1
afterglow,10,46,Don’t Turn It Off feat. Qzen (Session Victim Extended Remix),Preach The World (Original Mix),8A,12A,0.838,0.723,,none,0,0
afterglow,10,47,Don’t Turn It Off feat. Qzen (Session Victim Extended Remix),Promiscuous [AV Edit],8A,3A,0.5832,0.3607,,none,0,0
afterglow,10,48,Don’t Turn It Off feat. Qzen (Session Victim Extended Remix),Regulate (feat. Nate Dogg),8A,9A,0.6644,0.3779,adjacent,harmonic,0.7,1
afterglow,10,49,Don’t Turn It Off feat. Qzen (Session Victim Extended Remix),Saturday Night (Extended),8A,4A,0.5,0.6916,,none,0,0
afterglow,10,50,Don’t Turn It Off feat. Qzen (Session Victim Extended Remix),Sell My Heart (Kreative Nativez Remix),8A,11A,1.1577,0.5811,,none,0,0
afterglow,10,51,Don’t Turn It Off feat. Qzen (Session Victim Extended Remix),Sing It Back (feat. Naila) (Original Mix),8A,12A,0.6179,0.6838,,none,0,0
afterglow,10,52,Don’t Turn It Off feat. Qzen (Session Victim Extended Remix),Sing It Back (Herbert's Tasteful Dub),8A,2A,0.5,0.3901,,none,0,0
afterglow,10,53,Don’t Turn It Off feat. Qzen (Session Victim Extended Remix),Skin (Rinzen Remix),8A,8A,0.5862,0.6853,same,harmonic,1,1
afterglow,10,54,Don’t Turn It Off feat. Qzen (Session Victim Extended Remix),Slow Down (James Cole Remix),8A,9A,0.7071,0.611,adjacent,harmonic,0.7,1
afterglow,10,55,Don’t Turn It Off feat. Qzen (Session Victim Extended Remix),So U Kno (Original Mix),8A,4A,0.6934,0.3771,,none,0,0
afterglow,10,56,Don’t Turn It Off feat. Qzen (Session Victim Extended Remix),Sordid Affair (Maceo Plex Mix),8A,3A,0.714,0.5639,,none,0,0
afterglow,10,57,Don’t Turn It Off feat. Qzen (Session Victim Extended Remix),Stones Throw (Original Mix),8A,8A,0.5,0.3405,same,harmonic,1,1
afterglow,10,58,Don’t Turn It Off feat. Qzen (Session Victim Extended Remix),Sunset Drive (Extended Mix),8A,5A,0.6809,0.5408,,none,0,0
afterglow,10,59,Don’t Turn It Off feat. Qzen (Session Victim Extended Remix),Symmetry (Rodriguez Jr. Remix),8A,11A,1.129,0.6334,,none,0,0
afterglow,10,60,Don’t Turn It Off feat. Qzen (Session Victim Extended Remix),Teardrops (Don't Stop The Music) (Original Mix),8A,5B,0.5832,0.5927,,none,0,0
afterglow,10,61,Don’t Turn It Off feat. Qzen (Session Victim Extended Remix),Tearing Me Up (Original Mix),8A,7A,1.068,0.5766,adjacent,harmonic,0.7,1
afterglow,10,62,Don’t Turn It Off feat. Qzen (Session Victim Extended Remix),The Way You Move (Original Mix),8A,5A,0.5832,0.4496,,none,0,0
afterglow,10,63,Don’t Turn It Off feat. Qzen (Session Victim Extended Remix),There's Never Been (No One Like You)(P's Sunrise Edit),8A,10B,0.5832,0.805,,none,0,0
afterglow,10,64,Don’t Turn It Off feat. Qzen (Session Victim Extended Remix),Touch (Four Tet Remix),8A,8B,0.5832,0.3986,,none,0,0
afterglow,10,65,Don’t Turn It Off feat. Qzen (Session Victim Extended Remix),Videotape (Original Mix),8A,12A,0.7682,0.5395,,none,0,0
afterglow,10,66,Don’t Turn It Off feat. Qzen (Session Victim Extended Remix),Walk The Line (Extended Mix),8A,9A,0.5832,0.4261,adjacent,harmonic,0.7,1
afterglow,10,67,Don’t Turn It Off feat. Qzen (Session Victim Extended Remix),Walk The Line (Themba Extended Mix),8A,9A,1.5298,0.5811,adjacent,harmonic,0.7,1
afterglow,10,68,Don’t Turn It Off feat. Qzen (Session Victim Extended Remix),We Are Child Of Love (The Mekanism Remix),8A,12A,1.1577,0.4811,,none,0,0
afterglow,10,69,Don’t Turn It Off feat. Qzen (Session Victim Extended Remix),What Can I Do,8A,8A,1.1577,0.5657,same,harmonic,1,1
afterglow,10,70,Don’t Turn It Off feat. Qzen (Session Victim Extended Remix),What I Might Do,8A,5A,0.5337,0.4956,,none,0,0
afterglow,10,71,Don’t Turn It Off feat. Qzen (Session Victim Extended Remix),When Will I See You Again (Amtrac Remix),8A,5B,0.7313,0.6359,,none,0,0
afterglow,10,72,Don’t Turn It Off feat. Qzen (Session Victim Extended Remix),Where the Subtle Meets Infinity (Original Mix),8A,1A,0.5832,0.6667,,none,0,0
afterglow,10,73,Don’t Turn It Off feat. Qzen (Session Victim Extended Remix),Wish We Could feat. Syon & Darla Jade (Extended Mix),8A,3A,1.1324,0.6272,,none,0,0
afterglow,11,12,Equal Responsibility (Betoko Remix),Escape feat. Hayla (Extended Mix),12A,8A,1.2173,0.2053,,none,0,0
afterglow,11,13,Equal Responsibility (Betoko Remix),Feel Good (feat. Charlotte Cardin) [Remix] (feat. Charlotte Cardin),12A,11A,0.6006,0.2334,adjacent,harmonic,0.7,1
afterglow,11,14,Equal Responsibility (Betoko Remix),Feel The Fire (Journeyman Remix),12A,7A,0.5327,0.7183,,none,0,0
afterglow,11,15,Equal Responsibility (Betoko Remix),Feel The Game (Extended Remix),12A,1A,0.6006,0.9203,adjacent,harmonic,0.7,1
afterglow,11,16,Equal Responsibility (Betoko Remix),Fifty Ways To Love Your Liver (Original Mix),12A,8A,0.9879,0.5298,,none,0,0
afterglow,11,17,Equal Responsibility (Betoko Remix),Final Credits (Original Mix),12A,4A,1.2071,0.4529,,none,0,0
afterglow,11,18,Equal Responsibility (Betoko Remix),Give Life Back to Music (Original Mix),12A,8A,0.7792,0.625,,none,0,0
afterglow,11,19,Equal Responsibility (Betoko Remix),Gooey (Original Mix),12A,10A,1.0516,0.8433,,none,0,0
afterglow,11,20,Equal Responsibility (Betoko Remix),Hit The Ground  (Extended Mix),12A,6A,0.6006,0.8102,,none,0,0
afterglow,11,21,Equal Responsibility (Betoko Remix),Houdini (Adam Port Mix),12A,6A,0.6006,0.2334,,none,0,0
afterglow,11,22,Equal Responsibility (Betoko Remix),I Remember (Original Mix),12A,10A,1.197,0.3426,,none,0,0
afterglow,11,23,Equal Responsibility (Betoko Remix),I Won't Fade Away feat. Alice Russell (Original Mix),12A,9A,1.0449,0.4733,,none,0,0
afterglow,11,24,Equal Responsibility (Betoko Remix),Illusory (Extended Mix),12A,1A,1.1684,0.6761,adjacent,harmonic,0.7,1
afterglow,11,25,Equal Responsibility (Betoko Remix),It's A Memory (Amtrac Remix),12A,2A,0.7682,0.6273,,none,0,0
afterglow,11,26,Equal Responsibility (Betoko Remix),It's Not Enough feat. Janai (Original Mix),12A,4A,0.3003,0.9263,,none,0,0
afterglow,11,27,Equal Responsibility (Betoko Remix),It's Not Right (Original Mix),12A,5A,0.5364,0.3708,,none,0,0
afterglow,11,28,Equal Responsibility (Betoko Remix),Izolo feat. Khonaye (Lost Desert & Lee Burridge Remix),12A,9A,0.6006,0.9033,,none,0,0
afterglow,11,29,Equal Responsibility (Betoko Remix),Just a Bitter Love,12A,6A,0.356,0.7917,,none,0,0
afterglow,11,30,Equal Responsibility (Betoko Remix),Latch (Jamie Jones Remix),12A,4B,0.5582,0.4367,,none,0,0
afterglow,11,31,Equal Responsibility (Betoko Remix),Lost,12A,6A,0.5096,0.7697,,none,0,0
afterglow,11,32,Equal Responsibility (Betoko Remix),Love Somebody Else Feat. Joi Cardwell (Original Mix),12A,12B,0,0.3833,,none,0,0
afterglow,11,33,Equal Responsibility (Betoko Remix),Love Song (Original Mix),12A,8A,0.3003,0.9975,,none,0,0
afterglow,11,34,Equal Responsibility (Betoko Remix),Lucky Shot (Original Mix),12A,7A,0.7494,0.6542,,none,0,0
afterglow,11,35,Equal Responsibility (Betoko Remix),Lying Together,12A,2A,1.237,0.5301,,none,0,0
afterglow,11,36,Equal Responsibility (Betoko Remix),Marijuana (Original Mix),12A,1A,0.3003,0.2552,adjacent,harmonic,0.7,1
afterglow,11,37,Equal Responsibility (Betoko Remix),Masala (Pablo Fierro Remix),12A,7A,1.2173,0.1906,,none,0,0
afterglow,11,38,Equal Responsibility (Betoko Remix),Midas feat. Holly Walker (Ben Pearce Re-Edit),12A,8A,1.168,0.8421,,none,0,0
afterglow,11,39,Equal Responsibility (Betoko Remix),Never Sleep Again (Keinemusik Remix),12A,6A,0.8032,0.3564,,none,0,0
afterglow,11,40,Equal Responsibility (Betoko Remix),Neverender (Extended),12A,11A,2.0882,0.2064,adjacent,harmonic,0.7,1
afterglow,11,41,Equal Responsibility (Betoko Remix),Night Blooming Jasmine (Original Mix),12A,4A,0.3003,0.3661,,none,0,0
afterglow,11,42,Equal Responsibility (Betoko Remix),Night Blooming Jasmine (Rodriguez Jr. Remix),12A,4A,0.6006,0.2084,,none,0,0
afterglow,11,43,Equal Responsibility (Betoko Remix),Ocean Drive (Extended Mix),12A,1A,0.6006,0.2269,adjacent,harmonic,0.7,1
afterglow,11,44,Equal Responsibility (Betoko Remix),One Night/All Night (Original Mix),12A,4A,0.6006,0.2644,,none,0,0
afterglow,11,45,Equal Responsibility (Betoko Remix),Opal (Four Tet Remix),12A,8A,0.9292,0.5084,,none,0,0
afterglow,11,46,Equal Responsibility (Betoko Remix),Preach The World (Original Mix),12A,12A,1.3593,0.319,same,harmonic,1,1
afterglow,11,47,Equal Responsibility (Betoko Remix),Promiscuous [AV Edit],12A,3A,0,0.2604,,none,0,0
afterglow,11,48,Equal Responsibility (Betoko Remix),Regulate (feat. Nate Dogg),12A,9A,0.5306,0.4246,,none,0,0
afterglow,11,49,Equal Responsibility (Betoko Remix),Saturday Night (Extended),12A,4A,0.3003,0.5903,,none,0,0
afterglow,11,50,Equal Responsibility (Betoko Remix),Sell My Heart (Kreative Nativez Remix),12A,11A,1.1665,0.4311,adjacent,harmonic,0.7,1
afterglow,11,51,Equal Responsibility (Betoko Remix),Sing It Back (feat. Naila) (Original Mix),12A,12A,0.04,0.7249,same,harmonic,1,1
afterglow,11,52,Equal Responsibility (Betoko Remix),Sing It Back (Herbert's Tasteful Dub),12A,2A,0.3003,0.2552,,none,0,0
afterglow,11,53,Equal Responsibility (Betoko Remix),Skin (Rinzen Remix),12A,8A,1.168,0.743,,none,0,0
afterglow,11,54,Equal Responsibility (Betoko Remix),Slow Down (James Cole Remix),12A,9A,0.5832,0.3743,,none,0,0
afterglow,11,55,Equal Responsibility (Betoko Remix),So U Kno (Original Mix),12A,4A,1.2753,0.2208,,none,0,0
afterglow,11,56,Equal Responsibility (Betoko Remix),Sordid Affair (Maceo Plex Mix),12A,3A,0.7282,0.3158,,none,0,0
afterglow,11,57,Equal Responsibility (Betoko Remix),Stones Throw (Original Mix),12A,8A,0.3003,0.2485,,none,0,0
afterglow,11,58,Equal Responsibility (Betoko Remix),Sunset Drive (Extended Mix),12A,5A,1.263,0.1966,,none,0,0
afterglow,11,59,Equal Responsibility (Betoko Remix),Symmetry (Rodriguez Jr. Remix),12A,11A,0.9102,0.5058,adjacent,harmonic,0.7,1
afterglow,11,60,Equal Responsibility (Betoko Remix),Teardrops (Don't Stop The Music) (Original Mix),12A,5B,0,0.8973,,none,0,0
afterglow,11,61,Equal Responsibility (Betoko Remix),Tearing Me Up (Original Mix),12A,7A,1.0516,0.8433,,none,0,0
afterglow,11,62,Equal Responsibility (Betoko Remix),The Way You Move (Original Mix),12A,5A,1.1665,0.1832,,none,0,0
afterglow,11,63,Equal Responsibility (Betoko Remix),There's Never Been (No One Like You)(P's Sunrise Edit),12A,10B,0.6006,0.7145,,none,0,0
afterglow,11,64,Equal Responsibility (Betoko Remix),Touch (Four Tet Remix),12A,8B,0.6006,0.2334,,none,0,0
afterglow,11,65,Equal Responsibility (Betoko Remix),Videotape (Original Mix),12A,12A,1.118,0.4127,same,harmonic,1,1
afterglow,11,66,Equal Responsibility (Betoko Remix),Walk The Line (Extended Mix),12A,9A,0.6006,0.3165,,none,0,0
afterglow,11,67,Equal Responsibility (Betoko Remix),Walk The Line (Themba Extended Mix),12A,9A,2.0882,0.2269,,none,0,0
afterglow,11,68,Equal Responsibility (Betoko Remix),We Are Child Of Love (The Mekanism Remix),12A,12A,0.9278,0.6694,same,harmonic,1,1
afterglow,11,69,Equal Responsibility (Betoko Remix),What Can I Do,12A,8A,1.1665,0.4472,,none,0,0
afterglow,11,70,Equal Responsibility (Betoko Remix),What I Might Do,12A,5A,0.9412,0.2408,,none,0,0
afterglow,11,71,Equal Responsibility (Betoko Remix),When Will I See You Again (Amtrac Remix),12A,5B,1.0657,0.3898,,none,0,0
afterglow,11,72,Equal Responsibility (Betoko Remix),Where the Subtle Meets Infinity (Original Mix),12A,1A,1.1665,0.7203,adjacent,harmonic,0.7,1
afterglow,11,73,Equal Responsibility (Betoko Remix),Wish We Could feat. Syon & Darla Jade (Extended Mix),12A,3A,0.9122,0.5055,,none,0,0
afterglow,12,13,Escape feat. Hayla (Extended Mix),Feel Good (feat. Charlotte Cardin) [Remix] (feat. Charlotte Cardin),8A,11A,1.0588,0.7096,,none,0,0
afterglow,12,14,Escape feat. Hayla (Extended Mix),Feel The Fire (Journeyman Remix),8A,7A,0.8028,0.349,adjacent,harmonic,0.7,1
afterglow,12,15,Escape feat. Hayla (Extended Mix),Feel The Game (Extended Remix),8A,1A,1.0588,0.2733,,none,0,0
afterglow,12,16,Escape feat. Hayla (Extended Mix),Fifty Ways To Love Your Liver (Original Mix),8A,8A,0.3225,0.7274,same,harmonic,1,1
afterglow,12,17,Escape feat. Hayla (Extended Mix),Final Credits (Original Mix),8A,4A,0.746,0.7748,,none,0,0
afterglow,12,18,Escape feat. Hayla (Extended Mix),Give Life Back to Music (Original Mix),8A,8A,0.8565,0.6651,same,harmonic,1,1
afterglow,12,19,Escape feat. Hayla (Extended Mix),Gooey (Original Mix),8A,10A,1.5785,0.2176,,none,0,0
afterglow,12,20,Escape feat. Hayla (Extended Mix),Hit The Ground  (Extended Mix),8A,6A,1.0588,0.2406,,none,0,0
afterglow,12,21,Escape feat. Hayla (Extended Mix),Houdini (Adam Port Mix),8A,6A,1.0588,0.6307,,none,0,0
afterglow,12,22,Escape feat. Hayla (Extended Mix),I Remember (Original Mix),8A,10A,0.5582,0.7999,,none,0,0
afterglow,12,23,Escape feat. Hayla (Extended Mix),I Won't Fade Away feat. Alice Russell (Original Mix),8A,9A,0.3088,0.7168,adjacent,harmonic,0.7,1
afterglow,12,24,Escape feat. Hayla (Extended Mix),Illusory (Extended Mix),8A,1A,0.0889,0.3074,,none,0,0
afterglow,12,25,Escape feat. Hayla (Extended Mix),It's A Memory (Amtrac Remix),8A,2A,0.8078,0.6311,,none,0,0
afterglow,12,26,Escape feat. Hayla (Extended Mix),It's Not Enough feat. Janai (Original Mix),8A,4A,1.1006,0.1724,,none,0,0
afterglow,12,27,Escape feat. Hayla (Extended Mix),It's Not Right (Original Mix),8A,5A,1.1869,0.5855,,none,0,0
afterglow,12,28,Escape feat. Hayla (Extended Mix),Izolo feat. Khonaye (Lost Desert & Lee Burridge Remix),8A,9A,1.0588,0.1533,adjacent,harmonic,0.7,1
afterglow,12,29,Escape feat. Hayla (Extended Mix),Just a Bitter Love,8A,6A,0.9501,0.452,,none,0,0
afterglow,12,30,Escape feat. Hayla (Extended Mix),Latch (Jamie Jones Remix),8A,4B,1.197,0.6631,,none,0,0
afterglow,12,31,Escape feat. Hayla (Extended Mix),Lost,8A,6A,0.7133,0.5201,,none,0,0
afterglow,12,32,Escape feat. Hayla (Extended Mix),Love Somebody Else Feat. Joi Cardwell (Original Mix),8A,12B,1.2173,0.7405,,none,0,0
afterglow,12,33,Escape feat. Hayla (Extended Mix),Love Song (Original Mix),8A,8A,1.1006,0.1857,same,harmonic,1,1
afterglow,12,34,Escape feat. Hayla (Extended Mix),Lucky Shot (Original Mix),8A,7A,1.6369,0.5648,adjacent,harmonic,0.7,1
afterglow,12,35,Escape feat. Hayla (Extended Mix),Lying Together,8A,2A,1.1911,0.4369,,none,0,0
afterglow,12,36,Escape feat. Hayla (Extended Mix),Marijuana (Original Mix),8A,1A,1.1006,0.6631,,none,0,0
afterglow,12,37,Escape feat. Hayla (Extended Mix),Masala (Pablo Fierro Remix),8A,7A,0,0.8369,adjacent,harmonic,0.7,1
afterglow,12,38,Escape feat. Hayla (Extended Mix),Midas feat. Holly Walker (Ben Pearce Re-Edit),8A,8A,0.0832,0.2,same,harmonic,1,1
afterglow,12,39,Escape feat. Hayla (Extended Mix),Never Sleep Again (Keinemusik Remix),8A,6A,1.1856,0.6354,,none,0,0
afterglow,12,40,Escape feat. Hayla (Extended Mix),Neverender (Extended),8A,11A,0.9412,0.7346,,none,0,0
afterglow,12,41,Escape feat. Hayla (Extended Mix),Night Blooming Jasmine (Original Mix),8A,4A,1.1006,0.6158,,none,0,0
afterglow,12,42,Escape feat. Hayla (Extended Mix),Night Blooming Jasmine (Rodriguez Jr. Remix),8A,4A,1.0588,0.6334,,none,0,0
afterglow,12,43,Escape feat. Hayla (Extended Mix),Ocean Drive (Extended Mix),8A,1A,1.0588,0.7987,,none,0,0
afterglow,12,44,Escape feat. Hayla (Extended Mix),One Night/All Night (Original Mix),8A,4A,1.0588,0.7454,,none,0,0
afterglow,12,45,Escape feat. Hayla (Extended Mix),Opal (Four Tet Remix),8A,8A,0.3627,0.6544,same,harmonic,1,1
afterglow,12,46,Escape feat. Hayla (Extended Mix),Preach The World (Original Mix),8A,12A,0.4752,0.7598,,none,0,0
afterglow,12,47,Escape feat. Hayla (Extended Mix),Promiscuous [AV Edit],8A,3A,1.2173,0.8066,,none,0,0
afterglow,12,48,Escape feat. Hayla (Extended Mix),Regulate (feat. Nate Dogg),8A,9A,1.1844,0.6799,adjacent,harmonic,0.7,1
afterglow,12,49,Escape feat. Hayla (Extended Mix),Saturday Night (Extended),8A,4A,1.1006,0.3775,,none,0,0
afterglow,12,50,Escape feat. Hayla (Extended Mix),Sell My Heart (Kreative Nativez Remix),8A,11A,1.4564,0.4008,,none,0,0
afterglow,12,51,Escape feat. Hayla (Extended Mix),Sing It Back (feat. Naila) (Original Mix),8A,12A,1.2523,0.5022,,none,0,0
afterglow,12,52,Escape feat. Hayla (Extended Mix),Sing It Back (Herbert's Tasteful Dub),8A,2A,1.1006,0.6631,,none,0,0
afterglow,12,53,Escape feat. Hayla (Extended Mix),Skin (Rinzen Remix),8A,8A,0.0832,0.1716,same,harmonic,1,1
afterglow,12,54,Escape feat. Hayla (Extended Mix),Slow Down (James Cole Remix),8A,9A,1.2088,0.6668,adjacent,harmonic,0.7,1
afterglow,12,55,Escape feat. Hayla (Extended Mix),So U Kno (Original Mix),8A,4A,0.0662,0.809,,none,0,0
afterglow,12,56,Escape feat. Hayla (Extended Mix),Sordid Affair (Maceo Plex Mix),8A,3A,1.1361,0.6805,,none,0,0
afterglow,12,57,Escape feat. Hayla (Extended Mix),Stones Throw (Original Mix),8A,8A,1.1006,0.743,same,harmonic,1,1
afterglow,12,58,Escape feat. Hayla (Extended Mix),Sunset Drive (Extended Mix),8A,5A,0.0523,0.7635,,none,0,0
afterglow,12,59,Escape feat. Hayla (Extended Mix),Symmetry (Rodriguez Jr. Remix),8A,11A,1.6053,0.5257,,none,0,0
afterglow,12,60,Escape feat. Hayla (Extended Mix),Teardrops (Don't Stop The Music) (Original Mix),8A,5B,1.2173,0.4582,,none,0,0
afterglow,12,61,Escape feat. Hayla (Extended Mix),Tearing Me Up (Original Mix),8A,7A,1.4008,0.2176,adjacent,harmonic,0.7,1
afterglow,12,62,Escape feat. Hayla (Extended Mix),The Way You Move (Original Mix),8A,5A,0.0588,0.859,,none,0,0
afterglow,12,63,Escape feat. Hayla (Extended Mix),There's Never Been (No One Like You)(P's Sunrise Edit),8A,10B,1.0588,0.2608,,none,0,0
afterglow,12,64,Escape feat. Hayla (Extended Mix),Touch (Four Tet Remix),8A,8B,1.0588,0.6307,,none,0,0
afterglow,12,65,Escape feat. Hayla (Extended Mix),Videotape (Original Mix),8A,12A,0.7837,0.7975,,none,0,0
afterglow,12,66,Escape feat. Hayla (Extended Mix),Walk The Line (Extended Mix),8A,9A,1.0588,0.6263,adjacent,harmonic,0.7,1
afterglow,12,67,Escape feat. Hayla (Extended Mix),Walk The Line (Themba Extended Mix),8A,9A,0.9412,0.6661,adjacent,harmonic,0.7,1
afterglow,12,68,Escape feat. Hayla (Extended Mix),We Are Child Of Love (The Mekanism Remix),8A,12A,1.637,0.527,,none,0,0
afterglow,12,69,Escape feat. Hayla (Extended Mix),What Can I Do,8A,8A,1.4564,0.568,same,harmonic,1,1
afterglow,12,70,Escape feat. Hayla (Extended Mix),What I Might Do,8A,5A,0.612,0.9207,,none,0,0
afterglow,12,71,Escape feat. Hayla (Extended Mix),When Will I See You Again (Amtrac Remix),8A,5B,0.7903,0.7312,,none,0,0
afterglow,12,72,Escape feat. Hayla (Extended Mix),Where the Subtle Meets Infinity (Original Mix),8A,1A,0.0588,0.2556,,none,0,0
afterglow,12,73,Escape feat. Hayla (Extended Mix),Wish We Could feat. Syon & Darla Jade (Extended Mix),8A,3A,1.6091,0.5254,,none,0,0
afterglow,13,14,Feel Good (feat. Charlotte Cardin) [Remix] (feat. Charlotte Cardin),Feel The Fire (Journeyman Remix),11A,7A,0.8028,0.5512,,none,0,0
afterglow,13,15,Feel Good (feat. Charlotte Cardin) [Remix] (feat. Charlotte Cardin),Feel The Game (Extended Remix),11A,1A,0,0.3329,,none,0,0
afterglow,13,16,Feel Good (feat. Charlotte Cardin) [Remix] (feat. Charlotte Cardin),Fifty Ways To Love Your Liver (Original Mix),11A,8A,0.9879,0.5716,,none,0,0
afterglow,13,17,Feel Good (feat. Charlotte Cardin) [Remix] (feat. Charlotte Cardin),Final Credits (Original Mix),11A,4A,1.3482,0.7927,,none,0,0
afterglow,13,18,Feel Good (feat. Charlotte Cardin) [Remix] (feat. Charlotte Cardin),Give Life Back to Music (Original Mix),11A,8A,0.9838,0.5463,,none,0,0
afterglow,13,19,Feel Good (feat. Charlotte Cardin) [Remix] (feat. Charlotte Cardin),Gooey (Original Mix),11A,10A,1.0516,0.2474,adjacent,harmonic,0.7,1
afterglow,13,20,Feel Good (feat. Charlotte Cardin) [Remix] (feat. Charlotte Cardin),Hit The Ground  (Extended Mix),11A,6A,0,0.469,,none,0,0
afterglow,13,21,Feel Good (feat. Charlotte Cardin) [Remix] (feat. Charlotte Cardin),Houdini (Adam Port Mix),11A,6A,0,0.9069,,none,0,0
afterglow,13,22,Feel Good (feat. Charlotte Cardin) [Remix] (feat. Charlotte Cardin),I Remember (Original Mix),11A,10A,1.197,0.8412,adjacent,harmonic,0.7,1
afterglow,13,23,Feel Good (feat. Charlotte Cardin) [Remix] (feat. Charlotte Cardin),I Won't Fade Away feat. Alice Russell (Original Mix),11A,9A,1.0449,0.7005,,none,0,0
afterglow,13,24,Feel Good (feat. Charlotte Cardin) [Remix] (feat. Charlotte Cardin),Illusory (Extended Mix),11A,1A,1.0022,0.5743,,none,0,0
afterglow,13,25,Feel Good (feat. Charlotte Cardin) [Remix] (feat. Charlotte Cardin),It's A Memory (Amtrac Remix),11A,2A,0.7682,0.5047,,none,0,0
afterglow,13,26,Feel Good (feat. Charlotte Cardin) [Remix] (feat. Charlotte Cardin),It's Not Enough feat. Janai (Original Mix),11A,4A,0.3003,0.3704,,none,0,0
afterglow,13,27,Feel Good (feat. Charlotte Cardin) [Remix] (feat. Charlotte Cardin),It's Not Right (Original Mix),11A,5A,0.5364,0.8393,,none,0,0
afterglow,13,28,Feel Good (feat. Charlotte Cardin) [Remix] (feat. Charlotte Cardin),Izolo feat. Khonaye (Lost Desert & Lee Burridge Remix),11A,9A,0,0.3704,,none,0,0
afterglow,13,29,Feel Good (feat. Charlotte Cardin) [Remix] (feat. Charlotte Cardin),Just a Bitter Love,11A,6A,0.6982,0.3495,,none,0,0
afterglow,13,30,Feel Good (feat. Charlotte Cardin) [Remix] (feat. Charlotte Cardin),Latch (Jamie Jones Remix),11A,4B,0.5582,0.6937,,none,0,0
afterglow,13,31,Feel Good (feat. Charlotte Cardin) [Remix] (feat. Charlotte Cardin),Lost,11A,6A,0.5096,0.3785,,none,0,0
afterglow,13,32,Feel Good (feat. Charlotte Cardin) [Remix] (feat. Charlotte Cardin),Love Somebody Else Feat. Joi Cardwell (Original Mix),11A,12B,0.6006,0.8101,,none,0,0
afterglow,13,33,Feel Good (feat. Charlotte Cardin) [Remix] (feat. Charlotte Cardin),Love Song (Original Mix),11A,8A,0.3003,0.2111,,none,0,0
afterglow,13,34,Feel Good (feat. Charlotte Cardin) [Remix] (feat. Charlotte Cardin),Lucky Shot (Original Mix),11A,7A,0.7494,0.5917,,none,0,0
afterglow,13,35,Feel Good (feat. Charlotte Cardin) [Remix] (feat. Charlotte Cardin),Lying Together,11A,2A,1.0815,0.54,,none,0,0
afterglow,13,36,Feel Good (feat. Charlotte Cardin) [Remix] (feat. Charlotte Cardin),Marijuana (Original Mix),11A,1A,0.3003,0.9082,,none,0,0
afterglow,13,37,Feel Good (feat. Charlotte Cardin) [Remix] (feat. Charlotte Cardin),Masala (Pablo Fierro Remix),11A,7A,1.0588,0.901,,none,0,0
afterglow,13,38,Feel Good (feat. Charlotte Cardin) [Remix] (feat. Charlotte Cardin),Midas feat. Holly Walker (Ben Pearce Re-Edit),11A,8A,1.0017,0.2275,,none,0,0
afterglow,13,39,Feel Good (feat. Charlotte Cardin) [Remix] (feat. Charlotte Cardin),Never Sleep Again (Keinemusik Remix),11A,6A,0.5333,0.9097,,none,0,0
afterglow,13,40,Feel Good (feat. Charlotte Cardin) [Remix] (feat. Charlotte Cardin),Neverender (Extended),11A,11A,2,0.8049,same,harmonic,1,1
afterglow,13,41,Feel Good (feat. Charlotte Cardin) [Remix] (feat. Charlotte Cardin),Night Blooming Jasmine (Original Mix),11A,4A,0.3003,0.8434,,none,0,0
afterglow,13,42,Feel Good (feat. Charlotte Cardin) [Remix] (feat. Charlotte Cardin),Night Blooming Jasmine (Rodriguez Jr. Remix),11A,4A,0,0.9049,,none,0,0
afterglow,13,43,Feel Good (feat. Charlotte Cardin) [Remix] (feat. Charlotte Cardin),Ocean Drive (Extended Mix),11A,1A,0,0.8781,,none,0,0
afterglow,13,44,Feel Good (feat. Charlotte Cardin) [Remix] (feat. Charlotte Cardin),One Night/All Night (Original Mix),11A,4A,0,0.7773,,none,0,0
afterglow,13,45,Feel Good (feat. Charlotte Cardin) [Remix] (feat. Charlotte Cardin),Opal (Four Tet Remix),11A,8A,0.9292,0.7028,,none,0,0
afterglow,13,46,Feel Good (feat. Charlotte Cardin) [Remix] (feat. Charlotte Cardin),Preach The World (Original Mix),11A,12A,1.2195,0.8405,adjacent,harmonic,0.7,1
afterglow,13,47,Feel Good (feat. Charlotte Cardin) [Remix] (feat. Charlotte Cardin),Promiscuous [AV Edit],11A,3A,0.6006,0.8803,,none,0,0
afterglow,13,48,Feel Good (feat. Charlotte Cardin) [Remix] (feat. Charlotte Cardin),Regulate (feat. Nate Dogg),11A,9A,0.5306,0.7113,,none,0,0
afterglow,13,49,Feel Good (feat. Charlotte Cardin) [Remix] (feat. Charlotte Cardin),Saturday Night (Extended),11A,4A,0.3003,0.5933,,none,0,0
afterglow,13,50,Feel Good (feat. Charlotte Cardin) [Remix] (feat. Charlotte Cardin),Sell My Heart (Kreative Nativez Remix),11A,11A,1,0.6669,same,harmonic,1,1
afterglow,13,51,Feel Good (feat. Charlotte Cardin) [Remix] (feat. Charlotte Cardin),Sing It Back (feat. Naila) (Original Mix),11A,12A,0.6019,0.6844,adjacent,harmonic,0.7,1
afterglow,13,52,Feel Good (feat. Charlotte Cardin) [Remix] (feat. Charlotte Cardin),Sing It Back (Herbert's Tasteful Dub),11A,2A,0.3003,0.9082,,none,0,0
afterglow,13,53,Feel Good (feat. Charlotte Cardin) [Remix] (feat. Charlotte Cardin),Skin (Rinzen Remix),11A,8A,1.0017,0.4146,,none,0,0
afterglow,13,54,Feel Good (feat. Charlotte Cardin) [Remix] (feat. Charlotte Cardin),Slow Down (James Cole Remix),11A,9A,0.5832,0.9162,,none,0,0
afterglow,13,55,Feel Good (feat. Charlotte Cardin) [Remix] (feat. Charlotte Cardin),So U Kno (Original Mix),11A,4A,1.125,0.6035,,none,0,0
afterglow,13,56,Feel Good (feat. Charlotte Cardin) [Remix] (feat. Charlotte Cardin),Sordid Affair (Maceo Plex Mix),11A,3A,0.4118,0.9384,,none,0,0
afterglow,13,57,Feel Good (feat. Charlotte Cardin) [Remix] (feat. Charlotte Cardin),Stones Throw (Original Mix),11A,8A,0.3003,0.8123,,none,0,0
afterglow,13,58,Feel Good (feat. Charlotte Cardin) [Remix] (feat. Charlotte Cardin),Sunset Drive (Extended Mix),11A,5A,1.1111,0.7898,,none,0,0
afterglow,13,59,Feel Good (feat. Charlotte Cardin) [Remix] (feat. Charlotte Cardin),Symmetry (Rodriguez Jr. Remix),11A,11A,0.6839,0.7652,same,harmonic,1,1
afterglow,13,60,Feel Good (feat. Charlotte Cardin) [Remix] (feat. Charlotte Cardin),Teardrops (Don't Stop The Music) (Original Mix),11A,5B,0.6006,0.4844,,none,0,0
afterglow,13,61,Feel Good (feat. Charlotte Cardin) [Remix] (feat. Charlotte Cardin),Tearing Me Up (Original Mix),11A,7A,1.0516,0.2474,,none,0,0
afterglow,13,62,Feel Good (feat. Charlotte Cardin) [Remix] (feat. Charlotte Cardin),The Way You Move (Original Mix),11A,5A,1,0.7306,,none,0,0
afterglow,13,63,Feel Good (feat. Charlotte Cardin) [Remix] (feat. Charlotte Cardin),There's Never Been (No One Like You)(P's Sunrise Edit),11A,10B,0,0.5001,,none,0,0
afterglow,13,64,Feel Good (feat. Charlotte Cardin) [Remix] (feat. Charlotte Cardin),Touch (Four Tet Remix),11A,8B,0,0.9069,,none,0,0
afterglow,13,65,Feel Good (feat. Charlotte Cardin) [Remix] (feat. Charlotte Cardin),Videotape (Original Mix),11A,12A,1.2691,0.6155,adjacent,harmonic,0.7,1
afterglow,13,66,Feel Good (feat. Charlotte Cardin) [Remix] (feat. Charlotte Cardin),Walk The Line (Extended Mix),11A,9A,0,0.88,,none,0,0
afterglow,13,67,Feel Good (feat. Charlotte Cardin) [Remix] (feat. Charlotte Cardin),Walk The Line (Themba Extended Mix),11A,9A,2,0.6971,,none,0,0
afterglow,13,68,Feel Good (feat. Charlotte Cardin) [Remix] (feat. Charlotte Cardin),We Are Child Of Love (The Mekanism Remix),11A,12A,0.7071,0.5514,adjacent,harmonic,0.7,1
afterglow,13,69,Feel Good (feat. Charlotte Cardin) [Remix] (feat. Charlotte Cardin),What Can I Do,11A,8A,1,0.6459,,none,0,0
afterglow,13,70,Feel Good (feat. Charlotte Cardin) [Remix] (feat. Charlotte Cardin),What I Might Do,11A,5A,1.1165,0.8137,,none,0,0
afterglow,13,71,Feel Good (feat. Charlotte Cardin) [Remix] (feat. Charlotte Cardin),When Will I See You Again (Amtrac Remix),11A,5B,1.2233,0.7613,,none,0,0
afterglow,13,72,Feel Good (feat. Charlotte Cardin) [Remix] (feat. Charlotte Cardin),Where the Subtle Meets Infinity (Original Mix),11A,1A,1,0.4775,,none,0,0
afterglow,13,73,Feel Good (feat. Charlotte Cardin) [Remix] (feat. Charlotte Cardin),Wish We Could feat. Syon & Darla Jade (Extended Mix),11A,3A,0.6866,0.7554,,none,0,0
afterglow,14,15,Feel The Fire (Journeyman Remix),Feel The Game (Extended Remix),7A,1A,0.8028,0.6386,,none,0,0
afterglow,14,16,Feel The Fire (Journeyman Remix),Fifty Ways To Love Your Liver (Original Mix),7A,8A,0.513,0.6841,adjacent,harmonic,0.7,1
afterglow,14,17,Feel The Fire (Journeyman Remix),Final Credits (Original Mix),7A,4A,0.7058,0.6982,,none,0,0
afterglow,14,18,Feel The Fire (Journeyman Remix),Give Life Back to Music (Original Mix),7A,8A,0.4012,0.4751,adjacent,harmonic,0.7,1
afterglow,14,19,Feel The Fire (Journeyman Remix),Gooey (Original Mix),7A,10A,1.185,0.6427,,none,0,0
afterglow,14,20,Feel The Fire (Journeyman Remix),Hit The Ground  (Extended Mix),7A,6A,0.8028,0.7028,adjacent,harmonic,0.7,1
afterglow,14,21,Feel The Fire (Journeyman Remix),Houdini (Adam Port Mix),7A,6A,0.8028,0.6173,adjacent,harmonic,0.7,1
afterglow,14,22,Feel The Fire (Journeyman Remix),I Remember (Original Mix),7A,10A,0.8067,0.5925,,none,0,0
afterglow,14,23,Feel The Fire (Journeyman Remix),I Won't Fade Away feat. Alice Russell (Original Mix),7A,9A,0.5672,0.7345,,none,0,0
afterglow,14,24,Feel The Fire (Journeyman Remix),Illusory (Extended Mix),7A,1A,0.7733,0.8331,,none,0,0
afterglow,14,25,Feel The Fire (Journeyman Remix),It's A Memory (Amtrac Remix),7A,2A,0.5345,0.3404,,none,0,0
afterglow,14,26,Feel The Fire (Journeyman Remix),It's Not Enough feat. Janai (Original Mix),7A,4A,0.6115,0.7879,,none,0,0
afterglow,14,27,Feel The Fire (Journeyman Remix),It's Not Right (Original Mix),7A,5A,0.7205,0.714,,none,0,0
afterglow,14,28,Feel The Fire (Journeyman Remix),Izolo feat. Khonaye (Lost Desert & Lee Burridge Remix),7A,9A,0.8028,0.7835,,none,0,0
afterglow,14,29,Feel The Fire (Journeyman Remix),Just a Bitter Love,7A,6A,0.2069,0.4868,adjacent,harmonic,0.7,1
afterglow,14,30,Feel The Fire (Journeyman Remix),Latch (Jamie Jones Remix),7A,4B,0.8067,0.6054,,none,0,0
afterglow,14,31,Feel The Fire (Journeyman Remix),Lost,7A,6A,0.3278,0.4748,adjacent,harmonic,0.7,1
afterglow,14,32,Feel The Fire (Journeyman Remix),Love Somebody Else Feat. Joi Cardwell (Original Mix),7A,12B,0.5327,0.3992,,none,0,0
afterglow,14,33,Feel The Fire (Journeyman Remix),Love Song (Original Mix),7A,8A,0.6115,0.6984,adjacent,harmonic,0.7,1
afterglow,14,34,Feel The Fire (Journeyman Remix),Lucky Shot (Original Mix),7A,7A,1.1335,0.5561,same,harmonic,1,1
afterglow,14,35,Feel The Fire (Journeyman Remix),Lying Together,7A,2A,1.1227,0.5395,,none,0,0
afterglow,14,36,Feel The Fire (Journeyman Remix),Marijuana (Original Mix),7A,1A,0.6115,0.6054,,none,0,0
afterglow,14,37,Feel The Fire (Journeyman Remix),Masala (Pablo Fierro Remix),7A,7A,0.8028,0.4861,same,harmonic,1,1
afterglow,14,38,Feel The Fire (Journeyman Remix),Midas feat. Holly Walker (Ben Pearce Re-Edit),7A,8A,0.772,0.8408,adjacent,harmonic,0.7,1
afterglow,14,39,Feel The Fire (Journeyman Remix),Never Sleep Again (Keinemusik Remix),7A,6A,0.9307,0.692,adjacent,harmonic,0.7,1
afterglow,14,40,Feel The Fire (Journeyman Remix),Neverender (Extended),7A,11A,1.5896,0.3704,,none,0,0
afterglow,14,41,Feel The Fire (Journeyman Remix),Night Blooming Jasmine (Original Mix),7A,4A,0.6115,0.5622,,none,0,0
afterglow,14,42,Feel The Fire (Journeyman Remix),Night Blooming Jasmine (Rodriguez Jr. Remix),7A,4A,0.8028,0.5904,,none,0,0
afterglow,14,43,Feel The Fire (Journeyman Remix),Ocean Drive (Extended Mix),7A,1A,0.8028,0.4071,,none,0,0
afterglow,14,44,Feel The Fire (Journeyman Remix),One Night/All Night (Original Mix),7A,4A,0.8028,0.4745,,none,0,0
afterglow,14,45,Feel The Fire (Journeyman Remix),Opal (Four Tet Remix),7A,8A,0.4805,0.7952,adjacent,harmonic,0.7,1
afterglow,14,46,Feel The Fire (Journeyman Remix),Preach The World (Original Mix),7A,12A,0.9407,0.6027,,none,0,0
afterglow,14,47,Feel The Fire (Journeyman Remix),Promiscuous [AV Edit],7A,3A,0.5327,0.4428,,none,0,0
afterglow,14,48,Feel The Fire (Journeyman Remix),Regulate (feat. Nate Dogg),7A,9A,0.7854,0.5987,,none,0,0
afterglow,14,49,Feel The Fire (Journeyman Remix),Saturday Night (Extended),7A,4A,0.6115,0.903,,none,0,0
afterglow,14,50,Feel The Fire (Journeyman Remix),Sell My Heart (Kreative Nativez Remix),7A,11A,1.3274,0.7929,,none,0,0
afterglow,14,51,Feel The Fire (Journeyman Remix),Sing It Back (feat. Naila) (Original Mix),7A,12A,0.5724,0.8716,,none,0,0
afterglow,14,52,Feel The Fire (Journeyman Remix),Sing It Back (Herbert's Tasteful Dub),7A,2A,0.6115,0.6054,,none,0,0
afterglow,14,53,Feel The Fire (Journeyman Remix),Skin (Rinzen Remix),7A,8A,0.772,0.9186,adjacent,harmonic,0.7,1
afterglow,14,54,Feel The Fire (Journeyman Remix),Slow Down (James Cole Remix),7A,9A,0.8263,0.6657,,none,0,0
afterglow,14,55,Feel The Fire (Journeyman Remix),So U Kno (Original Mix),7A,4A,0.8479,0.3546,,none,0,0
afterglow,14,56,Feel The Fire (Journeyman Remix),Sordid Affair (Maceo Plex Mix),7A,3A,0.875,0.6469,,none,0,0
afterglow,14,57,Feel The Fire (Journeyman Remix),Stones Throw (Original Mix),7A,8A,0.6115,0.4015,adjacent,harmonic,0.7,1
afterglow,14,58,Feel The Fire (Journeyman Remix),Sunset Drive (Extended Mix),7A,5A,0.8382,0.5198,,none,0,0
afterglow,14,59,Feel The Fire (Journeyman Remix),Symmetry (Rodriguez Jr. Remix),7A,11A,1.244,0.688,,none,0,0
afterglow,14,60,Feel The Fire (Journeyman Remix),Teardrops (Don't Stop The Music) (Original Mix),7A,5B,0.5327,0.7617,,none,0,0
afterglow,14,61,Feel The Fire (Journeyman Remix),Tearing Me Up (Original Mix),7A,7A,1.0675,0.6921,same,harmonic,1,1
afterglow,14,62,Feel The Fire (Journeyman Remix),The Way You Move (Original Mix),7A,5A,0.7653,0.3287,,none,0,0
afterglow,14,63,Feel The Fire (Journeyman Remix),There's Never Been (No One Like You)(P's Sunrise Edit),7A,10B,0.8028,0.7231,,none,0,0
afterglow,14,64,Feel The Fire (Journeyman Remix),Touch (Four Tet Remix),7A,8B,0.8028,0.6173,,none,0,0
afterglow,14,65,Feel The Fire (Journeyman Remix),Videotape (Original Mix),7A,12A,0.7306,0.5609,,none,0,0
afterglow,14,66,Feel The Fire (Journeyman Remix),Walk The Line (Extended Mix),7A,9A,0.8028,0.4923,,none,0,0
afterglow,14,67,Feel The Fire (Journeyman Remix),Walk The Line (Themba Extended Mix),7A,9A,1.5896,0.4071,,none,0,0
afterglow,14,68,Feel The Fire (Journeyman Remix),We Are Child Of Love (The Mekanism Remix),7A,12A,1.2708,0.5173,,none,0,0
afterglow,14,69,Feel The Fire (Journeyman Remix),What Can I Do,7A,8A,1.2356,0.6336,adjacent,harmonic,0.7,1
afterglow,14,70,Feel The Fire (Journeyman Remix),What I Might Do,7A,5A,0.4159,0.3911,,none,0,0
afterglow,14,71,Feel The Fire (Journeyman Remix),When Will I See You Again (Amtrac Remix),7A,5B,0.6941,0.6735,,none,0,0
afterglow,14,72,Feel The Fire (Journeyman Remix),Where the Subtle Meets Infinity (Original Mix),7A,1A,0.7653,0.7301,,none,0,0
afterglow,14,73,Feel The Fire (Journeyman Remix),Wish We Could feat. Syon & Darla Jade (Extended Mix),7A,3A,1.2471,0.6795,,none,0,0
afterglow,15,16,Feel The Game (Extended Remix),Fifty Ways To Love Your Liver (Original Mix),1A,8A,0.9879,0.4622,,none,0,0
afterglow,15,17,Feel The Game (Extended Remix),Final Credits (Original Mix),1A,4A,1.3482,0.5037,,none,0,0
afterglow,15,18,Feel The Game (Extended Remix),Give Life Back to Music (Original Mix),1A,8A,0.9838,0.6838,,none,0,0
afterglow,15,19,Feel The Game (Extended Remix),Gooey (Original Mix),1A,10A,1.0516,0.752,,none,0,0
afterglow,15,20,Feel The Game (Extended Remix),Hit The Ground  (Extended Mix),1A,6A,0,0.8804,,none,0,0
afterglow,15,21,Feel The Game (Extended Remix),Houdini (Adam Port Mix),1A,6A,0,0.1776,,none,0,0
afterglow,15,22,Feel The Game (Extended Remix),I Remember (Original Mix),1A,10A,1.197,0.423,,none,0,0
afterglow,15,23,Feel The Game (Extended Remix),I Won't Fade Away feat. Alice Russell (Original Mix),1A,9A,1.0449,0.4115,,none,0,0
afterglow,15,24,Feel The Game (Extended Remix),Illusory (Extended Mix),1A,1A,1.0022,0.7634,same,harmonic,1,1
afterglow,15,25,Feel The Game (Extended Remix),It's A Memory (Amtrac Remix),1A,2A,0.7682,0.7106,adjacent,harmonic,0.7,1
afterglow,15,26,Feel The Game (Extended Remix),It's Not Enough feat. Janai (Original Mix),1A,4A,0.3003,0.8589,,none,0,0
afterglow,15,27,Feel The Game (Extended Remix),It's Not Right (Original Mix),1A,5A,0.5364,0.3113,,none,0,0
afterglow,15,28,Feel The Game (Extended Remix),Izolo feat. Khonaye (Lost Desert & Lee Burridge Remix),1A,9A,0,0.8413,,none,0,0
afterglow,15,29,Feel The Game (Extended Remix),Just a Bitter Love,1A,6A,0.6982,0.8602,,none,0,0
afterglow,15,30,Feel The Game (Extended Remix),Latch (Jamie Jones Remix),1A,4B,0.5582,0.3667,,none,0,0
afterglow,15,31,Feel The Game (Extended Remix),Lost,1A,6A,0.5096,0.7106,,none,0,0
afterglow,15,32,Feel The Game (Extended Remix),Love Somebody Else Feat. Joi Cardwell (Original Mix),1A,12B,0.6006,0.4859,,none,0,0
afterglow,15,33,Feel The Game (Extended Remix),Love Song (Original Mix),1A,8A,0.3003,0.9249,,none,0,0
afterglow,15,34,Feel The Game (Extended Remix),Lucky Shot (Original Mix),1A,7A,0.7494,0.5933,,none,0,0
afterglow,15,35,Feel The Game (Extended Remix),Lying Together,1A,2A,1.0815,0.6083,adjacent,harmonic,0.7,1
afterglow,15,36,Feel The Game (Extended Remix),Marijuana (Original Mix),1A,1A,0.3003,0.1941,same,harmonic,1,1
afterglow,15,37,Feel The Game (Extended Remix),Masala (Pablo Fierro Remix),1A,7A,1.0588,0.29,,none,0,0
afterglow,15,38,Feel The Game (Extended Remix),Midas feat. Holly Walker (Ben Pearce Re-Edit),1A,8A,1.0017,0.7549,,none,0,0
afterglow,15,39,Feel The Game (Extended Remix),Never Sleep Again (Keinemusik Remix),1A,6A,0.5333,0.4519,,none,0,0
afterglow,15,40,Feel The Game (Extended Remix),Neverender (Extended),1A,11A,2,0.314,,none,0,0
afterglow,15,41,Feel The Game (Extended Remix),Night Blooming Jasmine (Original Mix),1A,4A,0.3003,0.3205,,none,0,0
afterglow,15,42,Feel The Game (Extended Remix),Night Blooming Jasmine (Rodriguez Jr. Remix),1A,4A,0,0.1585,,none,0,0
afterglow,15,43,Feel The Game (Extended Remix),Ocean Drive (Extended Mix),1A,1A,0,0.3667,same,harmonic,1,1
afterglow,15,44,Feel The Game (Extended Remix),One Night/All Night (Original Mix),1A,4A,0,0.2011,,none,0,0
afterglow,15,45,Feel The Game (Extended Remix),Opal (Four Tet Remix),1A,8A,0.9292,0.4435,,none,0,0
afterglow,15,46,Feel The Game (Extended Remix),Preach The World (Original Mix),1A,12A,1.2195,0.4045,adjacent,harmonic,0.7,1
afterglow,15,47,Feel The Game (Extended Remix),Promiscuous [AV Edit],1A,3A,0.6006,0.3566,,none,0,0
afterglow,15,48,Feel The Game (Extended Remix),Regulate (feat. Nate Dogg),1A,9A,0.5306,0.3539,,none,0,0
afterglow,15,49,Feel The Game (Extended Remix),Saturday Night (Extended),1A,4A,0.3003,0.5181,,none,0,0
afterglow,15,50,Feel The Game (Extended Remix),Sell My Heart (Kreative Nativez Remix),1A,11A,1,0.3667,,none,0,0
afterglow,15,51,Feel The Game (Extended Remix),Sing It Back (feat. Naila) (Original Mix),1A,12A,0.6019,0.6496,adjacent,harmonic,0.7,1
afterglow,15,52,Feel The Game (Extended Remix),Sing It Back (Herbert's Tasteful Dub),1A,2A,0.3003,0.1941,adjacent,harmonic,0.7,1
afterglow,15,53,Feel The Game (Extended Remix),Skin (Rinzen Remix),1A,8A,1.0017,0.6672,,none,0,0
afterglow,15,54,Feel The Game (Extended Remix),Slow Down (James Cole Remix),1A,9A,0.5832,0.4622,,none,0,0
afterglow,15,55,Feel The Game (Extended Remix),So U Kno (Original Mix),1A,4A,1.125,0.168,,none,0,0
afterglow,15,56,Feel The Game (Extended Remix),Sordid Affair (Maceo Plex Mix),1A,3A,0.4118,0.4062,,none,0,0
afterglow,15,57,Feel The Game (Extended Remix),Stones Throw (Original Mix),1A,8A,0.3003,0.336,,none,0,0
afterglow,15,58,Feel The Game (Extended Remix),Sunset Drive (Extended Mix),1A,5A,1.1111,0.1495,,none,0,0
afterglow,15,59,Feel The Game (Extended Remix),Symmetry (Rodriguez Jr. Remix),1A,11A,0.6839,0.4425,,none,0,0
afterglow,15,60,Feel The Game (Extended Remix),Teardrops (Don't Stop The Music) (Original Mix),1A,5B,0.6006,0.8258,,none,0,0
afterglow,15,61,Feel The Game (Extended Remix),Tearing Me Up (Original Mix),1A,7A,1.0516,0.752,,none,0,0
afterglow,15,62,Feel The Game (Extended Remix),The Way You Move (Original Mix),1A,5A,1,0.2961,,none,0,0
afterglow,15,63,Feel The Game (Extended Remix),There's Never Been (No One Like You)(P's Sunrise Edit),1A,10B,0,0.7926,,none,0,0
afterglow,15,64,Feel The Game (Extended Remix),Touch (Four Tet Remix),1A,8B,0,0.1776,,none,0,0
afterglow,15,65,Feel The Game (Extended Remix),Videotape (Original Mix),1A,12A,1.2691,0.3445,adjacent,harmonic,0.7,1
afterglow,15,66,Feel The Game (Extended Remix),Walk The Line (Extended Mix),1A,9A,0,0.4071,,none,0,0
afterglow,15,67,Feel The Game (Extended Remix),Walk The Line (Themba Extended Mix),1A,9A,2,0.1726,,none,0,0
afterglow,15,68,Feel The Game (Extended Remix),We Are Child Of Love (The Mekanism Remix),1A,12A,0.7071,0.6172,adjacent,harmonic,0.7,1
afterglow,15,69,Feel The Game (Extended Remix),What Can I Do,1A,8A,1,0.5669,,none,0,0
afterglow,15,70,Feel The Game (Extended Remix),What I Might Do,1A,5A,1.1165,0.3479,,none,0,0
afterglow,15,71,Feel The Game (Extended Remix),When Will I See You Again (Amtrac Remix),1A,5B,1.2233,0.3254,,none,0,0
afterglow,15,72,Feel The Game (Extended Remix),Where the Subtle Meets Infinity (Original Mix),1A,1A,1,0.8018,same,harmonic,1,1
afterglow,15,73,Feel The Game (Extended Remix),Wish We Could feat. Syon & Darla Jade (Extended Mix),1A,3A,0.6866,0.4437,,none,0,0
afterglow,16,17,Fifty Ways To Love Your Liver (Original Mix),Final Credits (Original Mix),8A,4A,0.5616,0.7591,,none,0,0
afterglow,16,18,Fifty Ways To Love Your Liver (Original Mix),Give Life Back to Music (Original Mix),8A,8A,0.6152,0.6447,same,harmonic,1,1
afterglow,16,19,Fifty Ways To Love Your Liver (Original Mix),Gooey (Original Mix),8A,10A,1.4618,0.4379,,none,0,0
afterglow,16,20,Fifty Ways To Love Your Liver (Original Mix),Hit The Ground  (Extended Mix),8A,6A,0.9879,0.4069,,none,0,0
afterglow,16,21,Fifty Ways To Love Your Liver (Original Mix),Houdini (Adam Port Mix),8A,6A,0.9879,0.6233,,none,0,0
afterglow,16,22,Fifty Ways To Love Your Liver (Original Mix),I Remember (Original Mix),8A,10A,0.4851,0.7904,,none,0,0
afterglow,16,23,Fifty Ways To Love Your Liver (Original Mix),I Won't Fade Away feat. Alice Russell (Original Mix),8A,9A,0.0721,0.9452,adjacent,harmonic,0.7,1
afterglow,16,24,Fifty Ways To Love Your Liver (Original Mix),Illusory (Extended Mix),8A,1A,0.3132,0.4991,,none,0,0
afterglow,16,25,Fifty Ways To Love Your Liver (Original Mix),It's A Memory (Amtrac Remix),8A,2A,0.6668,0.6153,,none,0,0
afterglow,16,26,Fifty Ways To Love Your Liver (Original Mix),It's Not Enough feat. Janai (Original Mix),8A,4A,0.9412,0.4741,,none,0,0
afterglow,16,27,Fifty Ways To Love Your Liver (Original Mix),It's Not Right (Original Mix),8A,5A,1.0408,0.7252,,none,0,0
afterglow,16,28,Fifty Ways To Love Your Liver (Original Mix),Izolo feat. Khonaye (Lost Desert & Lee Burridge Remix),8A,9A,0.9879,0.4536,adjacent,harmonic,0.7,1
afterglow,16,29,Fifty Ways To Love Your Liver (Original Mix),Just a Bitter Love,8A,6A,0.6894,0.6037,,none,0,0
afterglow,16,30,Fifty Ways To Love Your Liver (Original Mix),Latch (Jamie Jones Remix),8A,4B,1.0523,0.8319,,none,0,0
afterglow,16,31,Fifty Ways To Love Your Liver (Original Mix),Lost,8A,6A,0.5294,0.7554,,none,0,0
afterglow,16,32,Fifty Ways To Love Your Liver (Original Mix),Love Somebody Else Feat. Joi Cardwell (Original Mix),8A,12B,0.9879,0.607,,none,0,0
afterglow,16,33,Fifty Ways To Love Your Liver (Original Mix),Love Song (Original Mix),8A,8A,0.9412,0.5105,same,harmonic,1,1
afterglow,16,34,Fifty Ways To Love Your Liver (Original Mix),Lucky Shot (Original Mix),8A,7A,1.4977,0.7183,adjacent,harmonic,0.7,1
afterglow,16,35,Fifty Ways To Love Your Liver (Original Mix),Lying Together,8A,2A,1.1707,0.4858,,none,0,0
afterglow,16,36,Fifty Ways To Love Your Liver (Original Mix),Marijuana (Original Mix),8A,1A,0.9412,0.6532,,none,0,0
afterglow,16,37,Fifty Ways To Love Your Liver (Original Mix),Masala (Pablo Fierro Remix),8A,7A,0.3225,0.6754,adjacent,harmonic,0.7,1
afterglow,16,38,Fifty Ways To Love Your Liver (Original Mix),Midas feat. Holly Walker (Ben Pearce Re-Edit),8A,8A,0.3116,0.6157,same,harmonic,1,1
afterglow,16,39,Fifty Ways To Love Your Liver (Original Mix),Never Sleep Again (Keinemusik Remix),8A,6A,1.1227,0.6652,,none,0,0
afterglow,16,40,Fifty Ways To Love Your Liver (Original Mix),Neverender (Extended),8A,11A,1.1006,0.5485,,none,0,0
afterglow,16,41,Fifty Ways To Love Your Liver (Original Mix),Night Blooming Jasmine (Original Mix),8A,4A,0.9412,0.6066,,none,0,0
afterglow,16,42,Fifty Ways To Love Your Liver (Original Mix),Night Blooming Jasmine (Rodriguez Jr. Remix),8A,4A,0.9879,0.6204,,none,0,0
afterglow,16,43,Fifty Ways To Love Your Liver (Original Mix),Ocean Drive (Extended Mix),8A,1A,0.9879,0.6281,,none,0,0
afterglow,16,44,Fifty Ways To Love Your Liver (Original Mix),One Night/All Night (Original Mix),8A,4A,0.9879,0.732,,none,0,0
afterglow,16,45,Fifty Ways To Love Your Liver (Original Mix),Opal (Four Tet Remix),8A,8A,0.1093,0.9228,same,harmonic,1,1
afterglow,16,46,Fifty Ways To Love Your Liver (Original Mix),Preach The World (Original Mix),8A,12A,0.5877,0.748,,none,0,0
afterglow,16,47,Fifty Ways To Love Your Liver (Original Mix),Promiscuous [AV Edit],8A,3A,0.9879,0.6666,,none,0,0
afterglow,16,48,Fifty Ways To Love Your Liver (Original Mix),Regulate (feat. Nate Dogg),8A,9A,1.0379,0.8301,adjacent,harmonic,0.7,1
afterglow,16,49,Fifty Ways To Love Your Liver (Original Mix),Saturday Night (Extended),8A,4A,0.9412,0.7598,,none,0,0
afterglow,16,50,Fifty Ways To Love Your Liver (Original Mix),Sell My Heart (Kreative Nativez Remix),8A,11A,1.4057,0.6281,,none,0,0
afterglow,16,51,Fifty Ways To Love Your Liver (Original Mix),Sing It Back (feat. Naila) (Original Mix),8A,12A,1.0261,0.7628,,none,0,0
afterglow,16,52,Fifty Ways To Love Your Liver (Original Mix),Sing It Back (Herbert's Tasteful Dub),8A,2A,0.9412,0.6532,,none,0,0
afterglow,16,53,Fifty Ways To Love Your Liver (Original Mix),Skin (Rinzen Remix),8A,8A,0.3116,0.5282,same,harmonic,1,1
afterglow,16,54,Fifty Ways To Love Your Liver (Original Mix),Slow Down (James Cole Remix),8A,9A,1.0657,0.6938,adjacent,harmonic,0.7,1
afterglow,16,55,Fifty Ways To Love Your Liver (Original Mix),So U Kno (Original Mix),8A,4A,0.3521,0.7581,,none,0,0
afterglow,16,56,Fifty Ways To Love Your Liver (Original Mix),Sordid Affair (Maceo Plex Mix),8A,3A,1.0703,0.6811,,none,0,0
afterglow,16,57,Fifty Ways To Love Your Liver (Original Mix),Stones Throw (Original Mix),8A,8A,0.9412,0.6114,same,harmonic,1,1
afterglow,16,58,Fifty Ways To Love Your Liver (Original Mix),Sunset Drive (Extended Mix),8A,5A,0.345,0.7159,,none,0,0
afterglow,16,59,Fifty Ways To Love Your Liver (Original Mix),Symmetry (Rodriguez Jr. Remix),8A,11A,1.5239,0.6772,,none,0,0
afterglow,16,60,Fifty Ways To Love Your Liver (Original Mix),Teardrops (Don't Stop The Music) (Original Mix),8A,5B,0.9879,0.7349,,none,0,0
afterglow,16,61,Fifty Ways To Love Your Liver (Original Mix),Tearing Me Up (Original Mix),8A,7A,1.2908,0.4379,adjacent,harmonic,0.7,1
afterglow,16,62,Fifty Ways To Love Your Liver (Original Mix),The Way You Move (Original Mix),8A,5A,0.306,0.6874,,none,0,0
afterglow,16,63,Fifty Ways To Love Your Liver (Original Mix),There's Never Been (No One Like You)(P's Sunrise Edit),8A,10B,0.9879,0.4186,,none,0,0
afterglow,16,64,Fifty Ways To Love Your Liver (Original Mix),Touch (Four Tet Remix),8A,8B,0.9879,0.6233,,none,0,0
afterglow,16,65,Fifty Ways To Love Your Liver (Original Mix),Videotape (Original Mix),8A,12A,0.5862,0.9189,,none,0,0
afterglow,16,66,Fifty Ways To Love Your Liver (Original Mix),Walk The Line (Extended Mix),8A,9A,0.9879,0.5154,adjacent,harmonic,0.7,1
afterglow,16,67,Fifty Ways To Love Your Liver (Original Mix),Walk The Line (Themba Extended Mix),8A,9A,1.1006,0.603,adjacent,harmonic,0.7,1
afterglow,16,68,Fifty Ways To Love Your Liver (Original Mix),We Are Child Of Love (The Mekanism Remix),8A,12A,1.5547,0.6789,,none,0,0
afterglow,16,69,Fifty Ways To Love Your Liver (Original Mix),What Can I Do,8A,8A,1.4057,0.6359,same,harmonic,1,1
afterglow,16,70,Fifty Ways To Love Your Liver (Original Mix),What I Might Do,8A,5A,0.3003,0.7465,,none,0,0
afterglow,16,71,Fifty Ways To Love Your Liver (Original Mix),When Will I See You Again (Amtrac Remix),8A,5B,0.5832,0.8493,,none,0,0
afterglow,16,72,Fifty Ways To Love Your Liver (Original Mix),Where the Subtle Meets Infinity (Original Mix),8A,1A,0.306,0.4323,,none,0,0
afterglow,16,73,Fifty Ways To Love Your Liver (Original Mix),Wish We Could feat. Syon & Darla Jade (Extended Mix),8A,3A,1.5275,0.6722,,none,0,0
afterglow,17,18,Final Credits (Original Mix),Give Life Back to Music (Original Mix),4A,8A,0.485,0.8167,,none,0,0
afterglow,17,19,Final Credits (Original Mix),Gooey (Original Mix),4A,10A,1.4032,0.5082,,none,0,0
afterglow,17,20,Final Credits (Original Mix),Hit The Ground  (Extended Mix),4A,6A,1.3482,0.5723,,none,0,0
afterglow,17,21,Final Credits (Original Mix),Houdini (Adam Port Mix),4A,6A,1.3482,0.7246,,none,0,0
afterglow,17,22,Final Credits (Original Mix),I Remember (Original Mix),4A,10A,0.9587,0.8411,,none,0,0
afterglow,17,23,Final Credits (Original Mix),I Won't Fade Away feat. Alice Russell (Original Mix),4A,9A,0.5791,0.8366,,none,0,0
afterglow,17,24,Final Credits (Original Mix),Illusory (Extended Mix),4A,1A,0.7941,0.681,,none,0,0
afterglow,17,25,Final Credits (Original Mix),It's A Memory (Amtrac Remix),4A,2A,0.6962,0.7006,,none,0,0
afterglow,17,26,Final Credits (Original Mix),It's Not Enough feat. Janai (Original Mix),4A,4A,1.2439,0.5303,same,harmonic,1,1
afterglow,17,27,Final Credits (Original Mix),It's Not Right (Original Mix),4A,5A,1.1644,0.7895,adjacent,harmonic,0.7,1
afterglow,17,28,Final Credits (Original Mix),Izolo feat. Khonaye (Lost Desert & Lee Burridge Remix),4A,9A,1.3482,0.5264,,none,0,0
afterglow,17,29,Final Credits (Original Mix),Just a Bitter Love,4A,6A,0.8511,0.5626,,none,0,0
afterglow,17,30,Final Credits (Original Mix),Latch (Jamie Jones Remix),4A,4B,1.4766,0.5742,,none,0,0
afterglow,17,31,Final Credits (Original Mix),Lost,4A,6A,0.889,0.5909,,none,0,0
afterglow,17,32,Final Credits (Original Mix),Love Somebody Else Feat. Joi Cardwell (Original Mix),4A,12B,1.2071,0.6569,,none,0,0
afterglow,17,33,Final Credits (Original Mix),Love Song (Original Mix),4A,8A,1.2439,0.4337,,none,0,0
afterglow,17,34,Final Credits (Original Mix),Lucky Shot (Original Mix),4A,7A,1.6248,0.6118,,none,0,0
afterglow,17,35,Final Credits (Original Mix),Lying Together,4A,2A,1.089,0.7235,,none,0,0
afterglow,17,36,Final Credits (Original Mix),Marijuana (Original Mix),4A,1A,1.2439,0.7312,,none,0,0
afterglow,17,37,Final Credits (Original Mix),Masala (Pablo Fierro Remix),4A,7A,0.746,0.8967,,none,0,0
afterglow,17,38,Final Credits (Original Mix),Midas feat. Holly Walker (Ben Pearce Re-Edit),4A,8A,0.7891,0.4996,,none,0,0
afterglow,17,39,Final Credits (Original Mix),Never Sleep Again (Keinemusik Remix),4A,6A,1.2789,0.8352,,none,0,0
afterglow,17,40,Final Credits (Original Mix),Neverender (Extended),4A,11A,1.1479,0.846,,none,0,0
afterglow,17,41,Final Credits (Original Mix),Night Blooming Jasmine (Original Mix),4A,4A,1.2439,0.679,same,harmonic,1,1
afterglow,17,42,Final Credits (Original Mix),Night Blooming Jasmine (Rodriguez Jr. Remix),4A,4A,1.3482,0.7211,same,harmonic,1,1
afterglow,17,43,Final Credits (Original Mix),Ocean Drive (Extended Mix),4A,1A,1.3482,0.7042,,none,0,0
afterglow,17,44,Final Credits (Original Mix),One Night/All Night (Original Mix),4A,4A,1.3482,0.6406,same,harmonic,1,1
afterglow,17,45,Final Credits (Original Mix),Opal (Four Tet Remix),4A,8A,0.654,0.8051,,none,0,0
afterglow,17,46,Final Credits (Original Mix),Preach The World (Original Mix),4A,12A,0.6015,0.9432,,none,0,0
afterglow,17,47,Final Credits (Original Mix),Promiscuous [AV Edit],4A,3A,1.2071,0.7121,adjacent,harmonic,0.7,1
afterglow,17,48,Final Credits (Original Mix),Regulate (feat. Nate Dogg),4A,9A,1.4565,0.5887,,none,0,0
afterglow,17,49,Final Credits (Original Mix),Saturday Night (Extended),4A,4A,1.2439,0.6111,same,harmonic,1,1
afterglow,17,50,Final Credits (Original Mix),Sell My Heart (Kreative Nativez Remix),4A,11A,1.9217,0.5276,,none,0,0
afterglow,17,51,Final Credits (Original Mix),Sing It Back (feat. Naila) (Original Mix),4A,12A,1.2444,0.7408,,none,0,0
afterglow,17,52,Final Credits (Original Mix),Sing It Back (Herbert's Tasteful Dub),4A,2A,1.2439,0.7312,,none,0,0
afterglow,17,53,Final Credits (Original Mix),Skin (Rinzen Remix),4A,8A,0.7891,0.6049,,none,0,0
afterglow,17,54,Final Credits (Original Mix),Slow Down (James Cole Remix),4A,9A,1.4949,0.7255,,none,0,0
afterglow,17,55,Final Credits (Original Mix),So U Kno (Original Mix),4A,4A,0.7431,0.7166,same,harmonic,1,1
afterglow,17,56,Final Credits (Original Mix),Sordid Affair (Maceo Plex Mix),4A,3A,1.2755,0.8377,adjacent,harmonic,0.7,1
afterglow,17,57,Final Credits (Original Mix),Stones Throw (Original Mix),4A,8A,1.2439,0.6592,,none,0,0
afterglow,17,58,Final Credits (Original Mix),Sunset Drive (Extended Mix),4A,5A,0.7432,0.844,adjacent,harmonic,0.7,1
afterglow,17,59,Final Credits (Original Mix),Symmetry (Rodriguez Jr. Remix),4A,11A,1.7024,0.7353,,none,0,0
afterglow,17,60,Final Credits (Original Mix),Teardrops (Don't Stop The Music) (Original Mix),4A,5B,1.2071,0.6211,,none,0,0
afterglow,17,61,Final Credits (Original Mix),Tearing Me Up (Original Mix),4A,7A,1.186,0.5435,,none,0,0
afterglow,17,62,Final Credits (Original Mix),The Way You Move (Original Mix),4A,5A,0.7535,0.7647,adjacent,harmonic,0.7,1
afterglow,17,63,Final Credits (Original Mix),There's Never Been (No One Like You)(P's Sunrise Edit),4A,10B,1.3482,0.6017,,none,0,0
afterglow,17,64,Final Credits (Original Mix),Touch (Four Tet Remix),4A,8B,1.3482,0.7246,,none,0,0
afterglow,17,65,Final Credits (Original Mix),Videotape (Original Mix),4A,12A,0.9458,0.7075,,none,0,0
afterglow,17,66,Final Credits (Original Mix),Walk The Line (Extended Mix),4A,9A,1.3482,0.6946,,none,0,0
afterglow,17,67,Final Credits (Original Mix),Walk The Line (Themba Extended Mix),4A,9A,1.1479,0.7926,,none,0,0
afterglow,17,68,Final Credits (Original Mix),We Are Child Of Love (The Mekanism Remix),4A,12A,1.7336,0.5792,,none,0,0
afterglow,17,69,Final Credits (Original Mix),What Can I Do,4A,8A,1.3938,0.6664,,none,0,0
afterglow,17,70,Final Credits (Original Mix),What I Might Do,4A,5A,0.4745,0.8249,adjacent,harmonic,0.7,1
afterglow,17,71,Final Credits (Original Mix),When Will I See You Again (Amtrac Remix),4A,5B,0.9554,0.7795,,none,0,0
afterglow,17,72,Final Credits (Original Mix),Where the Subtle Meets Infinity (Original Mix),4A,1A,0.7535,0.5928,,none,0,0
afterglow,17,73,Final Credits (Original Mix),Wish We Could feat. Syon & Darla Jade (Extended Mix),4A,3A,1.706,0.7213,adjacent,harmonic,0.7,1
afterglow,18,19,Give Life Back to Music (Original Mix),Gooey (Original Mix),8A,10A,0.992,0.736,,none,0,0
afterglow,18,20,Give Life Back to Music (Original Mix),Hit The Ground  (Extended Mix),8A,6A,0.9838,0.602,,none,0,0
afterglow,18,21,Give Life Back to Music (Original Mix),Houdini (Adam Port Mix),8A,6A,0.9838,0.4047,,none,0,0
afterglow,18,22,Give Life Back to Music (Original Mix),I Remember (Original Mix),8A,10A,1.0502,0.6267,,none,0,0
afterglow,18,23,Give Life Back to Music (Original Mix),I Won't Fade Away feat. Alice Russell (Original Mix),8A,9A,0.6753,0.6194,adjacent,harmonic,0.7,1
afterglow,18,24,Give Life Back to Music (Original Mix),Illusory (Extended Mix),8A,1A,0.8669,0.57,,none,0,0
afterglow,18,25,Give Life Back to Music (Original Mix),It's A Memory (Amtrac Remix),8A,2A,0.336,0.887,,none,0,0
afterglow,18,26,Give Life Back to Music (Original Mix),It's Not Enough feat. Janai (Original Mix),8A,4A,0.8351,0.5633,,none,0,0
afterglow,18,27,Give Life Back to Music (Original Mix),It's Not Right (Original Mix),8A,5A,0.707,0.5301,,none,0,0
afterglow,18,28,Give Life Back to Music (Original Mix),Izolo feat. Khonaye (Lost Desert & Lee Burridge Remix),8A,9A,0.9838,0.5433,adjacent,harmonic,0.7,1
afterglow,18,29,Give Life Back to Music (Original Mix),Just a Bitter Love,8A,6A,0.4428,0.7503,,none,0,0
afterglow,18,30,Give Life Back to Music (Original Mix),Latch (Jamie Jones Remix),8A,4B,1.1563,0.4425,,none,0,0
afterglow,18,31,Give Life Back to Music (Original Mix),Lost,8A,6A,0.5829,0.7655,,none,0,0
afterglow,18,32,Give Life Back to Music (Original Mix),Love Somebody Else Feat. Joi Cardwell (Original Mix),8A,12B,0.7792,0.5623,,none,0,0
afterglow,18,33,Give Life Back to Music (Original Mix),Love Song (Original Mix),8A,8A,0.8351,0.6066,same,harmonic,1,1
afterglow,18,34,Give Life Back to Music (Original Mix),Lucky Shot (Original Mix),8A,7A,1.1518,0.6674,adjacent,harmonic,0.7,1
afterglow,18,35,Give Life Back to Music (Original Mix),Lying Together,8A,2A,0.8494,0.7466,,none,0,0
afterglow,18,36,Give Life Back to Music (Original Mix),Marijuana (Original Mix),8A,1A,0.8351,0.4425,,none,0,0
afterglow,18,37,Give Life Back to Music (Original Mix),Masala (Pablo Fierro Remix),8A,7A,0.8565,0.6505,adjacent,harmonic,0.7,1
afterglow,18,38,Give Life Back to Music (Original Mix),Midas feat. Holly Walker (Ben Pearce Re-Edit),8A,8A,0.8623,0.5214,same,harmonic,1,1
afterglow,18,39,Give Life Back to Music (Original Mix),Never Sleep Again (Keinemusik Remix),8A,6A,0.8822,0.5965,,none,0,0
afterglow,18,40,Give Life Back to Music (Original Mix),Neverender (Extended),8A,11A,1.5517,0.7044,,none,0,0
afterglow,18,41,Give Life Back to Music (Original Mix),Night Blooming Jasmine (Original Mix),8A,4A,0.8351,0.4109,,none,0,0
afterglow,18,42,Give Life Back to Music (Original Mix),Night Blooming Jasmine (Rodriguez Jr. Remix),8A,4A,0.9838,0.4064,,none,0,0
afterglow,18,43,Give Life Back to Music (Original Mix),Ocean Drive (Extended Mix),8A,1A,0.9838,0.5949,,none,0,0
afterglow,18,44,Give Life Back to Music (Original Mix),One Night/All Night (Original Mix),8A,4A,0.9838,0.4871,,none,0,0
afterglow,18,45,Give Life Back to Music (Original Mix),Opal (Four Tet Remix),8A,8A,0.6541,0.564,same,harmonic,1,1
afterglow,18,46,Give Life Back to Music (Original Mix),Preach The World (Original Mix),8A,12A,0.7724,0.7279,,none,0,0
afterglow,18,47,Give Life Back to Music (Original Mix),Promiscuous [AV Edit],8A,3A,0.7792,0.596,,none,0,0
afterglow,18,48,Give Life Back to Music (Original Mix),Regulate (feat. Nate Dogg),8A,9A,1.1303,0.4537,adjacent,harmonic,0.7,1
afterglow,18,49,Give Life Back to Music (Original Mix),Saturday Night (Extended),8A,4A,0.8351,0.3542,,none,0,0
afterglow,18,50,Give Life Back to Music (Original Mix),Sell My Heart (Kreative Nativez Remix),8A,11A,1.6902,0.1967,,none,0,0
afterglow,18,51,Give Life Back to Music (Original Mix),Sing It Back (feat. Naila) (Original Mix),8A,12A,0.8124,0.6591,,none,0,0
afterglow,18,52,Give Life Back to Music (Original Mix),Sing It Back (Herbert's Tasteful Dub),8A,2A,0.8351,0.4425,,none,0,0
afterglow,18,53,Give Life Back to Music (Original Mix),Skin (Rinzen Remix),8A,8A,0.8623,0.4629,same,harmonic,1,1
afterglow,18,54,Give Life Back to Music (Original Mix),Slow Down (James Cole Remix),8A,9A,1.1797,0.493,adjacent,harmonic,0.7,1
afterglow,18,55,Give Life Back to Music (Original Mix),So U Kno (Original Mix),8A,4A,0.8908,0.6006,,none,0,0
afterglow,18,56,Give Life Back to Music (Original Mix),Sordid Affair (Maceo Plex Mix),8A,3A,0.8783,0.6038,,none,0,0
afterglow,18,57,Give Life Back to Music (Original Mix),Stones Throw (Original Mix),8A,8A,0.8351,0.5647,same,harmonic,1,1
afterglow,18,58,Give Life Back to Music (Original Mix),Sunset Drive (Extended Mix),8A,5A,0.8833,0.5538,,none,0,0
afterglow,18,59,Give Life Back to Music (Original Mix),Symmetry (Rodriguez Jr. Remix),8A,11A,1.2604,0.6292,,none,0,0
afterglow,18,60,Give Life Back to Music (Original Mix),Teardrops (Don't Stop The Music) (Original Mix),8A,5B,0.7792,0.6952,,none,0,0
afterglow,18,61,Give Life Back to Music (Original Mix),Tearing Me Up (Original Mix),8A,7A,0.8149,0.7259,adjacent,harmonic,0.7,1
afterglow,18,62,Give Life Back to Music (Original Mix),The Way You Move (Original Mix),8A,5A,0.8294,0.6609,,none,0,0
afterglow,18,63,Give Life Back to Music (Original Mix),There's Never Been (No One Like You)(P's Sunrise Edit),8A,10B,0.9838,0.6341,,none,0,0
afterglow,18,64,Give Life Back to Music (Original Mix),Touch (Four Tet Remix),8A,8B,0.9838,0.4047,,none,0,0
afterglow,18,65,Give Life Back to Music (Original Mix),Videotape (Original Mix),8A,12A,1.0107,0.5693,,none,0,0
afterglow,18,66,Give Life Back to Music (Original Mix),Walk The Line (Extended Mix),8A,9A,0.9838,0.4559,adjacent,harmonic,0.7,1
afterglow,18,67,Give Life Back to Music (Original Mix),Walk The Line (Themba Extended Mix),8A,9A,1.5517,0.617,adjacent,harmonic,0.7,1
afterglow,18,68,Give Life Back to Music (Original Mix),We Are Child Of Love (The Mekanism Remix),8A,12A,1.2897,0.6506,,none,0,0
afterglow,18,69,Give Life Back to Music (Original Mix),What Can I Do,8A,8A,1.0387,0.5599,same,harmonic,1,1
afterglow,18,70,Give Life Back to Music (Original Mix),What I Might Do,8A,5A,0.5369,0.7179,,none,0,0
afterglow,18,71,Give Life Back to Music (Original Mix),When Will I See You Again (Amtrac Remix),8A,5B,0.9913,0.5192,,none,0,0
afterglow,18,72,Give Life Back to Music (Original Mix),Where the Subtle Meets Infinity (Original Mix),8A,1A,0.8294,0.5025,,none,0,0
afterglow,18,73,Give Life Back to Music (Original Mix),Wish We Could feat. Syon & Darla Jade (Extended Mix),8A,3A,1.2638,0.6236,,none,0,0
afterglow,19,20,Gooey (Original Mix),Hit The Ground  (Extended Mix),10A,6A,1.0516,0.6621,,none,0,0
afterglow,19,21,Gooey (Original Mix),Houdini (Adam Port Mix),10A,6A,1.0516,0.2474,,none,0,0
afterglow,19,22,Gooey (Original Mix),I Remember (Original Mix),10A,10A,1.8879,0.2122,same,harmonic,1,1
afterglow,19,23,Gooey (Original Mix),I Won't Fade Away feat. Alice Russell (Original Mix),10A,9A,1.5332,0.3823,adjacent,harmonic,0.7,1
afterglow,19,24,Gooey (Original Mix),Illusory (Extended Mix),10A,1A,1.5791,0.5723,,none,0,0
afterglow,19,25,Gooey (Original Mix),It's A Memory (Amtrac Remix),10A,2A,0.8004,0.613,,none,0,0
afterglow,19,26,Gooey (Original Mix),It's Not Enough feat. Janai (Original Mix),10A,4A,1.0078,0.7626,,none,0,0
afterglow,19,27,Gooey (Original Mix),It's Not Right (Original Mix),10A,5A,0.5694,0.4338,,none,0,0
afterglow,19,28,Gooey (Original Mix),Izolo feat. Khonaye (Lost Desert & Lee Burridge Remix),10A,9A,1.0516,0.7382,adjacent,harmonic,0.7,1
afterglow,19,29,Gooey (Original Mix),Just a Bitter Love,10A,6A,1.0324,0.6685,,none,0,0
afterglow,19,30,Gooey (Original Mix),Latch (Jamie Jones Remix),10A,4B,1.4759,0.2705,,none,0,0
afterglow,19,31,Gooey (Original Mix),Lost,10A,6A,1.135,0.613,,none,0,0
afterglow,19,32,Gooey (Original Mix),Love Somebody Else Feat. Joi Cardwell (Original Mix),10A,12B,1.0516,0.2604,,none,0,0
afterglow,19,33,Gooey (Original Mix),Love Song (Original Mix),10A,8A,1.0078,0.8212,,none,0,0
afterglow,19,34,Gooey (Original Mix),Lucky Shot (Original Mix),10A,7A,0.6078,0.6667,,none,0,0
afterglow,19,35,Gooey (Original Mix),Lying Together,10A,2A,0.6151,0.6539,,none,0,0
afterglow,19,36,Gooey (Original Mix),Marijuana (Original Mix),10A,1A,1.0078,0.2705,,none,0,0
afterglow,19,37,Gooey (Original Mix),Masala (Pablo Fierro Remix),10A,7A,1.5785,0.202,,none,0,0
afterglow,19,38,Gooey (Original Mix),Midas feat. Holly Walker (Ben Pearce Re-Edit),10A,8A,1.5738,0.7084,,none,0,0
afterglow,19,39,Gooey (Original Mix),Never Sleep Again (Keinemusik Remix),10A,6A,0.5688,0.4198,,none,0,0
afterglow,19,40,Gooey (Original Mix),Neverender (Extended),10A,11A,2.3677,0.2188,adjacent,harmonic,0.7,1
afterglow,19,41,Gooey (Original Mix),Night Blooming Jasmine (Original Mix),10A,4A,1.0078,0.2512,,none,0,0
afterglow,19,42,Gooey (Original Mix),Night Blooming Jasmine (Rodriguez Jr. Remix),10A,4A,1.0516,0.2208,,none,0,0
afterglow,19,43,Gooey (Original Mix),Ocean Drive (Extended Mix),10A,1A,1.0516,0.2405,,none,0,0
afterglow,19,44,Gooey (Original Mix),One Night/All Night (Original Mix),10A,4A,1.0516,0.2803,,none,0,0
afterglow,19,45,Gooey (Original Mix),Opal (Four Tet Remix),10A,8A,1.477,0.3955,,none,0,0
afterglow,19,46,Gooey (Original Mix),Preach The World (Original Mix),10A,12A,1.3903,0.3757,,none,0,0
afterglow,19,47,Gooey (Original Mix),Promiscuous [AV Edit],10A,3A,1.0516,0.2761,,none,0,0
afterglow,19,48,Gooey (Original Mix),Regulate (feat. Nate Dogg),10A,9A,1.4429,0.2774,adjacent,harmonic,0.7,1
afterglow,19,49,Gooey (Original Mix),Saturday Night (Extended),10A,4A,1.0078,0.4813,,none,0,0
afterglow,19,50,Gooey (Original Mix),Sell My Heart (Kreative Nativez Remix),10A,11A,2.0263,0.2405,adjacent,harmonic,0.7,1
afterglow,19,51,Gooey (Original Mix),Sing It Back (feat. Naila) (Original Mix),10A,12A,1.0476,0.6943,,none,0,0
afterglow,19,52,Gooey (Original Mix),Sing It Back (Herbert's Tasteful Dub),10A,2A,1.0078,0.2705,,none,0,0
afterglow,19,53,Gooey (Original Mix),Skin (Rinzen Remix),10A,8A,1.5738,0.6289,,none,0,0
afterglow,19,54,Gooey (Original Mix),Slow Down (James Cole Remix),10A,9A,1.5052,0.2318,adjacent,harmonic,0.7,1
afterglow,19,55,Gooey (Original Mix),So U Kno (Original Mix),10A,4A,1.6287,0.2341,,none,0,0
afterglow,19,56,Gooey (Original Mix),Sordid Affair (Maceo Plex Mix),10A,3A,0.6722,0.3692,,none,0,0
afterglow,19,57,Gooey (Original Mix),Stones Throw (Original Mix),10A,8A,1.0078,0.2633,,none,0,0
afterglow,19,58,Gooey (Original Mix),Sunset Drive (Extended Mix),10A,5A,1.6181,0.2083,,none,0,0
afterglow,19,59,Gooey (Original Mix),Symmetry (Rodriguez Jr. Remix),10A,11A,0.676,0.6166,adjacent,harmonic,0.7,1
afterglow,19,60,Gooey (Original Mix),Teardrops (Don't Stop The Music) (Original Mix),10A,5B,1.0516,0.7567,,none,0,0
afterglow,19,61,Gooey (Original Mix),Tearing Me Up (Original Mix),10A,7A,0.25,0.9863,,none,0,0
afterglow,19,62,Gooey (Original Mix),The Way You Move (Original Mix),10A,5A,1.5349,0.1941,,none,0,0
afterglow,19,63,Gooey (Original Mix),There's Never Been (No One Like You)(P's Sunrise Edit),10A,10B,1.0516,0.6812,,none,0,0
afterglow,19,64,Gooey (Original Mix),Touch (Four Tet Remix),10A,8B,1.0516,0.2474,,none,0,0
afterglow,19,65,Gooey (Original Mix),Videotape (Original Mix),10A,12A,1.8989,0.2667,,none,0,0
afterglow,19,66,Gooey (Original Mix),Walk The Line (Extended Mix),10A,9A,1.0516,0.1973,adjacent,harmonic,0.7,1
afterglow,19,67,Gooey (Original Mix),Walk The Line (Themba Extended Mix),10A,9A,2.3677,0.2405,adjacent,harmonic,0.7,1
afterglow,19,68,Gooey (Original Mix),We Are Child Of Love (The Mekanism Remix),10A,12A,0.6934,0.6451,,none,0,0
afterglow,19,69,Gooey (Original Mix),What Can I Do,10A,8A,0.3253,0.5267,,none,0,0
afterglow,19,70,Gooey (Original Mix),What I Might Do,10A,5A,1.4923,0.2552,,none,0,0
afterglow,19,71,Gooey (Original Mix),When Will I See You Again (Amtrac Remix),10A,5B,1.8646,0.2519,,none,0,0
afterglow,19,72,Gooey (Original Mix),Where the Subtle Meets Infinity (Original Mix),10A,1A,1.5349,0.5173,,none,0,0
afterglow,19,73,Gooey (Original Mix),Wish We Could feat. Syon & Darla Jade (Extended Mix),10A,3A,0.6779,0.6183,,none,0,0
afterglow,20,21,Hit The Ground  (Extended Mix),Houdini (Adam Port Mix),6A,6A,0,0.3542,same,harmonic,1,1
afterglow,20,22,Hit The Ground  (Extended Mix),I Remember (Original Mix),6A,10A,1.197,0.5065,,none,0,0
afterglow,20,23,Hit The Ground  (Extended Mix),I Won't Fade Away feat. Alice Russell (Original Mix),6A,9A,1.0449,0.4811,,none,0,0
afterglow,20,24,Hit The Ground  (Extended Mix),Illusory (Extended Mix),6A,1A,1.0022,0.8312,,none,0,0
afterglow,20,25,Hit The Ground  (Extended Mix),It's A Memory (Amtrac Remix),6A,2A,0.7682,0.6256,,none,0,0
afterglow,20,26,Hit The Ground  (Extended Mix),It's Not Enough feat. Janai (Original Mix),6A,4A,0.3003,0.895,,none,0,0
afterglow,20,27,Hit The Ground  (Extended Mix),It's Not Right (Original Mix),6A,5A,0.5364,0.4554,adjacent,harmonic,0.7,1
afterglow,20,28,Hit The Ground  (Extended Mix),Izolo feat. Khonaye (Lost Desert & Lee Burridge Remix),6A,9A,0,0.8969,,none,0,0
afterglow,20,29,Hit The Ground  (Extended Mix),Just a Bitter Love,6A,6A,0.6982,0.7573,same,harmonic,1,1
afterglow,20,30,Hit The Ground  (Extended Mix),Latch (Jamie Jones Remix),6A,4B,0.5582,0.3229,,none,0,0
afterglow,20,31,Hit The Ground  (Extended Mix),Lost,6A,6A,0.5096,0.6256,same,harmonic,1,1
afterglow,20,32,Hit The Ground  (Extended Mix),Love Somebody Else Feat. Joi Cardwell (Original Mix),6A,12B,0.6006,0.4278,,none,0,0
afterglow,20,33,Hit The Ground  (Extended Mix),Love Song (Original Mix),6A,8A,0.3003,0.8142,,none,0,0
afterglow,20,34,Hit The Ground  (Extended Mix),Lucky Shot (Original Mix),6A,7A,0.7494,0.5223,adjacent,harmonic,0.7,1
afterglow,20,35,Hit The Ground  (Extended Mix),Lying Together,6A,2A,1.0815,0.7076,,none,0,0
afterglow,20,36,Hit The Ground  (Extended Mix),Marijuana (Original Mix),6A,1A,0.3003,0.3418,,none,0,0
afterglow,20,37,Hit The Ground  (Extended Mix),Masala (Pablo Fierro Remix),6A,7A,1.0588,0.4168,adjacent,harmonic,0.7,1
afterglow,20,38,Hit The Ground  (Extended Mix),Midas feat. Holly Walker (Ben Pearce Re-Edit),6A,8A,1.0017,0.6646,,none,0,0
afterglow,20,39,Hit The Ground  (Extended Mix),Never Sleep Again (Keinemusik Remix),6A,6A,0.5333,0.5656,same,harmonic,1,1
afterglow,20,40,Hit The Ground  (Extended Mix),Neverender (Extended),6A,11A,2,0.4513,,none,0,0
afterglow,20,41,Hit The Ground  (Extended Mix),Night Blooming Jasmine (Original Mix),6A,4A,0.3003,0.4409,,none,0,0
afterglow,20,42,Hit The Ground  (Extended Mix),Night Blooming Jasmine (Rodriguez Jr. Remix),6A,4A,0,0.3357,,none,0,0
afterglow,20,43,Hit The Ground  (Extended Mix),Ocean Drive (Extended Mix),6A,1A,0,0.3229,,none,0,0
afterglow,20,44,Hit The Ground  (Extended Mix),One Night/All Night (Original Mix),6A,4A,0,0.1771,,none,0,0
afterglow,20,45,Hit The Ground  (Extended Mix),Opal (Four Tet Remix),6A,8A,0.9292,0.531,,none,0,0
afterglow,20,46,Hit The Ground  (Extended Mix),Preach The World (Original Mix),6A,12A,1.2195,0.523,,none,0,0
afterglow,20,47,Hit The Ground  (Extended Mix),Promiscuous [AV Edit],6A,3A,0.6006,0.3139,,none,0,0
afterglow,20,48,Hit The Ground  (Extended Mix),Regulate (feat. Nate Dogg),6A,9A,0.5306,0.3116,,none,0,0
afterglow,20,49,Hit The Ground  (Extended Mix),Saturday Night (Extended),6A,4A,0.3003,0.6082,,none,0,0
afterglow,20,50,Hit The Ground  (Extended Mix),Sell My Heart (Kreative Nativez Remix),6A,11A,1,0.5151,,none,0,0
afterglow,20,51,Hit The Ground  (Extended Mix),Sing It Back (feat. Naila) (Original Mix),6A,12A,0.6019,0.6975,,none,0,0
afterglow,20,52,Hit The Ground  (Extended Mix),Sing It Back (Herbert's Tasteful Dub),6A,2A,0.3003,0.3418,,none,0,0
afterglow,20,53,Hit The Ground  (Extended Mix),Skin (Rinzen Remix),6A,8A,1.0017,0.7623,,none,0,0
afterglow,20,54,Hit The Ground  (Extended Mix),Slow Down (James Cole Remix),6A,9A,0.5832,0.5534,,none,0,0
afterglow,20,55,Hit The Ground  (Extended Mix),So U Kno (Original Mix),6A,4A,1.125,0.1479,,none,0,0
afterglow,20,56,Hit The Ground  (Extended Mix),Sordid Affair (Maceo Plex Mix),6A,3A,0.4118,0.515,,none,0,0
afterglow,20,57,Hit The Ground  (Extended Mix),Stones Throw (Original Mix),6A,8A,0.3003,0.409,,none,0,0
afterglow,20,58,Hit The Ground  (Extended Mix),Sunset Drive (Extended Mix),6A,5A,1.1111,0.3167,adjacent,harmonic,0.7,1
afterglow,20,59,Hit The Ground  (Extended Mix),Symmetry (Rodriguez Jr. Remix),6A,11A,0.6839,0.561,,none,0,0
afterglow,20,60,Hit The Ground  (Extended Mix),Teardrops (Don't Stop The Music) (Original Mix),6A,5B,0.6006,0.727,,none,0,0
afterglow,20,61,Hit The Ground  (Extended Mix),Tearing Me Up (Original Mix),6A,7A,1.0516,0.6621,adjacent,harmonic,0.7,1
afterglow,20,62,Hit The Ground  (Extended Mix),The Way You Move (Original Mix),6A,5A,1,0.368,adjacent,harmonic,0.7,1
afterglow,20,63,Hit The Ground  (Extended Mix),There's Never Been (No One Like You)(P's Sunrise Edit),6A,10B,0,0.9417,,none,0,0
afterglow,20,64,Hit The Ground  (Extended Mix),Touch (Four Tet Remix),6A,8B,0,0.3542,,none,0,0
afterglow,20,65,Hit The Ground  (Extended Mix),Videotape (Original Mix),6A,12A,1.2691,0.3033,,none,0,0
afterglow,20,66,Hit The Ground  (Extended Mix),Walk The Line (Extended Mix),6A,9A,0,0.598,,none,0,0
afterglow,20,67,Hit The Ground  (Extended Mix),Walk The Line (Themba Extended Mix),6A,9A,2,0.3442,,none,0,0
afterglow,20,68,Hit The Ground  (Extended Mix),We Are Child Of Love (The Mekanism Remix),6A,12A,0.7071,0.5434,,none,0,0
afterglow,20,69,Hit The Ground  (Extended Mix),What Can I Do,6A,8A,1,0.4991,,none,0,0
afterglow,20,70,Hit The Ground  (Extended Mix),What I Might Do,6A,5A,1.1165,0.3063,adjacent,harmonic,0.7,1
afterglow,20,71,Hit The Ground  (Extended Mix),When Will I See You Again (Amtrac Remix),6A,5B,1.2233,0.4298,,none,0,0
afterglow,20,72,Hit The Ground  (Extended Mix),Where the Subtle Meets Infinity (Original Mix),6A,1A,1,0.9412,,none,0,0
afterglow,20,73,Hit The Ground  (Extended Mix),Wish We Could feat. Syon & Darla Jade (Extended Mix),6A,3A,0.6866,0.5554,,none,0,0
afterglow,21,22,Houdini (Adam Port Mix),I Remember (Original Mix),6A,10A,1.197,0.7571,,none,0,0
afterglow,21,23,Houdini (Adam Port Mix),I Won't Fade Away feat. Alice Russell (Original Mix),6A,9A,1.0449,0.7671,,none,0,0
afterglow,21,24,Houdini (Adam Port Mix),Illusory (Extended Mix),6A,1A,1.0022,0.4245,,none,0,0
afterglow,21,25,Houdini (Adam Port Mix),It's A Memory (Amtrac Remix),6A,2A,0.7682,0.3575,,none,0,0
afterglow,21,26,Houdini (Adam Port Mix),It's Not Enough feat. Janai (Original Mix),6A,4A,0.3003,0.3921,,none,0,0
afterglow,21,27,Houdini (Adam Port Mix),It's Not Right (Original Mix),6A,5A,0.5364,0.919,adjacent,harmonic,0.7,1
afterglow,21,28,Houdini (Adam Port Mix),Izolo feat. Khonaye (Lost Desert & Lee Burridge Remix),6A,9A,0,0.3949,,none,0,0
afterglow,21,29,Houdini (Adam Port Mix),Just a Bitter Love,6A,6A,0.6982,0.2056,same,harmonic,1,1
afterglow,21,30,Houdini (Adam Port Mix),Latch (Jamie Jones Remix),6A,4B,0.5582,0.7541,,none,0,0
afterglow,21,31,Houdini (Adam Port Mix),Lost,6A,6A,0.5096,0.3785,same,harmonic,1,1
afterglow,21,32,Houdini (Adam Port Mix),Love Somebody Else Feat. Joi Cardwell (Original Mix),6A,12B,0.6006,0.6998,,none,0,0
afterglow,21,33,Houdini (Adam Port Mix),Love Song (Original Mix),6A,8A,0.3003,0.2111,,none,0,0
afterglow,21,34,Houdini (Adam Port Mix),Lucky Shot (Original Mix),6A,7A,0.7494,0.6453,adjacent,harmonic,0.7,1
afterglow,21,35,Houdini (Adam Port Mix),Lying Together,6A,2A,1.0815,0.4158,,none,0,0
afterglow,21,36,Houdini (Adam Port Mix),Marijuana (Original Mix),6A,1A,0.3003,0.9954,,none,0,0
afterglow,21,37,Houdini (Adam Port Mix),Masala (Pablo Fierro Remix),6A,7A,1.0588,0.8137,adjacent,harmonic,0.7,1
afterglow,21,38,Houdini (Adam Port Mix),Midas feat. Holly Walker (Ben Pearce Re-Edit),6A,8A,1.0017,0.2275,,none,0,0
afterglow,21,39,Houdini (Adam Port Mix),Never Sleep Again (Keinemusik Remix),6A,6A,0.5333,0.8249,same,harmonic,1,1
afterglow,21,40,Houdini (Adam Port Mix),Neverender (Extended),6A,11A,2,0.6616,,none,0,0
afterglow,21,41,Houdini (Adam Port Mix),Night Blooming Jasmine (Original Mix),6A,4A,0.3003,0.9243,,none,0,0
afterglow,21,42,Houdini (Adam Port Mix),Night Blooming Jasmine (Rodriguez Jr. Remix),6A,4A,0,0.9972,,none,0,0
afterglow,21,43,Houdini (Adam Port Mix),Ocean Drive (Extended Mix),6A,1A,0,0.7273,,none,0,0
afterglow,21,44,Houdini (Adam Port Mix),One Night/All Night (Original Mix),6A,4A,0,0.8476,,none,0,0
afterglow,21,45,Houdini (Adam Port Mix),Opal (Four Tet Remix),6A,8A,0.9292,0.7744,,none,0,0
afterglow,21,46,Houdini (Adam Port Mix),Preach The World (Original Mix),6A,12A,1.2195,0.7567,,none,0,0
afterglow,21,47,Houdini (Adam Port Mix),Promiscuous [AV Edit],6A,3A,0.6006,0.7695,,none,0,0
afterglow,21,48,Houdini (Adam Port Mix),Regulate (feat. Nate Dogg),6A,9A,0.5306,0.7732,,none,0,0
afterglow,21,49,Houdini (Adam Port Mix),Saturday Night (Extended),6A,4A,0.3003,0.6708,,none,0,0
afterglow,21,50,Houdini (Adam Port Mix),Sell My Heart (Kreative Nativez Remix),6A,11A,1,0.7574,,none,0,0
afterglow,21,51,Houdini (Adam Port Mix),Sing It Back (feat. Naila) (Original Mix),6A,12A,0.6019,0.7533,,none,0,0
afterglow,21,52,Houdini (Adam Port Mix),Sing It Back (Herbert's Tasteful Dub),6A,2A,0.3003,0.9954,,none,0,0
afterglow,21,53,Houdini (Adam Port Mix),Skin (Rinzen Remix),6A,8A,1.0017,0.4421,,none,0,0
afterglow,21,54,Houdini (Adam Port Mix),Slow Down (James Cole Remix),6A,9A,0.5832,0.8301,,none,0,0
afterglow,21,55,Houdini (Adam Port Mix),So U Kno (Original Mix),6A,4A,1.125,0.6492,,none,0,0
afterglow,21,56,Houdini (Adam Port Mix),Sordid Affair (Maceo Plex Mix),6A,3A,0.4118,0.8643,,none,0,0
afterglow,21,57,Houdini (Adam Port Mix),Stones Throw (Original Mix),6A,8A,0.3003,0.7047,,none,0,0
afterglow,21,58,Houdini (Adam Port Mix),Sunset Drive (Extended Mix),6A,5A,1.1111,0.8653,adjacent,harmonic,0.7,1
afterglow,21,59,Houdini (Adam Port Mix),Symmetry (Rodriguez Jr. Remix),6A,11A,0.6839,0.8399,,none,0,0
afterglow,21,60,Houdini (Adam Port Mix),Teardrops (Don't Stop The Music) (Original Mix),6A,5B,0.6006,0.521,,none,0,0
afterglow,21,61,Houdini (Adam Port Mix),Tearing Me Up (Original Mix),6A,7A,1.0516,0.2474,adjacent,harmonic,0.7,1
afterglow,21,62,Houdini (Adam Port Mix),The Way You Move (Original Mix),6A,5A,1,0.6088,adjacent,harmonic,0.7,1
afterglow,21,63,Houdini (Adam Port Mix),There's Never Been (No One Like You)(P's Sunrise Edit),6A,10B,0,0.3644,,none,0,0
afterglow,21,64,Houdini (Adam Port Mix),Touch (Four Tet Remix),6A,8B,0,1,,none,0,0
afterglow,21,65,Houdini (Adam Port Mix),Videotape (Original Mix),6A,12A,1.2691,0.669,,none,0,0
afterglow,21,66,Houdini (Adam Port Mix),Walk The Line (Extended Mix),6A,9A,0,0.8195,,none,0,0
afterglow,21,67,Houdini (Adam Port Mix),Walk The Line (Themba Extended Mix),6A,9A,2,0.7273,,none,0,0
afterglow,21,68,Houdini (Adam Port Mix),We Are Child Of Love (The Mekanism Remix),6A,12A,0.7071,0.5993,,none,0,0
afterglow,21,69,Houdini (Adam Port Mix),What Can I Do,6A,8A,1,0.4991,,none,0,0
afterglow,21,70,Houdini (Adam Port Mix),What I Might Do,6A,5A,1.1165,0.6857,adjacent,harmonic,0.7,1
afterglow,21,71,Houdini (Adam Port Mix),When Will I See You Again (Amtrac Remix),6A,5B,1.2233,0.8343,,none,0,0
afterglow,21,72,Houdini (Adam Port Mix),Where the Subtle Meets Infinity (Original Mix),6A,1A,1,0.3529,,none,0,0
afterglow,21,73,Houdini (Adam Port Mix),Wish We Could feat. Syon & Darla Jade (Extended Mix),6A,3A,0.6866,0.8329,,none,0,0
afterglow,22,23,I Remember (Original Mix),I Won't Fade Away feat. Alice Russell (Original Mix),10A,9A,0.4329,0.8833,adjacent,harmonic,0.7,1
afterglow,22,24,I Remember (Original Mix),Illusory (Extended Mix),10A,1A,0.5067,0.6281,,none,0,0
afterglow,22,25,I Remember (Original Mix),It's A Memory (Amtrac Remix),10A,2A,1.12,0.5972,,none,0,0
afterglow,22,26,I Remember (Original Mix),It's Not Enough feat. Janai (Original Mix),10A,4A,1.1587,0.4339,,none,0,0
afterglow,22,27,I Remember (Original Mix),It's Not Right (Original Mix),10A,5A,1.3994,0.7006,,none,0,0
afterglow,22,28,I Remember (Original Mix),Izolo feat. Khonaye (Lost Desert & Lee Burridge Remix),10A,9A,1.197,0.4318,adjacent,harmonic,0.7,1
afterglow,22,29,I Remember (Original Mix),Just a Bitter Love,10A,6A,0.9855,0.5525,,none,0,0
afterglow,22,30,I Remember (Original Mix),Latch (Jamie Jones Remix),10A,4B,1.0588,0.7614,,none,0,0
afterglow,22,31,I Remember (Original Mix),Lost,10A,6A,0.8001,0.5972,,none,0,0
afterglow,22,32,I Remember (Original Mix),Love Somebody Else Feat. Joi Cardwell (Original Mix),10A,12B,1.197,0.6995,,none,0,0
afterglow,22,33,I Remember (Original Mix),Love Song (Original Mix),10A,8A,1.1587,0.3241,,none,0,0
afterglow,22,34,I Remember (Original Mix),Lucky Shot (Original Mix),10A,7A,1.8114,0.51,,none,0,0
afterglow,22,35,I Remember (Original Mix),Lying Together,10A,2A,1.6345,0.5928,,none,0,0
afterglow,22,36,I Remember (Original Mix),Marijuana (Original Mix),10A,1A,1.1587,0.7614,,none,0,0
afterglow,22,37,I Remember (Original Mix),Masala (Pablo Fierro Remix),10A,7A,0.5582,0.9315,,none,0,0
afterglow,22,38,I Remember (Original Mix),Midas feat. Holly Walker (Ben Pearce Re-Edit),10A,8A,0.513,0.3901,,none,0,0
afterglow,22,39,I Remember (Original Mix),Never Sleep Again (Keinemusik Remix),10A,6A,1.4897,0.7649,,none,0,0
afterglow,22,40,I Remember (Original Mix),Neverender (Extended),10A,11A,1.0943,0.8599,adjacent,harmonic,0.7,1
afterglow,22,41,I Remember (Original Mix),Night Blooming Jasmine (Original Mix),10A,4A,1.1587,0.707,,none,0,0
afterglow,22,42,I Remember (Original Mix),Night Blooming Jasmine (Rodriguez Jr. Remix),10A,4A,1.197,0.7555,,none,0,0
afterglow,22,43,I Remember (Original Mix),Ocean Drive (Extended Mix),10A,1A,1.197,0.7588,,none,0,0
afterglow,22,44,I Remember (Original Mix),One Night/All Night (Original Mix),10A,4A,1.197,0.67,,none,0,0
afterglow,22,45,I Remember (Original Mix),Opal (Four Tet Remix),10A,8A,0.4254,0.8719,,none,0,0
afterglow,22,46,I Remember (Original Mix),Preach The World (Original Mix),10A,12A,0.9901,0.8663,,none,0,0
afterglow,22,47,I Remember (Original Mix),Promiscuous [AV Edit],10A,3A,1.197,0.7602,,none,0,0
afterglow,22,48,I Remember (Original Mix),Regulate (feat. Nate Dogg),10A,9A,1.0593,0.7597,adjacent,harmonic,0.7,1
afterglow,22,49,I Remember (Original Mix),Saturday Night (Extended),10A,4A,1.1587,0.6568,,none,0,0
afterglow,22,50,I Remember (Original Mix),Sell My Heart (Kreative Nativez Remix),10A,11A,1.2213,0.7358,adjacent,harmonic,0.7,1
afterglow,22,51,I Remember (Original Mix),Sing It Back (feat. Naila) (Original Mix),10A,12A,1.2325,0.6944,,none,0,0
afterglow,22,52,I Remember (Original Mix),Sing It Back (Herbert's Tasteful Dub),10A,2A,1.1587,0.7614,,none,0,0
afterglow,22,53,I Remember (Original Mix),Skin (Rinzen Remix),10A,8A,0.513,0.502,,none,0,0
afterglow,22,54,I Remember (Original Mix),Slow Down (James Cole Remix),10A,9A,1.0592,0.9131,adjacent,harmonic,0.7,1
afterglow,22,55,I Remember (Original Mix),So U Kno (Original Mix),10A,4A,0.5622,0.7212,,none,0,0
afterglow,22,56,I Remember (Original Mix),Sordid Affair (Maceo Plex Mix),10A,3A,1.4106,0.7907,,none,0,0
afterglow,22,57,I Remember (Original Mix),Stones Throw (Original Mix),10A,8A,1.1587,0.7013,,none,0,0
afterglow,22,58,I Remember (Original Mix),Sunset Drive (Extended Mix),10A,5A,0.5607,0.8566,,none,0,0
afterglow,22,59,I Remember (Original Mix),Symmetry (Rodriguez Jr. Remix),10A,11A,1.8329,0.638,adjacent,harmonic,0.7,1
afterglow,22,60,I Remember (Original Mix),Teardrops (Don't Stop The Music) (Original Mix),10A,5B,1.197,0.5449,,none,0,0
afterglow,22,61,I Remember (Original Mix),Tearing Me Up (Original Mix),10A,7A,1.742,0.2122,,none,0,0
afterglow,22,62,I Remember (Original Mix),The Way You Move (Original Mix),10A,5A,0.5613,0.7983,,none,0,0
afterglow,22,63,I Remember (Original Mix),There's Never Been (No One Like You)(P's Sunrise Edit),10A,10B,1.197,0.5364,,none,0,0
afterglow,22,64,I Remember (Original Mix),Touch (Four Tet Remix),10A,8B,1.197,0.7571,,none,0,0
afterglow,22,65,I Remember (Original Mix),Videotape (Original Mix),10A,12A,0.3074,0.8591,,none,0,0
afterglow,22,66,I Remember (Original Mix),Walk The Line (Extended Mix),10A,9A,1.197,0.74,adjacent,harmonic,0.7,1
afterglow,22,67,I Remember (Original Mix),Walk The Line (Themba Extended Mix),10A,9A,1.0943,0.7818,adjacent,harmonic,0.7,1
afterglow,22,68,I Remember (Original Mix),We Are Child Of Love (The Mekanism Remix),10A,12A,1.8607,0.4752,,none,0,0
afterglow,22,69,I Remember (Original Mix),What Can I Do,10A,8A,1.8368,0.5596,,none,0,0
afterglow,22,70,I Remember (Original Mix),What I Might Do,10A,5A,0.5705,0.8589,,none,0,0
afterglow,22,71,I Remember (Original Mix),When Will I See You Again (Amtrac Remix),10A,5B,0.3239,0.9294,,none,0,0
afterglow,22,72,I Remember (Original Mix),Where the Subtle Meets Infinity (Original Mix),10A,1A,0.5613,0.5223,,none,0,0
afterglow,22,73,I Remember (Original Mix),Wish We Could feat. Syon & Darla Jade (Extended Mix),10A,3A,1.8361,0.6306,,none,0,0
afterglow,23,24,I Won't Fade Away feat. Alice Russell (Original Mix),Illusory (Extended Mix),9A,1A,0.3013,0.581,,none,0,0
afterglow,23,25,I Won't Fade Away feat. Alice Russell (Original Mix),It's A Memory (Amtrac Remix),9A,2A,0.7372,0.5889,,none,0,0
afterglow,23,26,I Won't Fade Away feat. Alice Russell (Original Mix),It's Not Enough feat. Janai (Original Mix),9A,4A,1.0009,0.5406,,none,0,0
afterglow,23,27,I Won't Fade Away feat. Alice Russell (Original Mix),It's Not Right (Original Mix),9A,5A,1.1119,0.8307,,none,0,0
afterglow,23,28,I Won't Fade Away feat. Alice Russell (Original Mix),Izolo feat. Khonaye (Lost Desert & Lee Burridge Remix),9A,9A,1.0449,0.5364,same,harmonic,1,1
afterglow,23,29,I Won't Fade Away feat. Alice Russell (Original Mix),Just a Bitter Love,9A,6A,0.7499,0.5579,,none,0,0
afterglow,23,30,I Won't Fade Away feat. Alice Russell (Original Mix),Latch (Jamie Jones Remix),9A,4B,1.0881,0.7948,,none,0,0
afterglow,23,31,I Won't Fade Away feat. Alice Russell (Original Mix),Lost,9A,6A,0.5897,0.7188,,none,0,0
afterglow,23,32,I Won't Fade Away feat. Alice Russell (Original Mix),Love Somebody Else Feat. Joi Cardwell (Original Mix),9A,12B,1.0449,0.5854,,none,0,0
afterglow,23,33,I Won't Fade Away feat. Alice Russell (Original Mix),Love Song (Original Mix),9A,8A,1.0009,0.4553,adjacent,harmonic,0.7,1
afterglow,23,34,I Won't Fade Away feat. Alice Russell (Original Mix),Lucky Shot (Original Mix),9A,7A,1.5672,0.6661,,none,0,0
afterglow,23,35,I Won't Fade Away feat. Alice Russell (Original Mix),Lying Together,9A,2A,1.2334,0.5923,,none,0,0
afterglow,23,36,I Won't Fade Away feat. Alice Russell (Original Mix),Marijuana (Original Mix),9A,1A,1.0009,0.7741,,none,0,0
afterglow,23,37,I Won't Fade Away feat. Alice Russell (Original Mix),Masala (Pablo Fierro Remix),9A,7A,0.3088,0.8025,,none,0,0
afterglow,23,38,I Won't Fade Away feat. Alice Russell (Original Mix),Midas feat. Holly Walker (Ben Pearce Re-Edit),9A,8A,0.3008,0.5491,adjacent,harmonic,0.7,1
afterglow,23,39,I Won't Fade Away feat. Alice Russell (Original Mix),Never Sleep Again (Keinemusik Remix),9A,6A,1.192,0.757,,none,0,0
afterglow,23,40,I Won't Fade Away feat. Alice Russell (Original Mix),Neverender (Extended),9A,11A,1.0449,0.6994,,none,0,0
afterglow,23,41,I Won't Fade Away feat. Alice Russell (Original Mix),Night Blooming Jasmine (Original Mix),9A,4A,1.0009,0.7188,,none,0,0
afterglow,23,42,I Won't Fade Away feat. Alice Russell (Original Mix),Night Blooming Jasmine (Rodriguez Jr. Remix),9A,4A,1.0449,0.7656,,none,0,0
afterglow,23,43,I Won't Fade Away feat. Alice Russell (Original Mix),Ocean Drive (Extended Mix),9A,1A,1.0449,0.6058,,none,0,0
afterglow,23,44,I Won't Fade Away feat. Alice Russell (Original Mix),One Night/All Night (Original Mix),9A,4A,1.0449,0.7061,,none,0,0
afterglow,23,45,I Won't Fade Away feat. Alice Russell (Original Mix),Opal (Four Tet Remix),9A,8A,0.133,0.9899,adjacent,harmonic,0.7,1
afterglow,23,46,I Won't Fade Away feat. Alice Russell (Original Mix),Preach The World (Original Mix),9A,12A,0.6068,0.8555,,none,0,0
afterglow,23,47,I Won't Fade Away feat. Alice Russell (Original Mix),Promiscuous [AV Edit],9A,3A,1.0449,0.6419,,none,0,0
afterglow,23,48,I Won't Fade Away feat. Alice Russell (Original Mix),Regulate (feat. Nate Dogg),9A,9A,1.0755,0.7937,same,harmonic,1,1
afterglow,23,49,I Won't Fade Away feat. Alice Russell (Original Mix),Saturday Night (Extended),9A,4A,1.0009,0.8129,,none,0,0
afterglow,23,50,I Won't Fade Away feat. Alice Russell (Original Mix),Sell My Heart (Kreative Nativez Remix),9A,11A,1.4172,0.7456,,none,0,0
afterglow,23,51,I Won't Fade Away feat. Alice Russell (Original Mix),Sing It Back (feat. Naila) (Original Mix),9A,12A,1.0833,0.8139,,none,0,0
afterglow,23,52,I Won't Fade Away feat. Alice Russell (Original Mix),Sing It Back (Herbert's Tasteful Dub),9A,2A,1.0009,0.7741,,none,0,0
afterglow,23,53,I Won't Fade Away feat. Alice Russell (Original Mix),Skin (Rinzen Remix),9A,8A,0.3008,0.6194,adjacent,harmonic,0.7,1
afterglow,23,54,I Won't Fade Away feat. Alice Russell (Original Mix),Slow Down (James Cole Remix),9A,9A,1.1,0.7854,same,harmonic,1,1
afterglow,23,55,I Won't Fade Away feat. Alice Russell (Original Mix),So U Kno (Original Mix),9A,4A,0.3279,0.7485,,none,0,0
afterglow,23,56,I Won't Fade Away feat. Alice Russell (Original Mix),Sordid Affair (Maceo Plex Mix),9A,3A,1.1383,0.7715,,none,0,0
afterglow,23,57,I Won't Fade Away feat. Alice Russell (Original Mix),Stones Throw (Original Mix),9A,8A,1.0009,0.5897,adjacent,harmonic,0.7,1
afterglow,23,58,I Won't Fade Away feat. Alice Russell (Original Mix),Sunset Drive (Extended Mix),9A,5A,0.3229,0.8635,,none,0,0
afterglow,23,59,I Won't Fade Away feat. Alice Russell (Original Mix),Symmetry (Rodriguez Jr. Remix),9A,11A,1.5921,0.7735,,none,0,0
afterglow,23,60,I Won't Fade Away feat. Alice Russell (Original Mix),Teardrops (Don't Stop The Music) (Original Mix),9A,5B,1.0449,0.6796,,none,0,0
afterglow,23,61,I Won't Fade Away feat. Alice Russell (Original Mix),Tearing Me Up (Original Mix),9A,7A,1.3604,0.3823,,none,0,0
afterglow,23,62,I Won't Fade Away feat. Alice Russell (Original Mix),The Way You Move (Original Mix),9A,5A,0.3032,0.6772,,none,0,0
afterglow,23,63,I Won't Fade Away feat. Alice Russell (Original Mix),There's Never Been (No One Like You)(P's Sunrise Edit),9A,10B,1.0449,0.495,,none,0,0
afterglow,23,64,I Won't Fade Away feat. Alice Russell (Original Mix),Touch (Four Tet Remix),9A,8B,1.0449,0.7671,,none,0,0
afterglow,23,65,I Won't Fade Away feat. Alice Russell (Original Mix),Videotape (Original Mix),9A,12A,0.548,0.8912,,none,0,0
afterglow,23,66,I Won't Fade Away feat. Alice Russell (Original Mix),Walk The Line (Extended Mix),9A,9A,1.0449,0.6309,same,harmonic,1,1
afterglow,23,67,I Won't Fade Away feat. Alice Russell (Original Mix),Walk The Line (Themba Extended Mix),9A,9A,1.0449,0.7689,same,harmonic,1,1
afterglow,23,68,I Won't Fade Away feat. Alice Russell (Original Mix),We Are Child Of Love (The Mekanism Remix),9A,12A,1.6228,0.6296,,none,0,0
afterglow,23,69,I Won't Fade Away feat. Alice Russell (Original Mix),What Can I Do,9A,8A,1.4749,0.567,adjacent,harmonic,0.7,1
afterglow,23,70,I Won't Fade Away feat. Alice Russell (Original Mix),What I Might Do,9A,5A,0.3088,0.7318,,none,0,0
afterglow,23,71,I Won't Fade Away feat. Alice Russell (Original Mix),When Will I See You Again (Amtrac Remix),9A,5B,0.5511,0.9439,,none,0,0
afterglow,23,72,I Won't Fade Away feat. Alice Russell (Original Mix),Where the Subtle Meets Infinity (Original Mix),9A,1A,0.3032,0.4972,,none,0,0
afterglow,23,73,I Won't Fade Away feat. Alice Russell (Original Mix),Wish We Could feat. Syon & Darla Jade (Extended Mix),9A,3A,1.5957,0.7632,,none,0,0
afterglow,24,25,Illusory (Extended Mix),It's A Memory (Amtrac Remix),1A,2A,0.8132,0.4568,adjacent,harmonic,0.7,1
afterglow,24,26,Illusory (Extended Mix),It's Not Enough feat. Janai (Original Mix),1A,4A,1.0462,0.769,,none,0,0
afterglow,24,27,Illusory (Extended Mix),It's Not Right (Original Mix),1A,5A,1.1625,0.5356,,none,0,0
afterglow,24,28,Illusory (Extended Mix),Izolo feat. Khonaye (Lost Desert & Lee Burridge Remix),1A,9A,1.0022,0.769,,none,0,0
afterglow,24,29,Illusory (Extended Mix),Just a Bitter Love,1A,6A,0.9176,0.6118,,none,0,0
afterglow,24,30,Illusory (Extended Mix),Latch (Jamie Jones Remix),1A,4B,1.1195,0.4125,,none,0,0
afterglow,24,31,Illusory (Extended Mix),Lost,1A,6A,0.6638,0.4568,,none,0,0
afterglow,24,32,Illusory (Extended Mix),Love Somebody Else Feat. Joi Cardwell (Original Mix),1A,12B,1.1684,0.3784,,none,0,0
afterglow,24,33,Illusory (Extended Mix),Love Song (Original Mix),1A,8A,1.0462,0.6582,,none,0,0
afterglow,24,34,Illusory (Extended Mix),Lucky Shot (Original Mix),1A,7A,1.6043,0.3445,,none,0,0
afterglow,24,35,Illusory (Extended Mix),Lying Together,1A,2A,1.2181,0.6794,adjacent,harmonic,0.7,1
afterglow,24,36,Illusory (Extended Mix),Marijuana (Original Mix),1A,1A,1.0462,0.4125,same,harmonic,1,1
afterglow,24,37,Illusory (Extended Mix),Masala (Pablo Fierro Remix),1A,7A,0.0889,0.5097,,none,0,0
afterglow,24,38,Illusory (Extended Mix),Midas feat. Holly Walker (Ben Pearce Re-Edit),1A,8A,0.0078,0.7978,,none,0,0
afterglow,24,39,Illusory (Extended Mix),Never Sleep Again (Keinemusik Remix),1A,6A,1.1662,0.6778,,none,0,0
afterglow,24,40,Illusory (Extended Mix),Neverender (Extended),1A,11A,1.0022,0.5519,,none,0,0
afterglow,24,41,Illusory (Extended Mix),Night Blooming Jasmine (Original Mix),1A,4A,1.0462,0.3831,,none,0,0
afterglow,24,42,Illusory (Extended Mix),Night Blooming Jasmine (Rodriguez Jr. Remix),1A,4A,1.0022,0.4012,,none,0,0
afterglow,24,43,Illusory (Extended Mix),Ocean Drive (Extended Mix),1A,1A,1.0022,0.4125,same,harmonic,1,1
afterglow,24,44,Illusory (Extended Mix),One Night/All Night (Original Mix),1A,4A,1.0022,0.2263,,none,0,0
afterglow,24,45,Illusory (Extended Mix),Opal (Four Tet Remix),1A,8A,0.3259,0.6411,,none,0,0
afterglow,24,46,Illusory (Extended Mix),Preach The World (Original Mix),1A,12A,0.5516,0.6256,adjacent,harmonic,0.7,1
afterglow,24,47,Illusory (Extended Mix),Promiscuous [AV Edit],1A,3A,1.1684,0.4012,,none,0,0
afterglow,24,48,Illusory (Extended Mix),Regulate (feat. Nate Dogg),1A,9A,1.108,0.3981,,none,0,0
afterglow,24,49,Illusory (Extended Mix),Saturday Night (Extended),1A,4A,1.0462,0.7312,,none,0,0
afterglow,24,50,Illusory (Extended Mix),Sell My Heart (Kreative Nativez Remix),1A,11A,1.3679,0.6309,,none,0,0
afterglow,24,51,Illusory (Extended Mix),Sing It Back (feat. Naila) (Original Mix),1A,12A,1.2028,0.6974,adjacent,harmonic,0.7,1
afterglow,24,52,Illusory (Extended Mix),Sing It Back (Herbert's Tasteful Dub),1A,2A,1.0462,0.4125,adjacent,harmonic,0.7,1
afterglow,24,53,Illusory (Extended Mix),Skin (Rinzen Remix),1A,8A,0.0078,0.9023,,none,0,0
afterglow,24,54,Illusory (Extended Mix),Slow Down (James Cole Remix),1A,9A,1.1305,0.6863,,none,0,0
afterglow,24,55,Illusory (Extended Mix),So U Kno (Original Mix),1A,4A,0.1417,0.189,,none,0,0
afterglow,24,56,Illusory (Extended Mix),Sordid Affair (Maceo Plex Mix),1A,3A,1.1086,0.6184,,none,0,0
afterglow,24,57,Illusory (Extended Mix),Stones Throw (Original Mix),1A,8A,1.0462,0.378,,none,0,0
afterglow,24,58,Illusory (Extended Mix),Sunset Drive (Extended Mix),1A,5A,0.1296,0.3784,,none,0,0
afterglow,24,59,Illusory (Extended Mix),Symmetry (Rodriguez Jr. Remix),1A,11A,1.5723,0.5194,,none,0,0
afterglow,24,60,Illusory (Extended Mix),Teardrops (Don't Stop The Music) (Original Mix),1A,5B,1.1684,0.6067,,none,0,0
afterglow,24,61,Illusory (Extended Mix),Tearing Me Up (Original Mix),1A,7A,1.4119,0.6158,,none,0,0
afterglow,24,62,Illusory (Extended Mix),The Way You Move (Original Mix),1A,5A,0.0667,0.3331,,none,0,0
afterglow,24,63,Illusory (Extended Mix),There's Never Been (No One Like You)(P's Sunrise Edit),1A,10B,1.0022,0.8734,,none,0,0
afterglow,24,64,Illusory (Extended Mix),Touch (Four Tet Remix),1A,8B,1.0022,0.4245,,none,0,0
afterglow,24,65,Illusory (Extended Mix),Videotape (Original Mix),1A,12A,0.7406,0.3876,adjacent,harmonic,0.7,1
afterglow,24,66,Illusory (Extended Mix),Walk The Line (Extended Mix),1A,9A,1.0022,0.4779,,none,0,0
afterglow,24,67,Illusory (Extended Mix),Walk The Line (Themba Extended Mix),1A,9A,1.0022,0.4125,,none,0,0
afterglow,24,68,Illusory (Extended Mix),We Are Child Of Love (The Mekanism Remix),1A,12A,1.6035,0.3255,adjacent,harmonic,0.7,1
afterglow,24,69,Illusory (Extended Mix),What Can I Do,1A,8A,1.4621,0.6112,,none,0,0
afterglow,24,70,Illusory (Extended Mix),What I Might Do,1A,5A,0.6071,0.3914,,none,0,0
afterglow,24,71,Illusory (Extended Mix),When Will I See You Again (Amtrac Remix),1A,5B,0.7429,0.5288,,none,0,0
afterglow,24,72,Illusory (Extended Mix),Where the Subtle Meets Infinity (Original Mix),1A,1A,0.0667,0.8644,same,harmonic,1,1
afterglow,24,73,Illusory (Extended Mix),Wish We Could feat. Syon & Darla Jade (Extended Mix),1A,3A,1.576,0.4991,,none,0,0
afterglow,25,26,It's A Memory (Amtrac Remix),It's Not Enough feat. Janai (Original Mix),2A,4A,0.7071,0.5834,,none,0,0
afterglow,25,27,It's A Memory (Amtrac Remix),It's Not Right (Original Mix),2A,5A,0.5031,0.488,,none,0,0
afterglow,25,28,It's A Memory (Amtrac Remix),Izolo feat. Khonaye (Lost Desert & Lee Burridge Remix),2A,9A,0.7682,0.5647,,none,0,0
afterglow,25,29,It's A Memory (Amtrac Remix),Just a Bitter Love,2A,6A,0.5085,0.8856,,none,0,0
afterglow,25,30,It's A Memory (Amtrac Remix),Latch (Jamie Jones Remix),2A,4B,1.0918,0.3909,,none,0,0
afterglow,25,31,It's A Memory (Amtrac Remix),Lost,2A,6A,0.5077,0.8697,,none,0,0
afterglow,25,32,It's A Memory (Amtrac Remix),Love Somebody Else Feat. Joi Cardwell (Original Mix),2A,12B,0.7682,0.6596,,none,0,0
afterglow,25,33,It's A Memory (Amtrac Remix),Love Song (Original Mix),2A,8A,0.7071,0.6282,,none,0,0
afterglow,25,34,It's A Memory (Amtrac Remix),Lucky Shot (Original Mix),2A,7A,0.9706,0.7458,,none,0,0
afterglow,25,35,It's A Memory (Amtrac Remix),Lying Together,2A,2A,0.5899,0.7595,same,harmonic,1,1
afterglow,25,36,It's A Memory (Amtrac Remix),Marijuana (Original Mix),2A,1A,0.7071,0.3909,adjacent,harmonic,0.7,1
afterglow,25,37,It's A Memory (Amtrac Remix),Masala (Pablo Fierro Remix),2A,7A,0.8078,0.6203,,none,0,0
afterglow,25,38,It's A Memory (Amtrac Remix),Midas feat. Holly Walker (Ben Pearce Re-Edit),2A,8A,0.8078,0.3685,,none,0,0
afterglow,25,39,It's A Memory (Amtrac Remix),Never Sleep Again (Keinemusik Remix),2A,6A,0.5842,0.5709,,none,0,0
afterglow,25,40,It's A Memory (Amtrac Remix),Neverender (Extended),2A,11A,1.6094,0.6717,,none,0,0
afterglow,25,41,It's A Memory (Amtrac Remix),Night Blooming Jasmine (Original Mix),2A,4A,0.7071,0.4959,,none,0,0
afterglow,25,42,It's A Memory (Amtrac Remix),Night Blooming Jasmine (Rodriguez Jr. Remix),2A,4A,0.7682,0.3567,,none,0,0
afterglow,25,43,It's A Memory (Amtrac Remix),Ocean Drive (Extended Mix),2A,1A,0.7682,0.5519,adjacent,harmonic,0.7,1
afterglow,25,44,It's A Memory (Amtrac Remix),One Night/All Night (Original Mix),2A,4A,0.7682,0.4288,,none,0,0
afterglow,25,45,It's A Memory (Amtrac Remix),Opal (Four Tet Remix),2A,8A,0.6965,0.5379,,none,0,0
afterglow,25,46,It's A Memory (Amtrac Remix),Preach The World (Original Mix),2A,12A,0.694,0.7046,,none,0,0
afterglow,25,47,It's A Memory (Amtrac Remix),Promiscuous [AV Edit],2A,3A,0.7682,0.5491,adjacent,harmonic,0.7,1
afterglow,25,48,It's A Memory (Amtrac Remix),Regulate (feat. Nate Dogg),2A,9A,1.0625,0.4008,,none,0,0
afterglow,25,49,It's A Memory (Amtrac Remix),Saturday Night (Extended),2A,4A,0.7071,0.3477,,none,0,0
afterglow,25,50,It's A Memory (Amtrac Remix),Sell My Heart (Kreative Nativez Remix),2A,11A,1.6094,0.184,,none,0,0
afterglow,25,51,It's A Memory (Amtrac Remix),Sing It Back (feat. Naila) (Original Mix),2A,12A,0.7948,0.5442,,none,0,0
afterglow,25,52,It's A Memory (Amtrac Remix),Sing It Back (Herbert's Tasteful Dub),2A,2A,0.7071,0.3909,same,harmonic,1,1
afterglow,25,53,It's A Memory (Amtrac Remix),Skin (Rinzen Remix),2A,8A,0.8078,0.3161,,none,0,0
afterglow,25,54,It's A Memory (Amtrac Remix),Slow Down (James Cole Remix),2A,9A,1.118,0.4576,,none,0,0
afterglow,25,55,It's A Memory (Amtrac Remix),So U Kno (Original Mix),2A,4A,0.8549,0.5596,,none,0,0
afterglow,25,56,It's A Memory (Amtrac Remix),Sordid Affair (Maceo Plex Mix),2A,3A,0.5899,0.569,adjacent,harmonic,0.7,1
afterglow,25,57,It's A Memory (Amtrac Remix),Stones Throw (Original Mix),2A,8A,0.7071,0.5198,,none,0,0
afterglow,25,58,It's A Memory (Amtrac Remix),Sunset Drive (Extended Mix),2A,5A,0.8448,0.518,,none,0,0
afterglow,25,59,It's A Memory (Amtrac Remix),Symmetry (Rodriguez Jr. Remix),2A,11A,1.0122,0.5993,,none,0,0
afterglow,25,60,It's A Memory (Amtrac Remix),Teardrops (Don't Stop The Music) (Original Mix),2A,5B,0.7682,0.6747,,none,0,0
afterglow,25,61,It's A Memory (Amtrac Remix),Tearing Me Up (Original Mix),2A,7A,0.625,0.5659,,none,0,0
afterglow,25,62,It's A Memory (Amtrac Remix),The Way You Move (Original Mix),2A,5A,0.7682,0.6291,,none,0,0
afterglow,25,63,It's A Memory (Amtrac Remix),There's Never Been (No One Like You)(P's Sunrise Edit),2A,10B,0.7682,0.5364,,none,0,0
afterglow,25,64,It's A Memory (Amtrac Remix),Touch (Four Tet Remix),2A,8B,0.7682,0.3575,,none,0,0
afterglow,25,65,It's A Memory (Amtrac Remix),Videotape (Original Mix),2A,12A,1.1577,0.5327,,none,0,0
afterglow,25,66,It's A Memory (Amtrac Remix),Walk The Line (Extended Mix),2A,9A,0.7682,0.5534,,none,0,0
afterglow,25,67,It's A Memory (Amtrac Remix),Walk The Line (Themba Extended Mix),2A,9A,1.6094,0.5749,,none,0,0
afterglow,25,68,It's A Memory (Amtrac Remix),We Are Child Of Love (The Mekanism Remix),2A,12A,1.0441,0.7676,,none,0,0
afterglow,25,69,It's A Memory (Amtrac Remix),What Can I Do,2A,8A,0.7682,0.5596,,none,0,0
afterglow,25,70,It's A Memory (Amtrac Remix),What I Might Do,2A,5A,0.7313,0.681,,none,0,0
afterglow,25,71,It's A Memory (Amtrac Remix),When Will I See You Again (Amtrac Remix),2A,5B,1.1335,0.484,,none,0,0
afterglow,25,72,It's A Memory (Amtrac Remix),Where the Subtle Meets Infinity (Original Mix),2A,1A,0.7682,0.5223,adjacent,harmonic,0.7,1
afterglow,25,73,It's A Memory (Amtrac Remix),Wish We Could feat. Syon & Darla Jade (Extended Mix),2A,3A,1.016,0.5956,adjacent,harmonic,0.7,1
afterglow,26,27,It's Not Enough feat. Janai (Original Mix),It's Not Right (Original Mix),4A,5A,0.4444,0.5055,adjacent,harmonic,0.7,1
afterglow,26,28,It's Not Enough feat. Janai (Original Mix),Izolo feat. Khonaye (Lost Desert & Lee Burridge Remix),4A,9A,0.3003,0.9978,,none,0,0
afterglow,26,29,It's Not Enough feat. Janai (Original Mix),Just a Bitter Love,4A,6A,0.4657,0.7348,,none,0,0
afterglow,26,30,It's Not Enough feat. Janai (Original Mix),Latch (Jamie Jones Remix),4A,4B,0.4706,0.3838,,none,0,0
afterglow,26,31,It's Not Enough feat. Janai (Original Mix),Lost,4A,6A,0.4118,0.7162,,none,0,0
afterglow,26,32,It's Not Enough feat. Janai (Original Mix),Love Somebody Else Feat. Joi Cardwell (Original Mix),4A,12B,0.3003,0.3531,,none,0,0
afterglow,26,33,It's Not Enough feat. Janai (Original Mix),Love Song (Original Mix),4A,8A,0,0.9286,,none,0,0
afterglow,26,34,It's Not Enough feat. Janai (Original Mix),Lucky Shot (Original Mix),4A,7A,0.6866,0.6035,,none,0,0
afterglow,26,35,It's Not Enough feat. Janai (Original Mix),Lying Together,4A,2A,1.1224,0.6482,,none,0,0
afterglow,26,36,It's Not Enough feat. Janai (Original Mix),Marijuana (Original Mix),4A,1A,0,0.3838,,none,0,0
afterglow,26,37,It's Not Enough feat. Janai (Original Mix),Masala (Pablo Fierro Remix),4A,7A,1.1006,0.3202,,none,0,0
afterglow,26,38,It's Not Enough feat. Janai (Original Mix),Midas feat. Holly Walker (Ben Pearce Re-Edit),4A,8A,1.0458,0.7634,,none,0,0
afterglow,26,39,It's Not Enough feat. Janai (Original Mix),Never Sleep Again (Keinemusik Remix),4A,6A,0.6121,0.4805,,none,0,0
afterglow,26,40,It's Not Enough feat. Janai (Original Mix),Neverender (Extended),4A,11A,2.0224,0.3467,,none,0,0
afterglow,26,41,It's Not Enough feat. Janai (Original Mix),Night Blooming Jasmine (Original Mix),4A,4A,0,0.494,same,harmonic,1,1
afterglow,26,42,It's Not Enough feat. Janai (Original Mix),Night Blooming Jasmine (Rodriguez Jr. Remix),4A,4A,0.3003,0.3695,same,harmonic,1,1
afterglow,26,43,It's Not Enough feat. Janai (Original Mix),Ocean Drive (Extended Mix),4A,1A,0.3003,0.1906,,none,0,0
afterglow,26,44,It's Not Enough feat. Janai (Original Mix),One Night/All Night (Original Mix),4A,4A,0.3003,0.2221,same,harmonic,1,1
afterglow,26,45,It's Not Enough feat. Janai (Original Mix),Opal (Four Tet Remix),4A,8A,0.8793,0.5942,,none,0,0
afterglow,26,46,It's Not Enough feat. Janai (Original Mix),Preach The World (Original Mix),4A,12A,1.2559,0.4466,,none,0,0
afterglow,26,47,It's Not Enough feat. Janai (Original Mix),Promiscuous [AV Edit],4A,3A,0.3003,0.2188,adjacent,harmonic,0.7,1
afterglow,26,48,It's Not Enough feat. Janai (Original Mix),Regulate (feat. Nate Dogg),4A,9A,0.4375,0.3718,,none,0,0
afterglow,26,49,It's Not Enough feat. Janai (Original Mix),Saturday Night (Extended),4A,4A,0,0.6804,same,harmonic,1,1
afterglow,26,50,It's Not Enough feat. Janai (Original Mix),Sell My Heart (Kreative Nativez Remix),4A,11A,1.0441,0.5717,,none,0,0
afterglow,26,51,It's Not Enough feat. Janai (Original Mix),Sing It Back (feat. Naila) (Original Mix),4A,12A,0.303,0.7815,,none,0,0
afterglow,26,52,It's Not Enough feat. Janai (Original Mix),Sing It Back (Herbert's Tasteful Dub),4A,2A,0,0.3838,,none,0,0
afterglow,26,53,It's Not Enough feat. Janai (Original Mix),Skin (Rinzen Remix),4A,8A,1.0458,0.8475,,none,0,0
afterglow,26,54,It's Not Enough feat. Janai (Original Mix),Slow Down (James Cole Remix),4A,9A,0.5,0.4741,,none,0,0
afterglow,26,55,It's Not Enough feat. Janai (Original Mix),So U Kno (Original Mix),4A,4A,1.1644,0.1855,same,harmonic,1,1
afterglow,26,56,It's Not Enough feat. Janai (Original Mix),Sordid Affair (Maceo Plex Mix),4A,3A,0.5096,0.4334,adjacent,harmonic,0.7,1
afterglow,26,57,It's Not Enough feat. Janai (Original Mix),Stones Throw (Original Mix),4A,8A,0,0.2087,,none,0,0
afterglow,26,58,It's Not Enough feat. Janai (Original Mix),Sunset Drive (Extended Mix),4A,5A,1.151,0.3485,adjacent,harmonic,0.7,1
afterglow,26,59,It's Not Enough feat. Janai (Original Mix),Symmetry (Rodriguez Jr. Remix),4A,11A,0.747,0.6231,,none,0,0
afterglow,26,60,It's Not Enough feat. Janai (Original Mix),Teardrops (Don't Stop The Music) (Original Mix),4A,5B,0.3003,0.8312,,none,0,0
afterglow,26,61,It's Not Enough feat. Janai (Original Mix),Tearing Me Up (Original Mix),4A,7A,1.0078,0.7626,,none,0,0
afterglow,26,62,It's Not Enough feat. Janai (Original Mix),The Way You Move (Original Mix),4A,5A,1.0441,0.1538,adjacent,harmonic,0.7,1
afterglow,26,63,It's Not Enough feat. Janai (Original Mix),There's Never Been (No One Like You)(P's Sunrise Edit),4A,10B,0.3003,0.7938,,none,0,0
afterglow,26,64,It's Not Enough feat. Janai (Original Mix),Touch (Four Tet Remix),4A,8B,0.3003,0.3921,,none,0,0
afterglow,26,65,It's Not Enough feat. Janai (Original Mix),Videotape (Original Mix),4A,12A,1.1577,0.3616,,none,0,0
afterglow,26,66,It's Not Enough feat. Janai (Original Mix),Walk The Line (Extended Mix),4A,9A,0.3003,0.4517,,none,0,0
afterglow,26,67,It's Not Enough feat. Janai (Original Mix),Walk The Line (Themba Extended Mix),4A,9A,2.0224,0.3811,,none,0,0
afterglow,26,68,It's Not Enough feat. Janai (Original Mix),We Are Child Of Love (The Mekanism Remix),4A,12A,0.7682,0.6248,,none,0,0
afterglow,26,69,It's Not Enough feat. Janai (Original Mix),What Can I Do,4A,8A,1.0441,0.3942,,none,0,0
afterglow,26,70,It's Not Enough feat. Janai (Original Mix),What I Might Do,4A,5A,0.9879,0.2022,adjacent,harmonic,0.7,1
afterglow,26,71,It's Not Enough feat. Janai (Original Mix),When Will I See You Again (Amtrac Remix),4A,5B,1.1072,0.4836,,none,0,0
afterglow,26,72,It's Not Enough feat. Janai (Original Mix),Where the Subtle Meets Infinity (Original Mix),4A,1A,1.0441,0.8034,,none,0,0
afterglow,26,73,It's Not Enough feat. Janai (Original Mix),Wish We Could feat. Syon & Darla Jade (Extended Mix),4A,3A,0.7494,0.617,adjacent,harmonic,0.7,1
afterglow,27,28,It's Not Right (Original Mix),Izolo feat. Khonaye (Lost Desert & Lee Burridge Remix),5A,9A,0.5364,0.5078,,none,0,0
afterglow,27,29,It's Not Right (Original Mix),Just a Bitter Love,5A,6A,0.5508,0.3435,adjacent,harmonic,0.7,1
afterglow,27,30,It's Not Right (Original Mix),Latch (Jamie Jones Remix),5A,4B,0.915,0.6968,,none,0,0
afterglow,27,31,It's Not Right (Original Mix),Lost,5A,6A,0.6059,0.5097,adjacent,harmonic,0.7,1
afterglow,27,32,It's Not Right (Original Mix),Love Somebody Else Feat. Joi Cardwell (Original Mix),5A,12B,0.5364,0.6492,,none,0,0
afterglow,27,33,It's Not Right (Original Mix),Love Song (Original Mix),5A,8A,0.4444,0.3508,,none,0,0
afterglow,27,34,It's Not Right (Original Mix),Lucky Shot (Original Mix),5A,7A,0.4739,0.7507,,none,0,0
afterglow,27,35,It's Not Right (Original Mix),Lying Together,5A,2A,0.7539,0.5614,,none,0,0
afterglow,27,36,It's Not Right (Original Mix),Marijuana (Original Mix),5A,1A,0.4444,0.918,,none,0,0
afterglow,27,37,It's Not Right (Original Mix),Masala (Pablo Fierro Remix),5A,7A,1.1869,0.7527,,none,0,0
afterglow,27,38,It's Not Right (Original Mix),Midas feat. Holly Walker (Ben Pearce Re-Edit),5A,8A,1.1591,0.3988,,none,0,0
afterglow,27,39,It's Not Right (Original Mix),Never Sleep Again (Keinemusik Remix),5A,6A,0.3132,0.9099,adjacent,harmonic,0.7,1
afterglow,27,40,It's Not Right (Original Mix),Neverender (Extended),5A,11A,2.0707,0.6339,,none,0,0
afterglow,27,41,It's Not Right (Original Mix),Night Blooming Jasmine (Original Mix),5A,4A,0.4444,0.8525,adjacent,harmonic,0.7,1
afterglow,27,42,It's Not Right (Original Mix),Night Blooming Jasmine (Rodriguez Jr. Remix),5A,4A,0.5364,0.9193,adjacent,harmonic,0.7,1
afterglow,27,43,It's Not Right (Original Mix),Ocean Drive (Extended Mix),5A,1A,0.5364,0.6719,,none,0,0
afterglow,27,44,It's Not Right (Original Mix),One Night/All Night (Original Mix),5A,4A,0.5364,0.7832,adjacent,harmonic,0.7,1
afterglow,27,45,It's Not Right (Original Mix),Opal (Four Tet Remix),5A,8A,1.0237,0.8368,,none,0,0
afterglow,27,46,It's Not Right (Original Mix),Preach The World (Original Mix),5A,12A,1.1647,0.8404,,none,0,0
afterglow,27,47,It's Not Right (Original Mix),Promiscuous [AV Edit],5A,3A,0.5364,0.7111,,none,0,0
afterglow,27,48,It's Not Right (Original Mix),Regulate (feat. Nate Dogg),5A,9A,0.8819,0.7145,,none,0,0
afterglow,27,49,It's Not Right (Original Mix),Saturday Night (Extended),5A,4A,0.4444,0.7723,adjacent,harmonic,0.7,1
afterglow,27,50,It's Not Right (Original Mix),Sell My Heart (Kreative Nativez Remix),5A,11A,1.4753,0.6719,,none,0,0
afterglow,27,51,It's Not Right (Original Mix),Sing It Back (feat. Naila) (Original Mix),5A,12A,0.5379,0.8206,,none,0,0
afterglow,27,52,It's Not Right (Original Mix),Sing It Back (Herbert's Tasteful Dub),5A,2A,0.4444,0.918,,none,0,0
afterglow,27,53,It's Not Right (Original Mix),Skin (Rinzen Remix),5A,8A,1.1591,0.5685,,none,0,0
afterglow,27,54,It's Not Right (Original Mix),Slow Down (James Cole Remix),5A,9A,0.9444,0.7631,,none,0,0
afterglow,27,55,It's Not Right (Original Mix),So U Kno (Original Mix),5A,4A,1.2463,0.6056,adjacent,harmonic,0.7,1
afterglow,27,56,It's Not Right (Original Mix),Sordid Affair (Maceo Plex Mix),5A,3A,0.3021,0.9237,,none,0,0
afterglow,27,57,It's Not Right (Original Mix),Stones Throw (Original Mix),5A,8A,0.4444,0.6541,,none,0,0
afterglow,27,58,It's Not Right (Original Mix),Sunset Drive (Extended Mix),5A,5A,1.2338,0.8002,same,harmonic,1,1
afterglow,27,59,It's Not Right (Original Mix),Symmetry (Rodriguez Jr. Remix),5A,11A,0.5577,0.9322,,none,0,0
afterglow,27,60,It's Not Right (Original Mix),Teardrops (Don't Stop The Music) (Original Mix),5A,5B,0.5364,0.62,,none,0,0
afterglow,27,61,It's Not Right (Original Mix),Tearing Me Up (Original Mix),5A,7A,0.5694,0.4338,,none,0,0
afterglow,27,62,It's Not Right (Original Mix),The Way You Move (Original Mix),5A,5A,1.1348,0.5648,same,harmonic,1,1
afterglow,27,63,It's Not Right (Original Mix),There's Never Been (No One Like You)(P's Sunrise Edit),5A,10B,0.5364,0.4686,,none,0,0
afterglow,27,64,It's Not Right (Original Mix),Touch (Four Tet Remix),5A,8B,0.5364,0.919,,none,0,0
afterglow,27,65,It's Not Right (Original Mix),Videotape (Original Mix),5A,12A,1.4079,0.6158,,none,0,0
afterglow,27,66,It's Not Right (Original Mix),Walk The Line (Extended Mix),5A,9A,0.5364,0.7555,,none,0,0
afterglow,27,67,It's Not Right (Original Mix),Walk The Line (Themba Extended Mix),5A,9A,2.0707,0.6968,,none,0,0
afterglow,27,68,It's Not Right (Original Mix),We Are Child Of Love (The Mekanism Remix),5A,12A,0.5859,0.7121,,none,0,0
afterglow,27,69,It's Not Right (Original Mix),What Can I Do,5A,8A,0.6315,0.6299,,none,0,0
afterglow,27,70,It's Not Right (Original Mix),What I Might Do,5A,5A,1.0833,0.6362,same,harmonic,1,1
afterglow,27,71,It's Not Right (Original Mix),When Will I See You Again (Amtrac Remix),5A,5B,1.3667,0.7672,,none,0,0
afterglow,27,72,It's Not Right (Original Mix),Where the Subtle Meets Infinity (Original Mix),5A,1A,1.1348,0.4625,,none,0,0
afterglow,27,73,It's Not Right (Original Mix),Wish We Could feat. Syon & Darla Jade (Extended Mix),5A,3A,0.561,0.9171,,none,0,0
afterglow,28,29,Izolo feat. Khonaye (Lost Desert & Lee Burridge Remix),Just a Bitter Love,9A,6A,0.6982,0.7145,,none,0,0
afterglow,28,30,Izolo feat. Khonaye (Lost Desert & Lee Burridge Remix),Latch (Jamie Jones Remix),9A,4B,0.5582,0.36,,none,0,0
afterglow,28,31,Izolo feat. Khonaye (Lost Desert & Lee Burridge Remix),Lost,9A,6A,0.5096,0.6975,,none,0,0
afterglow,28,32,Izolo feat. Khonaye (Lost Desert & Lee Burridge Remix),Love Somebody Else Feat. Joi Cardwell (Original Mix),9A,12B,0.6006,0.3302,,none,0,0
afterglow,28,33,Izolo feat. Khonaye (Lost Desert & Lee Burridge Remix),Love Song (Original Mix),9A,8A,0.3003,0.9078,adjacent,harmonic,0.7,1
afterglow,28,34,Izolo feat. Khonaye (Lost Desert & Lee Burridge Remix),Lucky Shot (Original Mix),9A,7A,0.7494,0.5824,,none,0,0
afterglow,28,35,Izolo feat. Khonaye (Lost Desert & Lee Burridge Remix),Lying Together,9A,2A,1.0815,0.6525,,none,0,0
afterglow,28,36,Izolo feat. Khonaye (Lost Desert & Lee Burridge Remix),Marijuana (Original Mix),9A,1A,0.3003,0.3811,,none,0,0
afterglow,28,37,Izolo feat. Khonaye (Lost Desert & Lee Burridge Remix),Masala (Pablo Fierro Remix),9A,7A,1.0588,0.3224,,none,0,0
afterglow,28,38,Izolo feat. Khonaye (Lost Desert & Lee Burridge Remix),Midas feat. Holly Walker (Ben Pearce Re-Edit),9A,8A,1.0017,0.741,adjacent,harmonic,0.7,1
afterglow,28,39,Izolo feat. Khonaye (Lost Desert & Lee Burridge Remix),Never Sleep Again (Keinemusik Remix),9A,6A,0.5333,0.4828,,none,0,0
afterglow,28,40,Izolo feat. Khonaye (Lost Desert & Lee Burridge Remix),Neverender (Extended),9A,11A,2,0.3491,,none,0,0
afterglow,28,41,Izolo feat. Khonaye (Lost Desert & Lee Burridge Remix),Night Blooming Jasmine (Original Mix),9A,4A,0.3003,0.4916,,none,0,0
afterglow,28,42,Izolo feat. Khonaye (Lost Desert & Lee Burridge Remix),Night Blooming Jasmine (Rodriguez Jr. Remix),9A,4A,0,0.3743,,none,0,0
afterglow,28,43,Izolo feat. Khonaye (Lost Desert & Lee Burridge Remix),Ocean Drive (Extended Mix),9A,1A,0,0.1694,,none,0,0
afterglow,28,44,Izolo feat. Khonaye (Lost Desert & Lee Burridge Remix),One Night/All Night (Original Mix),9A,4A,0,0.1974,,none,0,0
afterglow,28,45,Izolo feat. Khonaye (Lost Desert & Lee Burridge Remix),Opal (Four Tet Remix),9A,8A,0.9292,0.592,adjacent,harmonic,0.7,1
afterglow,28,46,Izolo feat. Khonaye (Lost Desert & Lee Burridge Remix),Preach The World (Original Mix),9A,12A,1.2195,0.4508,,none,0,0
afterglow,28,47,Izolo feat. Khonaye (Lost Desert & Lee Burridge Remix),Promiscuous [AV Edit],9A,3A,0.6006,0.1945,,none,0,0
afterglow,28,48,Izolo feat. Khonaye (Lost Desert & Lee Burridge Remix),Regulate (feat. Nate Dogg),9A,9A,0.5306,0.3474,same,harmonic,1,1
afterglow,28,49,Izolo feat. Khonaye (Lost Desert & Lee Burridge Remix),Saturday Night (Extended),9A,4A,0.3003,0.678,,none,0,0
afterglow,28,50,Izolo feat. Khonaye (Lost Desert & Lee Burridge Remix),Sell My Heart (Kreative Nativez Remix),9A,11A,1,0.5743,,none,0,0
afterglow,28,51,Izolo feat. Khonaye (Lost Desert & Lee Burridge Remix),Sing It Back (feat. Naila) (Original Mix),9A,12A,0.6019,0.7776,,none,0,0
afterglow,28,52,Izolo feat. Khonaye (Lost Desert & Lee Burridge Remix),Sing It Back (Herbert's Tasteful Dub),9A,2A,0.3003,0.3811,,none,0,0
afterglow,28,53,Izolo feat. Khonaye (Lost Desert & Lee Burridge Remix),Skin (Rinzen Remix),9A,8A,1.0017,0.8499,adjacent,harmonic,0.7,1
afterglow,28,54,Izolo feat. Khonaye (Lost Desert & Lee Burridge Remix),Slow Down (James Cole Remix),9A,9A,0.5832,0.4718,same,harmonic,1,1
afterglow,28,55,Izolo feat. Khonaye (Lost Desert & Lee Burridge Remix),So U Kno (Original Mix),9A,4A,1.125,0.1649,,none,0,0
afterglow,28,56,Izolo feat. Khonaye (Lost Desert & Lee Burridge Remix),Sordid Affair (Maceo Plex Mix),9A,3A,0.4118,0.4355,,none,0,0
afterglow,28,57,Izolo feat. Khonaye (Lost Desert & Lee Burridge Remix),Stones Throw (Original Mix),9A,8A,0.3003,0.1855,adjacent,harmonic,0.7,1
afterglow,28,58,Izolo feat. Khonaye (Lost Desert & Lee Burridge Remix),Sunset Drive (Extended Mix),9A,5A,1.1111,0.3531,,none,0,0
afterglow,28,59,Izolo feat. Khonaye (Lost Desert & Lee Burridge Remix),Symmetry (Rodriguez Jr. Remix),9A,11A,0.6839,0.6255,,none,0,0
afterglow,28,60,Izolo feat. Khonaye (Lost Desert & Lee Burridge Remix),Teardrops (Don't Stop The Music) (Original Mix),9A,5B,0.6006,0.8105,,none,0,0
afterglow,28,61,Izolo feat. Khonaye (Lost Desert & Lee Burridge Remix),Tearing Me Up (Original Mix),9A,7A,1.0516,0.7382,,none,0,0
afterglow,28,62,Izolo feat. Khonaye (Lost Desert & Lee Burridge Remix),The Way You Move (Original Mix),9A,5A,1,0.1368,,none,0,0
afterglow,28,63,Izolo feat. Khonaye (Lost Desert & Lee Burridge Remix),There's Never Been (No One Like You)(P's Sunrise Edit),9A,10B,0,0.7958,,none,0,0
afterglow,28,64,Izolo feat. Khonaye (Lost Desert & Lee Burridge Remix),Touch (Four Tet Remix),9A,8B,0,0.3949,,none,0,0
afterglow,28,65,Izolo feat. Khonaye (Lost Desert & Lee Burridge Remix),Videotape (Original Mix),9A,12A,1.2691,0.3381,,none,0,0
afterglow,28,66,Izolo feat. Khonaye (Lost Desert & Lee Burridge Remix),Walk The Line (Extended Mix),9A,9A,0,0.4539,same,harmonic,1,1
afterglow,28,67,Izolo feat. Khonaye (Lost Desert & Lee Burridge Remix),Walk The Line (Themba Extended Mix),9A,9A,2,0.3838,same,harmonic,1,1
afterglow,28,68,Izolo feat. Khonaye (Lost Desert & Lee Burridge Remix),We Are Child Of Love (The Mekanism Remix),9A,12A,0.7071,0.6058,,none,0,0
afterglow,28,69,Izolo feat. Khonaye (Lost Desert & Lee Burridge Remix),What Can I Do,9A,8A,1,0.371,adjacent,harmonic,0.7,1
afterglow,28,70,Izolo feat. Khonaye (Lost Desert & Lee Burridge Remix),What I Might Do,9A,5A,1.1165,0.1797,,none,0,0
afterglow,28,71,Izolo feat. Khonaye (Lost Desert & Lee Burridge Remix),When Will I See You Again (Amtrac Remix),9A,5B,1.2233,0.4792,,none,0,0
afterglow,28,72,Izolo feat. Khonaye (Lost Desert & Lee Burridge Remix),Where the Subtle Meets Infinity (Original Mix),9A,1A,1,0.8034,,none,0,0
afterglow,28,73,Izolo feat. Khonaye (Lost Desert & Lee Burridge Remix),Wish We Could feat. Syon & Darla Jade (Extended Mix),9A,3A,0.6866,0.6192,,none,0,0
afterglow,29,30,Just a Bitter Love,Latch (Jamie Jones Remix),6A,4B,0.7457,0.3647,,none,0,0
afterglow,29,31,Just a Bitter Love,Lost,6A,6A,0.3346,0.8543,same,harmonic,1,1
afterglow,29,32,Just a Bitter Love,Love Somebody Else Feat. Joi Cardwell (Original Mix),6A,12B,0.356,0.4934,,none,0,0
afterglow,29,33,Just a Bitter Love,Love Song (Original Mix),6A,8A,0.4657,0.7912,,none,0,0
afterglow,29,34,Just a Bitter Love,Lucky Shot (Original Mix),6A,7A,0.9365,0.6427,adjacent,harmonic,0.7,1
afterglow,29,35,Just a Bitter Love,Lying Together,6A,2A,1.0642,0.7808,,none,0,0
afterglow,29,36,Just a Bitter Love,Marijuana (Original Mix),6A,1A,0.4657,0.2248,,none,0,0
afterglow,29,37,Just a Bitter Love,Masala (Pablo Fierro Remix),6A,7A,0.9501,0.4533,adjacent,harmonic,0.7,1
afterglow,29,38,Just a Bitter Love,Midas feat. Holly Walker (Ben Pearce Re-Edit),6A,8A,0.9159,0.5695,,none,0,0
afterglow,29,39,Just a Bitter Love,Never Sleep Again (Keinemusik Remix),6A,6A,0.7991,0.4709,same,harmonic,1,1
afterglow,29,40,Just a Bitter Love,Neverender (Extended),6A,11A,1.776,0.4908,,none,0,0
afterglow,29,41,Just a Bitter Love,Night Blooming Jasmine (Original Mix),6A,4A,0.4657,0.3387,,none,0,0
afterglow,29,42,Just a Bitter Love,Night Blooming Jasmine (Rodriguez Jr. Remix),6A,4A,0.6982,0.1835,,none,0,0
afterglow,29,43,Just a Bitter Love,Ocean Drive (Extended Mix),6A,1A,0.6982,0.3797,,none,0,0
afterglow,29,44,Just a Bitter Love,One Night/All Night (Original Mix),6A,4A,0.6982,0.2329,,none,0,0
afterglow,29,45,Just a Bitter Love,Opal (Four Tet Remix),6A,8A,0.6546,0.5587,,none,0,0
afterglow,29,46,Just a Bitter Love,Preach The World (Original Mix),6A,12A,1.0521,0.562,,none,0,0
afterglow,29,47,Just a Bitter Love,Promiscuous [AV Edit],6A,3A,0.356,0.3762,,none,0,0
afterglow,29,48,Just a Bitter Love,Regulate (feat. Nate Dogg),6A,9A,0.7195,0.356,,none,0,0
afterglow,29,49,Just a Bitter Love,Saturday Night (Extended),6A,4A,0.4657,0.52,,none,0,0
afterglow,29,50,Just a Bitter Love,Sell My Heart (Kreative Nativez Remix),6A,11A,1.3181,0.3572,,none,0,0
afterglow,29,51,Just a Bitter Love,Sing It Back (feat. Naila) (Original Mix),6A,12A,0.3937,0.5651,,none,0,0
afterglow,29,52,Just a Bitter Love,Sing It Back (Herbert's Tasteful Dub),6A,2A,0.4657,0.2248,,none,0,0
afterglow,29,53,Just a Bitter Love,Skin (Rinzen Remix),6A,8A,0.9159,0.4886,,none,0,0
afterglow,29,54,Just a Bitter Love,Slow Down (James Cole Remix),6A,9A,0.7694,0.4496,,none,0,0
afterglow,29,55,Just a Bitter Love,So U Kno (Original Mix),6A,4A,1.0015,0.3696,,none,0,0
afterglow,29,56,Just a Bitter Love,Sordid Affair (Maceo Plex Mix),6A,3A,0.7444,0.4234,,none,0,0
afterglow,29,57,Just a Bitter Love,Stones Throw (Original Mix),6A,8A,0.4657,0.355,,none,0,0
afterglow,29,58,Just a Bitter Love,Sunset Drive (Extended Mix),6A,5A,0.9906,0.3463,adjacent,harmonic,0.7,1
afterglow,29,59,Just a Bitter Love,Symmetry (Rodriguez Jr. Remix),6A,11A,1.0683,0.4946,,none,0,0
afterglow,29,60,Just a Bitter Love,Teardrops (Don't Stop The Music) (Original Mix),6A,5B,0.356,0.7104,,none,0,0
afterglow,29,61,Just a Bitter Love,Tearing Me Up (Original Mix),6A,7A,0.9483,0.6173,adjacent,harmonic,0.7,1
afterglow,29,62,Just a Bitter Love,The Way You Move (Original Mix),6A,5A,0.906,0.4518,adjacent,harmonic,0.7,1
afterglow,29,63,Just a Bitter Love,There's Never Been (No One Like You)(P's Sunrise Edit),6A,10B,0.6982,0.6743,,none,0,0
afterglow,29,64,Just a Bitter Love,Touch (Four Tet Remix),6A,8B,0.6982,0.2056,,none,0,0
afterglow,29,65,Just a Bitter Love,Videotape (Original Mix),6A,12A,0.9138,0.5053,,none,0,0
afterglow,29,66,Just a Bitter Love,Walk The Line (Extended Mix),6A,9A,0.6982,0.4099,,none,0,0
afterglow,29,67,Just a Bitter Love,Walk The Line (Themba Extended Mix),6A,9A,1.776,0.3797,,none,0,0
afterglow,29,68,Just a Bitter Love,We Are Child Of Love (The Mekanism Remix),6A,12A,1.0935,0.6611,,none,0,0
afterglow,29,69,Just a Bitter Love,What Can I Do,6A,8A,1.1124,0.5909,,none,0,0
afterglow,29,70,Just a Bitter Love,What I Might Do,6A,5A,0.6206,0.5005,adjacent,harmonic,0.7,1
afterglow,29,71,Just a Bitter Love,When Will I See You Again (Amtrac Remix),6A,5B,0.8718,0.4606,,none,0,0
afterglow,29,72,Just a Bitter Love,Where the Subtle Meets Infinity (Original Mix),6A,1A,0.906,0.6499,,none,0,0
afterglow,29,73,Just a Bitter Love,Wish We Could feat. Syon & Darla Jade (Extended Mix),6A,3A,1.0713,0.4967,,none,0,0
afterglow,30,31,Latch (Jamie Jones Remix),Lost,4B,6A,0.6253,0.5774,,none,0,0
afterglow,30,32,Latch (Jamie Jones Remix),Love Somebody Else Feat. Joi Cardwell (Original Mix),4B,12B,0.5582,0.7366,,none,0,0
afterglow,30,33,Latch (Jamie Jones Remix),Love Song (Original Mix),4B,8A,0.4706,0.4133,,none,0,0
afterglow,30,34,Latch (Jamie Jones Remix),Lucky Shot (Original Mix),4B,7A,1.0787,0.6763,,none,0,0
afterglow,30,35,Latch (Jamie Jones Remix),Lying Together,4B,2A,1.5564,0.1889,,none,0,0
afterglow,30,36,Latch (Jamie Jones Remix),Marijuana (Original Mix),4B,1A,0.4706,0.7915,,none,0,0
afterglow,30,37,Latch (Jamie Jones Remix),Masala (Pablo Fierro Remix),4B,7A,1.197,0.6157,,none,0,0
afterglow,30,38,Latch (Jamie Jones Remix),Midas feat. Holly Walker (Ben Pearce Re-Edit),4B,8A,1.1224,0.4974,,none,0,0
afterglow,30,39,Latch (Jamie Jones Remix),Never Sleep Again (Keinemusik Remix),4B,6A,1.0479,0.6141,,none,0,0
afterglow,30,40,Latch (Jamie Jones Remix),Neverender (Extended),4B,11A,2.0764,0.4534,,none,0,0
afterglow,30,41,Latch (Jamie Jones Remix),Night Blooming Jasmine (Original Mix),4B,4A,0.4706,0.735,,none,0,0
afterglow,30,42,Latch (Jamie Jones Remix),Night Blooming Jasmine (Rodriguez Jr. Remix),4B,4A,0.5582,0.7538,,none,0,0
afterglow,30,43,Latch (Jamie Jones Remix),Ocean Drive (Extended Mix),4B,1A,0.5582,0.7622,,none,0,0
afterglow,30,44,Latch (Jamie Jones Remix),One Night/All Night (Original Mix),4B,4A,0.5582,0.8884,,none,0,0
afterglow,30,45,Latch (Jamie Jones Remix),Opal (Four Tet Remix),4B,8A,0.9554,0.7955,,none,0,0
afterglow,30,46,Latch (Jamie Jones Remix),Preach The World (Original Mix),4B,12A,1.4972,0.5497,,none,0,0
afterglow,30,47,Latch (Jamie Jones Remix),Promiscuous [AV Edit],4B,3A,0.5582,0.8077,,none,0,0
afterglow,30,48,Latch (Jamie Jones Remix),Regulate (feat. Nate Dogg),4B,9A,0.0331,0.9986,,none,0,0
afterglow,30,49,Latch (Jamie Jones Remix),Saturday Night (Extended),4B,4A,0.4706,0.678,,none,0,0
afterglow,30,50,Latch (Jamie Jones Remix),Sell My Heart (Kreative Nativez Remix),4B,11A,0.6087,0.7329,,none,0,0
afterglow,30,51,Latch (Jamie Jones Remix),Sing It Back (feat. Naila) (Original Mix),4B,12A,0.5597,0.7561,,none,0,0
afterglow,30,52,Latch (Jamie Jones Remix),Sing It Back (Herbert's Tasteful Dub),4B,2A,0.4706,0.7915,,none,0,0
afterglow,30,53,Latch (Jamie Jones Remix),Skin (Rinzen Remix),4B,8A,1.1224,0.4267,,none,0,0
afterglow,30,54,Latch (Jamie Jones Remix),Slow Down (James Cole Remix),4B,9A,0.0294,0.8319,,none,0,0
afterglow,30,55,Latch (Jamie Jones Remix),So U Kno (Original Mix),4B,4A,1.2559,0.6849,,none,0,0
afterglow,30,56,Latch (Jamie Jones Remix),Sordid Affair (Maceo Plex Mix),4B,3A,0.9321,0.672,,none,0,0
afterglow,30,57,Latch (Jamie Jones Remix),Stones Throw (Original Mix),4B,8A,0.4706,0.7419,,none,0,0
afterglow,30,58,Latch (Jamie Jones Remix),Sunset Drive (Extended Mix),4B,5A,1.2435,0.635,,none,0,0
afterglow,30,59,Latch (Jamie Jones Remix),Symmetry (Rodriguez Jr. Remix),4B,11A,1.118,0.6275,,none,0,0
afterglow,30,60,Latch (Jamie Jones Remix),Teardrops (Don't Stop The Music) (Original Mix),4B,5B,0.5582,0.7125,adjacent,harmonic,0.7,1
afterglow,30,61,Latch (Jamie Jones Remix),Tearing Me Up (Original Mix),4B,7A,1.4759,0.2705,,none,0,0
afterglow,30,62,Latch (Jamie Jones Remix),The Way You Move (Original Mix),4B,5A,1.1453,0.639,,none,0,0
afterglow,30,63,Latch (Jamie Jones Remix),There's Never Been (No One Like You)(P's Sunrise Edit),4B,10B,0.5582,0.3322,,none,0,0
afterglow,30,64,Latch (Jamie Jones Remix),Touch (Four Tet Remix),4B,8B,0.5582,0.7541,,none,0,0
afterglow,30,65,Latch (Jamie Jones Remix),Videotape (Original Mix),4B,12A,1.0445,0.8872,,none,0,0
afterglow,30,66,Latch (Jamie Jones Remix),Walk The Line (Extended Mix),4B,9A,0.5582,0.6254,,none,0,0
afterglow,30,67,Latch (Jamie Jones Remix),Walk The Line (Themba Extended Mix),4B,9A,2.0764,0.4984,,none,0,0
afterglow,30,68,Latch (Jamie Jones Remix),We Are Child Of Love (The Mekanism Remix),4B,12A,1.1324,0.6291,,none,0,0
afterglow,30,69,Latch (Jamie Jones Remix),What Can I Do,4B,8A,1.5009,0.5137,,none,0,0
afterglow,30,70,Latch (Jamie Jones Remix),What I Might Do,4B,5A,1.0943,0.7217,,none,0,0
afterglow,30,71,Latch (Jamie Jones Remix),When Will I See You Again (Amtrac Remix),4B,5B,0.9884,0.8382,adjacent,harmonic,0.7,1
afterglow,30,72,Latch (Jamie Jones Remix),Where the Subtle Meets Infinity (Original Mix),4B,1A,1.1453,0.343,,none,0,0
afterglow,30,73,Latch (Jamie Jones Remix),Wish We Could feat. Syon & Darla Jade (Extended Mix),4B,3A,1.1197,0.6281,,none,0,0
afterglow,31,32,Lost,Love Somebody Else Feat. Joi Cardwell (Original Mix),6A,12B,0.5096,0.5401,,none,0,0
afterglow,31,33,Lost,Love Song (Original Mix),6A,8A,0.4118,0.7713,,none,0,0
afterglow,31,34,Lost,Lucky Shot (Original Mix),6A,7A,1.0142,0.7639,adjacent,harmonic,0.7,1
afterglow,31,35,Lost,Lying Together,6A,2A,1.0441,0.6113,,none,0,0
afterglow,31,36,Lost,Marijuana (Original Mix),6A,1A,0.4118,0.4139,,none,0,0
afterglow,31,37,Lost,Masala (Pablo Fierro Remix),6A,7A,0.7133,0.4829,adjacent,harmonic,0.7,1
afterglow,31,38,Lost,Midas feat. Holly Walker (Ben Pearce Re-Edit),6A,8A,0.6631,0.5635,,none,0,0
afterglow,31,39,Lost,Never Sleep Again (Keinemusik Remix),6A,6A,0.7377,0.4438,same,harmonic,1,1
afterglow,31,40,Lost,Neverender (Extended),6A,11A,1.6164,0.5229,,none,0,0
afterglow,31,41,Lost,Night Blooming Jasmine (Original Mix),6A,4A,0.4118,0.5172,,none,0,0
afterglow,31,42,Lost,Night Blooming Jasmine (Rodriguez Jr. Remix),6A,4A,0.5096,0.3801,,none,0,0
afterglow,31,43,Lost,Ocean Drive (Extended Mix),6A,1A,0.5096,0.3909,,none,0,0
afterglow,31,44,Lost,One Night/All Night (Original Mix),6A,4A,0.5096,0.4556,,none,0,0
afterglow,31,45,Lost,Opal (Four Tet Remix),6A,8A,0.4713,0.6891,,none,0,0
afterglow,31,46,Lost,Preach The World (Original Mix),6A,12A,0.9057,0.5769,,none,0,0
afterglow,31,47,Lost,Promiscuous [AV Edit],6A,3A,0.5096,0.4223,,none,0,0
afterglow,31,48,Lost,Regulate (feat. Nate Dogg),6A,9A,0.6008,0.5711,,none,0,0
afterglow,31,49,Lost,Saturday Night (Extended),6A,4A,0.4118,0.5113,,none,0,0
afterglow,31,50,Lost,Sell My Heart (Kreative Nativez Remix),6A,11A,1.1224,0.3679,,none,0,0
afterglow,31,51,Lost,Sing It Back (feat. Naila) (Original Mix),6A,12A,0.5425,0.6794,,none,0,0
afterglow,31,52,Lost,Sing It Back (Herbert's Tasteful Dub),6A,2A,0.4118,0.4139,,none,0,0
afterglow,31,53,Lost,Skin (Rinzen Remix),6A,8A,0.6631,0.4834,,none,0,0
afterglow,31,54,Lost,Slow Down (James Cole Remix),6A,9A,0.6477,0.4751,,none,0,0
afterglow,31,55,Lost,So U Kno (Original Mix),6A,4A,0.7739,0.5596,,none,0,0
afterglow,31,56,Lost,Sordid Affair (Maceo Plex Mix),6A,3A,0.6552,0.456,,none,0,0
afterglow,31,57,Lost,Stones Throw (Original Mix),6A,8A,0.4118,0.4029,,none,0,0
afterglow,31,58,Lost,Sunset Drive (Extended Mix),6A,5A,0.7611,0.5158,adjacent,harmonic,0.7,1
afterglow,31,59,Lost,Symmetry (Rodriguez Jr. Remix),6A,11A,1.0544,0.6175,,none,0,0
afterglow,31,60,Lost,Teardrops (Don't Stop The Music) (Original Mix),6A,5B,0.5096,0.8164,,none,0,0
afterglow,31,61,Lost,Tearing Me Up (Original Mix),6A,7A,1.0403,0.5659,adjacent,harmonic,0.7,1
afterglow,31,62,Lost,The Way You Move (Original Mix),6A,5A,0.6605,0.4827,adjacent,harmonic,0.7,1
afterglow,31,63,Lost,There's Never Been (No One Like You)(P's Sunrise Edit),6A,10B,0.5096,0.5211,,none,0,0
afterglow,31,64,Lost,Touch (Four Tet Remix),6A,8B,0.5096,0.3785,,none,0,0
afterglow,31,65,Lost,Videotape (Original Mix),6A,12A,0.8284,0.6755,,none,0,0
afterglow,31,66,Lost,Walk The Line (Extended Mix),6A,9A,0.5096,0.4549,,none,0,0
afterglow,31,67,Lost,Walk The Line (Themba Extended Mix),6A,9A,1.6164,0.5749,,none,0,0
afterglow,31,68,Lost,We Are Child Of Love (The Mekanism Remix),6A,12A,1.0824,0.7859,,none,0,0
afterglow,31,69,Lost,What Can I Do,6A,8A,1.1224,0.3805,,none,0,0
afterglow,31,70,Lost,What I Might Do,6A,5A,0.6087,0.5292,adjacent,harmonic,0.7,1
afterglow,31,71,Lost,When Will I See You Again (Amtrac Remix),6A,5B,0.7877,0.621,,none,0,0
afterglow,31,72,Lost,Where the Subtle Meets Infinity (Original Mix),6A,1A,0.6605,0.5223,,none,0,0
afterglow,31,73,Lost,Wish We Could feat. Syon & Darla Jade (Extended Mix),6A,3A,1.0577,0.6131,,none,0,0
afterglow,32,33,Love Somebody Else Feat. Joi Cardwell (Original Mix),Love Song (Original Mix),12B,8A,0.3003,0.3803,,none,0,0
afterglow,32,34,Love Somebody Else Feat. Joi Cardwell (Original Mix),Lucky Shot (Original Mix),12B,7A,0.7494,0.7486,,none,0,0
afterglow,32,35,Love Somebody Else Feat. Joi Cardwell (Original Mix),Lying Together,12B,2A,1.237,0.3274,,none,0,0
afterglow,32,36,Love Somebody Else Feat. Joi Cardwell (Original Mix),Marijuana (Original Mix),12B,1A,0.3003,0.7366,,none,0,0
afterglow,32,37,Love Somebody Else Feat. Joi Cardwell (Original Mix),Masala (Pablo Fierro Remix),12B,7A,1.2173,0.7255,,none,0,0
afterglow,32,38,Love Somebody Else Feat. Joi Cardwell (Original Mix),Midas feat. Holly Walker (Ben Pearce Re-Edit),12B,8A,1.168,0.2394,,none,0,0
afterglow,32,39,Love Somebody Else Feat. Joi Cardwell (Original Mix),Never Sleep Again (Keinemusik Remix),12B,6A,0.8032,0.7266,,none,0,0
afterglow,32,40,Love Somebody Else Feat. Joi Cardwell (Original Mix),Neverender (Extended),12B,11A,2.0882,0.6007,,none,0,0
afterglow,32,41,Love Somebody Else Feat. Joi Cardwell (Original Mix),Night Blooming Jasmine (Original Mix),12B,4A,0.3003,0.8308,,none,0,0
afterglow,32,42,Love Somebody Else Feat. Joi Cardwell (Original Mix),Night Blooming Jasmine (Rodriguez Jr. Remix),12B,4A,0.6006,0.6998,,none,0,0
afterglow,32,43,Love Somebody Else Feat. Joi Cardwell (Original Mix),Ocean Drive (Extended Mix),12B,1A,0.6006,0.9115,,none,0,0
afterglow,32,44,Love Somebody Else Feat. Joi Cardwell (Original Mix),One Night/All Night (Original Mix),12B,4A,0.6006,0.8256,,none,0,0
afterglow,32,45,Love Somebody Else Feat. Joi Cardwell (Original Mix),Opal (Four Tet Remix),12B,8A,0.9292,0.5593,,none,0,0
afterglow,32,46,Love Somebody Else Feat. Joi Cardwell (Original Mix),Preach The World (Original Mix),12B,12A,1.3593,0.6548,,none,0,0
afterglow,32,47,Love Somebody Else Feat. Joi Cardwell (Original Mix),Promiscuous [AV Edit],12B,3A,0,0.9175,,none,0,0
afterglow,32,48,Love Somebody Else Feat. Joi Cardwell (Original Mix),Regulate (feat. Nate Dogg),12B,9A,0.5306,0.7552,,none,0,0
afterglow,32,49,Love Somebody Else Feat. Joi Cardwell (Original Mix),Saturday Night (Extended),12B,4A,0.3003,0.4293,,none,0,0
afterglow,32,50,Love Somebody Else Feat. Joi Cardwell (Original Mix),Sell My Heart (Kreative Nativez Remix),12B,11A,1.1665,0.4544,,none,0,0
afterglow,32,51,Love Somebody Else Feat. Joi Cardwell (Original Mix),Sing It Back (feat. Naila) (Original Mix),12B,12A,0.04,0.5597,,none,0,0
afterglow,32,52,Love Somebody Else Feat. Joi Cardwell (Original Mix),Sing It Back (Herbert's Tasteful Dub),12B,2A,0.3003,0.7366,,none,0,0
afterglow,32,53,Love Somebody Else Feat. Joi Cardwell (Original Mix),Skin (Rinzen Remix),12B,8A,1.168,0.2054,,none,0,0
afterglow,32,54,Love Somebody Else Feat. Joi Cardwell (Original Mix),Slow Down (James Cole Remix),12B,9A,0.5832,0.7618,,none,0,0
afterglow,32,55,Love Somebody Else Feat. Joi Cardwell (Original Mix),So U Kno (Original Mix),12B,4A,1.2753,0.6401,,none,0,0
afterglow,32,56,Love Somebody Else Feat. Joi Cardwell (Original Mix),Sordid Affair (Maceo Plex Mix),12B,3A,0.7282,0.7717,,none,0,0
afterglow,32,57,Love Somebody Else Feat. Joi Cardwell (Original Mix),Stones Throw (Original Mix),12B,8A,0.3003,0.8461,,none,0,0
afterglow,32,58,Love Somebody Else Feat. Joi Cardwell (Original Mix),Sunset Drive (Extended Mix),12B,5A,1.263,0.5917,,none,0,0
afterglow,32,59,Love Somebody Else Feat. Joi Cardwell (Original Mix),Symmetry (Rodriguez Jr. Remix),12B,11A,0.9102,0.5839,,none,0,0
afterglow,32,60,Love Somebody Else Feat. Joi Cardwell (Original Mix),Teardrops (Don't Stop The Music) (Original Mix),12B,5B,0,0.6372,,none,0,0
afterglow,32,61,Love Somebody Else Feat. Joi Cardwell (Original Mix),Tearing Me Up (Original Mix),12B,7A,1.0516,0.2604,,none,0,0
afterglow,32,62,Love Somebody Else Feat. Joi Cardwell (Original Mix),The Way You Move (Original Mix),12B,5A,1.1665,0.7587,,none,0,0
afterglow,32,63,Love Somebody Else Feat. Joi Cardwell (Original Mix),There's Never Been (No One Like You)(P's Sunrise Edit),12B,10B,0.6006,0.3217,,none,0,0
afterglow,32,64,Love Somebody Else Feat. Joi Cardwell (Original Mix),Touch (Four Tet Remix),12B,8B,0.6006,0.6998,,none,0,0
afterglow,32,65,Love Somebody Else Feat. Joi Cardwell (Original Mix),Videotape (Original Mix),12B,12A,1.118,0.6535,,none,0,0
afterglow,32,66,Love Somebody Else Feat. Joi Cardwell (Original Mix),Walk The Line (Extended Mix),12B,9A,0.6006,0.8591,,none,0,0
afterglow,32,67,Love Somebody Else Feat. Joi Cardwell (Original Mix),Walk The Line (Themba Extended Mix),12B,9A,2.0882,0.4798,,none,0,0
afterglow,32,68,Love Somebody Else Feat. Joi Cardwell (Original Mix),We Are Child Of Love (The Mekanism Remix),12B,12A,0.9278,0.7469,,none,0,0
afterglow,32,69,Love Somebody Else Feat. Joi Cardwell (Original Mix),What Can I Do,12B,8A,1.1665,0.6675,,none,0,0
afterglow,32,70,Love Somebody Else Feat. Joi Cardwell (Original Mix),What I Might Do,12B,5A,0.9412,0.8457,,none,0,0
afterglow,32,71,Love Somebody Else Feat. Joi Cardwell (Original Mix),When Will I See You Again (Amtrac Remix),12B,5B,1.0657,0.6174,,none,0,0
afterglow,32,72,Love Somebody Else Feat. Joi Cardwell (Original Mix),Where the Subtle Meets Infinity (Original Mix),12B,1A,1.1665,0.4545,,none,0,0
afterglow,32,73,Love Somebody Else Feat. Joi Cardwell (Original Mix),Wish We Could feat. Syon & Darla Jade (Extended Mix),12B,3A,0.9122,0.5829,,none,0,0
afterglow,33,34,Love Song (Original Mix),Lucky Shot (Original Mix),8A,7A,0.6866,0.6499,adjacent,harmonic,0.7,1
afterglow,33,35,Love Song (Original Mix),Lying Together,8A,2A,1.1224,0.5143,,none,0,0
afterglow,33,36,Love Song (Original Mix),Marijuana (Original Mix),8A,1A,0,0.2309,,none,0,0
afterglow,33,37,Love Song (Original Mix),Masala (Pablo Fierro Remix),8A,7A,1.1006,0.1724,adjacent,harmonic,0.7,1
afterglow,33,38,Love Song (Original Mix),Midas feat. Holly Walker (Ben Pearce Re-Edit),8A,8A,1.0458,0.8221,same,harmonic,1,1
afterglow,33,39,Love Song (Original Mix),Never Sleep Again (Keinemusik Remix),8A,6A,0.6121,0.3383,,none,0,0
afterglow,33,40,Love Song (Original Mix),Neverender (Extended),8A,11A,2.0224,0.1867,,none,0,0
afterglow,33,41,Love Song (Original Mix),Night Blooming Jasmine (Original Mix),8A,4A,0,0.3626,,none,0,0
afterglow,33,42,Love Song (Original Mix),Night Blooming Jasmine (Rodriguez Jr. Remix),8A,4A,0.3003,0.1885,,none,0,0
afterglow,33,43,Love Song (Original Mix),Ocean Drive (Extended Mix),8A,1A,0.3003,0.2052,,none,0,0
afterglow,33,44,Love Song (Original Mix),One Night/All Night (Original Mix),8A,4A,0.3003,0.2392,,none,0,0
afterglow,33,45,Love Song (Original Mix),Opal (Four Tet Remix),8A,8A,0.8793,0.4898,same,harmonic,1,1
afterglow,33,46,Love Song (Original Mix),Preach The World (Original Mix),8A,12A,1.2559,0.3028,,none,0,0
afterglow,33,47,Love Song (Original Mix),Promiscuous [AV Edit],8A,3A,0.3003,0.2356,,none,0,0
afterglow,33,48,Love Song (Original Mix),Regulate (feat. Nate Dogg),8A,9A,0.4375,0.4004,adjacent,harmonic,0.7,1
afterglow,33,49,Love Song (Original Mix),Saturday Night (Extended),8A,4A,0,0.5704,,none,0,0
afterglow,33,50,Love Song (Original Mix),Sell My Heart (Kreative Nativez Remix),8A,11A,1.0441,0.4104,,none,0,0
afterglow,33,51,Love Song (Original Mix),Sing It Back (feat. Naila) (Original Mix),8A,12A,0.303,0.7076,,none,0,0
afterglow,33,52,Love Song (Original Mix),Sing It Back (Herbert's Tasteful Dub),8A,2A,0,0.2309,,none,0,0
afterglow,33,53,Love Song (Original Mix),Skin (Rinzen Remix),8A,8A,1.0458,0.7259,same,harmonic,1,1
afterglow,33,54,Love Song (Original Mix),Slow Down (James Cole Remix),8A,9A,0.5,0.3542,adjacent,harmonic,0.7,1
afterglow,33,55,Love Song (Original Mix),So U Kno (Original Mix),8A,4A,1.1644,0.1998,,none,0,0
afterglow,33,56,Love Song (Original Mix),Sordid Affair (Maceo Plex Mix),8A,3A,0.5096,0.2987,,none,0,0
afterglow,33,57,Love Song (Original Mix),Stones Throw (Original Mix),8A,8A,0,0.2247,same,harmonic,1,1
afterglow,33,58,Love Song (Original Mix),Sunset Drive (Extended Mix),8A,5A,1.151,0.1778,,none,0,0
afterglow,33,59,Love Song (Original Mix),Symmetry (Rodriguez Jr. Remix),8A,11A,0.747,0.488,,none,0,0
afterglow,33,60,Love Song (Original Mix),Teardrops (Don't Stop The Music) (Original Mix),8A,5B,0.3003,0.8951,,none,0,0
afterglow,33,61,Love Song (Original Mix),Tearing Me Up (Original Mix),8A,7A,1.0078,0.8212,adjacent,harmonic,0.7,1
afterglow,33,62,Love Song (Original Mix),The Way You Move (Original Mix),8A,5A,1.0441,0.1657,,none,0,0
afterglow,33,63,Love Song (Original Mix),There's Never Been (No One Like You)(P's Sunrise Edit),8A,10B,0.3003,0.701,,none,0,0
afterglow,33,64,Love Song (Original Mix),Touch (Four Tet Remix),8A,8B,0.3003,0.2111,,none,0,0
afterglow,33,65,Love Song (Original Mix),Videotape (Original Mix),8A,12A,1.1577,0.3894,,none,0,0
afterglow,33,66,Love Song (Original Mix),Walk The Line (Extended Mix),8A,9A,0.3003,0.318,adjacent,harmonic,0.7,1
afterglow,33,67,Love Song (Original Mix),Walk The Line (Themba Extended Mix),8A,9A,2.0224,0.2052,adjacent,harmonic,0.7,1
afterglow,33,68,Love Song (Original Mix),We Are Child Of Love (The Mekanism Remix),8A,12A,0.7682,0.6728,,none,0,0
afterglow,33,69,Love Song (Original Mix),What Can I Do,8A,8A,1.0441,0.4245,same,harmonic,1,1
afterglow,33,70,Love Song (Original Mix),What I Might Do,8A,5A,0.9879,0.2178,,none,0,0
afterglow,33,71,Love Song (Original Mix),When Will I See You Again (Amtrac Remix),8A,5B,1.1072,0.3679,,none,0,0
afterglow,33,72,Love Song (Original Mix),Where the Subtle Meets Infinity (Original Mix),8A,1A,1.0441,0.7239,,none,0,0
afterglow,33,73,Love Song (Original Mix),Wish We Could feat. Syon & Darla Jade (Extended Mix),8A,3A,0.7494,0.4885,,none,0,0
afterglow,34,35,Lucky Shot (Original Mix),Lying Together,7A,2A,1.0577,0.5215,,none,0,0
afterglow,34,36,Lucky Shot (Original Mix),Marijuana (Original Mix),7A,1A,0.6866,0.6763,,none,0,0
afterglow,34,37,Lucky Shot (Original Mix),Masala (Pablo Fierro Remix),7A,7A,1.6369,0.5244,same,harmonic,1,1
afterglow,34,38,Lucky Shot (Original Mix),Midas feat. Holly Walker (Ben Pearce Re-Edit),7A,8A,1.6016,0.4168,adjacent,harmonic,0.7,1
afterglow,34,39,Lucky Shot (Original Mix),Never Sleep Again (Keinemusik Remix),7A,6A,0.5592,0.6886,adjacent,harmonic,0.7,1
afterglow,34,40,Lucky Shot (Original Mix),Neverender (Extended),7A,11A,2.5385,0.3786,,none,0,0
afterglow,34,41,Lucky Shot (Original Mix),Night Blooming Jasmine (Original Mix),7A,4A,0.6866,0.7407,,none,0,0
afterglow,34,42,Lucky Shot (Original Mix),Night Blooming Jasmine (Rodriguez Jr. Remix),7A,4A,0.7494,0.6423,,none,0,0
afterglow,34,43,Lucky Shot (Original Mix),Ocean Drive (Extended Mix),7A,1A,0.7494,0.6503,,none,0,0
afterglow,34,44,Lucky Shot (Original Mix),One Night/All Night (Original Mix),7A,4A,0.7494,0.7579,,none,0,0
afterglow,34,45,Lucky Shot (Original Mix),Opal (Four Tet Remix),7A,8A,1.468,0.6512,adjacent,harmonic,0.7,1
afterglow,34,46,Lucky Shot (Original Mix),Preach The World (Original Mix),7A,12A,1.6239,0.6119,,none,0,0
afterglow,34,47,Lucky Shot (Original Mix),Promiscuous [AV Edit],7A,3A,0.7494,0.6901,,none,0,0
afterglow,34,48,Lucky Shot (Original Mix),Regulate (feat. Nate Dogg),7A,9A,1.049,0.6934,,none,0,0
afterglow,34,49,Lucky Shot (Original Mix),Saturday Night (Extended),7A,4A,0.6866,0.6015,,none,0,0
afterglow,34,50,Lucky Shot (Original Mix),Sell My Heart (Kreative Nativez Remix),7A,11A,1.6005,0.4422,,none,0,0
afterglow,34,51,Lucky Shot (Original Mix),Sing It Back (feat. Naila) (Original Mix),7A,12A,0.725,0.7897,,none,0,0
afterglow,34,52,Lucky Shot (Original Mix),Sing It Back (Herbert's Tasteful Dub),7A,2A,0.6866,0.6763,,none,0,0
afterglow,34,53,Lucky Shot (Original Mix),Skin (Rinzen Remix),7A,8A,1.6016,0.3575,adjacent,harmonic,0.7,1
afterglow,34,54,Lucky Shot (Original Mix),Slow Down (James Cole Remix),7A,9A,1.1052,0.5597,,none,0,0
afterglow,34,55,Lucky Shot (Original Mix),So U Kno (Original Mix),7A,4A,1.6988,0.5823,,none,0,0
afterglow,34,56,Lucky Shot (Original Mix),Sordid Affair (Maceo Plex Mix),7A,3A,0.5652,0.7051,,none,0,0
afterglow,34,57,Lucky Shot (Original Mix),Stones Throw (Original Mix),7A,8A,0.6866,0.633,adjacent,harmonic,0.7,1
afterglow,34,58,Lucky Shot (Original Mix),Sunset Drive (Extended Mix),7A,5A,1.6858,0.5408,,none,0,0
afterglow,34,59,Lucky Shot (Original Mix),Symmetry (Rodriguez Jr. Remix),7A,11A,0.3003,0.8454,,none,0,0
afterglow,34,60,Lucky Shot (Original Mix),Teardrops (Don't Stop The Music) (Original Mix),7A,5B,0.7494,0.8557,,none,0,0
afterglow,34,61,Lucky Shot (Original Mix),Tearing Me Up (Original Mix),7A,7A,0.7776,0.6193,same,harmonic,1,1
afterglow,34,62,Lucky Shot (Original Mix),The Way You Move (Original Mix),7A,5A,1.582,0.5436,,none,0,0
afterglow,34,63,Lucky Shot (Original Mix),There's Never Been (No One Like You)(P's Sunrise Edit),7A,10B,0.7494,0.4334,,none,0,0
afterglow,34,64,Lucky Shot (Original Mix),Touch (Four Tet Remix),7A,8B,0.7494,0.6453,,none,0,0
afterglow,34,65,Lucky Shot (Original Mix),Videotape (Original Mix),7A,12A,1.8036,0.6026,,none,0,0
afterglow,34,66,Lucky Shot (Original Mix),Walk The Line (Extended Mix),7A,9A,0.7494,0.6474,,none,0,0
afterglow,34,67,Lucky Shot (Original Mix),Walk The Line (Themba Extended Mix),7A,9A,2.5385,0.4162,,none,0,0
afterglow,34,68,Lucky Shot (Original Mix),We Are Child Of Love (The Mekanism Remix),7A,12A,0.3017,0.9923,,none,0,0
afterglow,34,69,Lucky Shot (Original Mix),What Can I Do,7A,8A,0.7494,0.6583,adjacent,harmonic,0.7,1
afterglow,34,70,Lucky Shot (Original Mix),What I Might Do,7A,5A,1.5275,0.6158,,none,0,0
afterglow,34,71,Lucky Shot (Original Mix),When Will I See You Again (Amtrac Remix),7A,5B,1.7559,0.5692,,none,0,0
afterglow,34,72,Lucky Shot (Original Mix),Where the Subtle Meets Infinity (Original Mix),7A,1A,1.582,0.4118,,none,0,0
afterglow,34,73,Lucky Shot (Original Mix),Wish We Could feat. Syon & Darla Jade (Extended Mix),7A,3A,0.3003,0.8545,,none,0,0
afterglow,35,36,Lying Together,Marijuana (Original Mix),2A,1A,1.1224,0.3989,adjacent,harmonic,0.7,1
afterglow,35,37,Lying Together,Masala (Pablo Fierro Remix),2A,7A,1.1911,0.6393,,none,0,0
afterglow,35,38,Lying Together,Midas feat. Holly Walker (Ben Pearce Re-Edit),2A,8A,1.2113,0.4007,,none,0,0
afterglow,35,39,Lying Together,Never Sleep Again (Keinemusik Remix),2A,6A,0.6224,0.6825,,none,0,0
afterglow,35,40,Lying Together,Neverender (Extended),2A,11A,1.8768,0.6923,,none,0,0
afterglow,35,41,Lying Together,Night Blooming Jasmine (Original Mix),2A,4A,1.1224,0.3704,,none,0,0
afterglow,35,42,Lying Together,Night Blooming Jasmine (Rodriguez Jr. Remix),2A,4A,1.0815,0.3952,,none,0,0
afterglow,35,43,Lying Together,Ocean Drive (Extended Mix),2A,1A,1.0815,0.3569,adjacent,harmonic,0.7,1
afterglow,35,44,Lying Together,One Night/All Night (Original Mix),2A,4A,1.0815,0.1957,,none,0,0
afterglow,35,45,Lying Together,Opal (Four Tet Remix),2A,8A,1.2191,0.5999,,none,0,0
afterglow,35,46,Lying Together,Preach The World (Original Mix),2A,12A,0.8882,0.7791,,none,0,0
afterglow,35,47,Lying Together,Promiscuous [AV Edit],2A,3A,1.237,0.347,adjacent,harmonic,0.7,1
afterglow,35,48,Lying Together,Regulate (feat. Nate Dogg),2A,9A,1.5252,0.1937,,none,0,0
afterglow,35,49,Lying Together,Saturday Night (Extended),2A,4A,1.1224,0.5649,,none,0,0
afterglow,35,50,Lying Together,Sell My Heart (Kreative Nativez Remix),2A,11A,2.0419,0.4041,,none,0,0
afterglow,35,51,Lying Together,Sing It Back (feat. Naila) (Original Mix),2A,12A,1.2509,0.6014,,none,0,0
afterglow,35,52,Lying Together,Sing It Back (Herbert's Tasteful Dub),2A,2A,1.1224,0.3989,same,harmonic,1,1
afterglow,35,53,Lying Together,Skin (Rinzen Remix),2A,8A,1.2113,0.5586,,none,0,0
afterglow,35,54,Lying Together,Slow Down (James Cole Remix),2A,9A,1.5842,0.4858,,none,0,0
afterglow,35,55,Lying Together,So U Kno (Original Mix),2A,4A,1.2283,0.3474,,none,0,0
afterglow,35,56,Lying Together,Sordid Affair (Maceo Plex Mix),2A,3A,0.718,0.6188,adjacent,harmonic,0.7,1
afterglow,35,57,Lying Together,Stones Throw (Original Mix),2A,8A,1.1224,0.327,,none,0,0
afterglow,35,58,Lying Together,Sunset Drive (Extended Mix),2A,5A,1.2203,0.5548,,none,0,0
afterglow,35,59,Lying Together,Symmetry (Rodriguez Jr. Remix),2A,11A,1.0108,0.6951,,none,0,0
afterglow,35,60,Lying Together,Teardrops (Don't Stop The Music) (Original Mix),2A,5B,1.237,0.4756,,none,0,0
afterglow,35,61,Lying Together,Tearing Me Up (Original Mix),2A,7A,0.4152,0.6054,,none,0,0
afterglow,35,62,Lying Together,The Way You Move (Original Mix),2A,5A,1.1602,0.4407,,none,0,0
afterglow,35,63,Lying Together,There's Never Been (No One Like You)(P's Sunrise Edit),2A,10B,1.0815,0.7438,,none,0,0
afterglow,35,64,Lying Together,Touch (Four Tet Remix),2A,8B,1.0815,0.4158,,none,0,0
afterglow,35,65,Lying Together,Videotape (Original Mix),2A,12A,1.7195,0.3539,,none,0,0
afterglow,35,66,Lying Together,Walk The Line (Extended Mix),2A,9A,1.0815,0.4522,,none,0,0
afterglow,35,67,Lying Together,Walk The Line (Themba Extended Mix),2A,9A,1.8768,0.5931,,none,0,0
afterglow,35,68,Lying Together,We Are Child Of Love (The Mekanism Remix),2A,12A,1.0399,0.5068,,none,0,0
afterglow,35,69,Lying Together,What Can I Do,2A,8A,0.4118,0.5977,,none,0,0
afterglow,35,70,Lying Together,What I Might Do,2A,5A,1.281,0.4812,,none,0,0
afterglow,35,71,Lying Together,When Will I See You Again (Amtrac Remix),2A,5B,1.7003,0.4927,,none,0,0
afterglow,35,72,Lying Together,Where the Subtle Meets Infinity (Original Mix),2A,1A,1.1602,0.5852,adjacent,harmonic,0.7,1
afterglow,35,73,Lying Together,Wish We Could feat. Syon & Darla Jade (Extended Mix),2A,3A,1.0142,0.6882,adjacent,harmonic,0.7,1
afterglow,36,37,Marijuana (Original Mix),Masala (Pablo Fierro Remix),1A,7A,1.1006,0.8127,,none,0,0
afterglow,36,38,Marijuana (Original Mix),Midas feat. Holly Walker (Ben Pearce Re-Edit),1A,8A,1.0458,0.2487,,none,0,0
afterglow,36,39,Marijuana (Original Mix),Never Sleep Again (Keinemusik Remix),1A,6A,0.6121,0.8188,,none,0,0
afterglow,36,40,Marijuana (Original Mix),Neverender (Extended),1A,11A,2.0224,0.6667,,none,0,0
afterglow,36,41,Marijuana (Original Mix),Night Blooming Jasmine (Original Mix),1A,4A,0,0.9286,,none,0,0
afterglow,36,42,Marijuana (Original Mix),Night Blooming Jasmine (Rodriguez Jr. Remix),1A,4A,0.3003,0.9932,,none,0,0
afterglow,36,43,Marijuana (Original Mix),Ocean Drive (Extended Mix),1A,1A,0.3003,0.7622,same,harmonic,1,1
afterglow,36,44,Marijuana (Original Mix),One Night/All Night (Original Mix),1A,4A,0.3003,0.8884,,none,0,0
afterglow,36,45,Marijuana (Original Mix),Opal (Four Tet Remix),1A,8A,0.8793,0.7741,,none,0,0
afterglow,36,46,Marijuana (Original Mix),Preach The World (Original Mix),1A,12A,1.2559,0.7532,adjacent,harmonic,0.7,1
afterglow,36,47,Marijuana (Original Mix),Promiscuous [AV Edit],1A,3A,0.3003,0.8077,,none,0,0
afterglow,36,48,Marijuana (Original Mix),Regulate (feat. Nate Dogg),1A,9A,0.4375,0.8116,,none,0,0
afterglow,36,49,Marijuana (Original Mix),Saturday Night (Extended),1A,4A,0,0.6548,,none,0,0
afterglow,36,50,Marijuana (Original Mix),Sell My Heart (Kreative Nativez Remix),1A,11A,1.0441,0.7329,,none,0,0
afterglow,36,51,Marijuana (Original Mix),Sing It Back (feat. Naila) (Original Mix),1A,12A,0.303,0.7561,adjacent,harmonic,0.7,1
afterglow,36,52,Marijuana (Original Mix),Sing It Back (Herbert's Tasteful Dub),1A,2A,0,1,adjacent,harmonic,0.7,1
afterglow,36,53,Marijuana (Original Mix),Skin (Rinzen Remix),1A,8A,1.0458,0.4267,,none,0,0
afterglow,36,54,Marijuana (Original Mix),Slow Down (James Cole Remix),1A,9A,0.5,0.8319,,none,0,0
afterglow,36,55,Marijuana (Original Mix),So U Kno (Original Mix),1A,4A,1.1644,0.6849,,none,0,0
afterglow,36,56,Marijuana (Original Mix),Sordid Affair (Maceo Plex Mix),1A,3A,0.5096,0.8641,,none,0,0
afterglow,36,57,Marijuana (Original Mix),Stones Throw (Original Mix),1A,8A,0,0.7419,,none,0,0
afterglow,36,58,Marijuana (Original Mix),Sunset Drive (Extended Mix),1A,5A,1.151,0.8607,,none,0,0
afterglow,36,59,Marijuana (Original Mix),Symmetry (Rodriguez Jr. Remix),1A,11A,0.747,0.8366,,none,0,0
afterglow,36,60,Marijuana (Original Mix),Teardrops (Don't Stop The Music) (Original Mix),1A,5B,0.3003,0.5497,,none,0,0
afterglow,36,61,Marijuana (Original Mix),Tearing Me Up (Original Mix),1A,7A,1.0078,0.2705,,none,0,0
afterglow,36,62,Marijuana (Original Mix),The Way You Move (Original Mix),1A,5A,1.0441,0.639,,none,0,0
afterglow,36,63,Marijuana (Original Mix),There's Never Been (No One Like You)(P's Sunrise Edit),1A,10B,0.3003,0.3517,,none,0,0
afterglow,36,64,Marijuana (Original Mix),Touch (Four Tet Remix),1A,8B,0.3003,0.9954,,none,0,0
afterglow,36,65,Marijuana (Original Mix),Videotape (Original Mix),1A,12A,1.1577,0.7023,adjacent,harmonic,0.7,1
afterglow,36,66,Marijuana (Original Mix),Walk The Line (Extended Mix),1A,9A,0.3003,0.8178,,none,0,0
afterglow,36,67,Marijuana (Original Mix),Walk The Line (Themba Extended Mix),1A,9A,2.0224,0.7329,,none,0,0
afterglow,36,68,Marijuana (Original Mix),We Are Child Of Love (The Mekanism Remix),1A,12A,0.7682,0.6291,adjacent,harmonic,0.7,1
afterglow,36,69,Marijuana (Original Mix),What Can I Do,1A,8A,1.0441,0.5137,,none,0,0
afterglow,36,70,Marijuana (Original Mix),What I Might Do,1A,5A,0.9879,0.7217,,none,0,0
afterglow,36,71,Marijuana (Original Mix),When Will I See You Again (Amtrac Remix),1A,5B,1.1072,0.8382,,none,0,0
afterglow,36,72,Marijuana (Original Mix),Where the Subtle Meets Infinity (Original Mix),1A,1A,1.0441,0.343,same,harmonic,1,1
afterglow,36,73,Marijuana (Original Mix),Wish We Could feat. Syon & Darla Jade (Extended Mix),1A,3A,0.7494,0.8291,,none,0,0
afterglow,37,38,Masala (Pablo Fierro Remix),Midas feat. Holly Walker (Ben Pearce Re-Edit),7A,8A,0.0832,0.1857,adjacent,harmonic,0.7,1
afterglow,37,39,Masala (Pablo Fierro Remix),Never Sleep Again (Keinemusik Remix),7A,6A,1.1856,0.8216,adjacent,harmonic,0.7,1
afterglow,37,40,Masala (Pablo Fierro Remix),Neverender (Extended),7A,11A,0.9412,0.9235,,none,0,0
afterglow,37,41,Masala (Pablo Fierro Remix),Night Blooming Jasmine (Original Mix),7A,4A,1.1006,0.7547,,none,0,0
afterglow,37,42,Masala (Pablo Fierro Remix),Night Blooming Jasmine (Rodriguez Jr. Remix),7A,4A,1.0588,0.8142,,none,0,0
afterglow,37,43,Masala (Pablo Fierro Remix),Ocean Drive (Extended Mix),7A,1A,1.0588,0.7908,,none,0,0
afterglow,37,44,Masala (Pablo Fierro Remix),One Night/All Night (Original Mix),7A,4A,1.0588,0.6921,,none,0,0
afterglow,37,45,Masala (Pablo Fierro Remix),Opal (Four Tet Remix),7A,8A,0.3627,0.7696,adjacent,harmonic,0.7,1
afterglow,37,46,Masala (Pablo Fierro Remix),Preach The World (Original Mix),7A,12A,0.4752,0.9321,,none,0,0
afterglow,37,47,Masala (Pablo Fierro Remix),Promiscuous [AV Edit],7A,3A,1.2173,0.7891,,none,0,0
afterglow,37,48,Masala (Pablo Fierro Remix),Regulate (feat. Nate Dogg),7A,9A,1.1844,0.6313,,none,0,0
afterglow,37,49,Masala (Pablo Fierro Remix),Saturday Night (Extended),7A,4A,1.1006,0.5258,,none,0,0
afterglow,37,50,Masala (Pablo Fierro Remix),Sell My Heart (Kreative Nativez Remix),7A,11A,1.4564,0.5938,,none,0,0
afterglow,37,51,Masala (Pablo Fierro Remix),Sing It Back (feat. Naila) (Original Mix),7A,12A,1.2523,0.611,,none,0,0
afterglow,37,52,Masala (Pablo Fierro Remix),Sing It Back (Herbert's Tasteful Dub),7A,2A,1.1006,0.8127,,none,0,0
afterglow,37,53,Masala (Pablo Fierro Remix),Skin (Rinzen Remix),7A,8A,0.0832,0.3609,adjacent,harmonic,0.7,1
afterglow,37,54,Masala (Pablo Fierro Remix),Slow Down (James Cole Remix),7A,9A,1.2088,0.8255,,none,0,0
afterglow,37,55,Masala (Pablo Fierro Remix),So U Kno (Original Mix),7A,4A,0.0662,0.7512,,none,0,0
afterglow,37,56,Masala (Pablo Fierro Remix),Sordid Affair (Maceo Plex Mix),7A,3A,1.1361,0.8491,,none,0,0
afterglow,37,57,Masala (Pablo Fierro Remix),Stones Throw (Original Mix),7A,8A,1.1006,0.7272,adjacent,harmonic,0.7,1
afterglow,37,58,Masala (Pablo Fierro Remix),Sunset Drive (Extended Mix),7A,5A,0.0523,0.9222,,none,0,0
afterglow,37,59,Masala (Pablo Fierro Remix),Symmetry (Rodriguez Jr. Remix),7A,11A,1.6053,0.6858,,none,0,0
afterglow,37,60,Masala (Pablo Fierro Remix),Teardrops (Don't Stop The Music) (Original Mix),7A,5B,1.2173,0.4254,,none,0,0
afterglow,37,61,Masala (Pablo Fierro Remix),Tearing Me Up (Original Mix),7A,7A,1.4008,0.202,same,harmonic,1,1
afterglow,37,62,Masala (Pablo Fierro Remix),The Way You Move (Original Mix),7A,5A,0.0588,0.8373,,none,0,0
afterglow,37,63,Masala (Pablo Fierro Remix),There's Never Been (No One Like You)(P's Sunrise Edit),7A,10B,1.0588,0.4453,,none,0,0
afterglow,37,64,Masala (Pablo Fierro Remix),Touch (Four Tet Remix),7A,8B,1.0588,0.8137,,none,0,0
afterglow,37,65,Masala (Pablo Fierro Remix),Videotape (Original Mix),7A,12A,0.7837,0.7405,,none,0,0
afterglow,37,66,Masala (Pablo Fierro Remix),Walk The Line (Extended Mix),7A,9A,1.0588,0.7948,,none,0,0
afterglow,37,67,Masala (Pablo Fierro Remix),Walk The Line (Themba Extended Mix),7A,9A,0.9412,0.8401,,none,0,0
afterglow,37,68,Masala (Pablo Fierro Remix),We Are Child Of Love (The Mekanism Remix),7A,12A,1.637,0.4894,,none,0,0
afterglow,37,69,Masala (Pablo Fierro Remix),What Can I Do,7A,8A,1.4564,0.5754,adjacent,harmonic,0.7,1
afterglow,37,70,Masala (Pablo Fierro Remix),What I Might Do,7A,5A,0.612,0.8967,,none,0,0
afterglow,37,71,Masala (Pablo Fierro Remix),When Will I See You Again (Amtrac Remix),7A,5B,0.7903,0.844,,none,0,0
afterglow,37,72,Masala (Pablo Fierro Remix),Where the Subtle Meets Infinity (Original Mix),7A,1A,0.0588,0.4238,,none,0,0
afterglow,37,73,Masala (Pablo Fierro Remix),Wish We Could feat. Syon & Darla Jade (Extended Mix),7A,3A,1.6091,0.6777,,none,0,0
afterglow,38,39,Midas feat. Holly Walker (Ben Pearce Re-Edit),Never Sleep Again (Keinemusik Remix),8A,6A,1.1622,0.3859,,none,0,0
afterglow,38,40,Midas feat. Holly Walker (Ben Pearce Re-Edit),Neverender (Extended),8A,11A,1.0017,0.2011,,none,0,0
afterglow,38,41,Midas feat. Holly Walker (Ben Pearce Re-Edit),Night Blooming Jasmine (Original Mix),8A,4A,1.0458,0.231,,none,0,0
afterglow,38,42,Midas feat. Holly Walker (Ben Pearce Re-Edit),Night Blooming Jasmine (Rodriguez Jr. Remix),8A,4A,1.0017,0.203,,none,0,0
afterglow,38,43,Midas feat. Holly Walker (Ben Pearce Re-Edit),Ocean Drive (Extended Mix),8A,1A,1.0017,0.2211,,none,0,0
afterglow,38,44,Midas feat. Holly Walker (Ben Pearce Re-Edit),One Night/All Night (Original Mix),8A,4A,1.0017,0.2577,,none,0,0
afterglow,38,45,Midas feat. Holly Walker (Ben Pearce Re-Edit),Opal (Four Tet Remix),8A,8A,0.3265,0.5937,same,harmonic,1,1
afterglow,38,46,Midas feat. Holly Walker (Ben Pearce Re-Edit),Preach The World (Original Mix),8A,12A,0.544,0.3454,,none,0,0
afterglow,38,47,Midas feat. Holly Walker (Ben Pearce Re-Edit),Promiscuous [AV Edit],8A,3A,1.168,0.2538,,none,0,0
afterglow,38,48,Midas feat. Holly Walker (Ben Pearce Re-Edit),Regulate (feat. Nate Dogg),8A,9A,1.1107,0.4781,adjacent,harmonic,0.7,1
afterglow,38,49,Midas feat. Holly Walker (Ben Pearce Re-Edit),Saturday Night (Extended),8A,4A,1.0458,0.6913,,none,0,0
afterglow,38,50,Midas feat. Holly Walker (Ben Pearce Re-Edit),Sell My Heart (Kreative Nativez Remix),8A,11A,1.3732,0.5009,,none,0,0
afterglow,38,51,Midas feat. Holly Walker (Ben Pearce Re-Edit),Sing It Back (feat. Naila) (Original Mix),8A,12A,1.2024,0.6901,,none,0,0
afterglow,38,52,Midas feat. Holly Walker (Ben Pearce Re-Edit),Sing It Back (Herbert's Tasteful Dub),8A,2A,1.0458,0.2487,,none,0,0
afterglow,38,53,Midas feat. Holly Walker (Ben Pearce Re-Edit),Skin (Rinzen Remix),8A,8A,0,0.883,same,harmonic,1,1
afterglow,38,54,Midas feat. Holly Walker (Ben Pearce Re-Edit),Slow Down (James Cole Remix),8A,9A,1.1335,0.4263,adjacent,harmonic,0.7,1
afterglow,38,55,Midas feat. Holly Walker (Ben Pearce Re-Edit),So U Kno (Original Mix),8A,4A,0.1381,0.2152,,none,0,0
afterglow,38,56,Midas feat. Holly Walker (Ben Pearce Re-Edit),Sordid Affair (Maceo Plex Mix),8A,3A,1.1052,0.3394,,none,0,0
afterglow,38,57,Midas feat. Holly Walker (Ben Pearce Re-Edit),Stones Throw (Original Mix),8A,8A,1.0458,0.2421,same,harmonic,1,1
afterglow,38,58,Midas feat. Holly Walker (Ben Pearce Re-Edit),Sunset Drive (Extended Mix),8A,5A,0.1257,0.1915,,none,0,0
afterglow,38,59,Midas feat. Holly Walker (Ben Pearce Re-Edit),Symmetry (Rodriguez Jr. Remix),8A,11A,1.5695,0.3943,,none,0,0
afterglow,38,60,Midas feat. Holly Walker (Ben Pearce Re-Edit),Teardrops (Don't Stop The Music) (Original Mix),8A,5B,1.168,0.7556,,none,0,0
afterglow,38,61,Midas feat. Holly Walker (Ben Pearce Re-Edit),Tearing Me Up (Original Mix),8A,7A,1.406,0.765,adjacent,harmonic,0.7,1
afterglow,38,62,Midas feat. Holly Walker (Ben Pearce Re-Edit),The Way You Move (Original Mix),8A,5A,0.0588,0.1785,,none,0,0
afterglow,38,63,Midas feat. Holly Walker (Ben Pearce Re-Edit),There's Never Been (No One Like You)(P's Sunrise Edit),8A,10B,1.0017,0.6838,,none,0,0
afterglow,38,64,Midas feat. Holly Walker (Ben Pearce Re-Edit),Touch (Four Tet Remix),8A,8B,1.0017,0.2275,,none,0,0
afterglow,38,65,Midas feat. Holly Walker (Ben Pearce Re-Edit),Videotape (Original Mix),8A,12A,0.7452,0.4658,,none,0,0
afterglow,38,66,Midas feat. Holly Walker (Ben Pearce Re-Edit),Walk The Line (Extended Mix),8A,9A,1.0017,0.1814,adjacent,harmonic,0.7,1
afterglow,38,67,Midas feat. Holly Walker (Ben Pearce Re-Edit),Walk The Line (Themba Extended Mix),8A,9A,1.0017,0.2211,adjacent,harmonic,0.7,1
afterglow,38,68,Midas feat. Holly Walker (Ben Pearce Re-Edit),We Are Child Of Love (The Mekanism Remix),8A,12A,1.6007,0.3953,,none,0,0
afterglow,38,69,Midas feat. Holly Walker (Ben Pearce Re-Edit),What Can I Do,8A,8A,1.4564,0.4842,same,harmonic,1,1
afterglow,38,70,Midas feat. Holly Walker (Ben Pearce Re-Edit),What I Might Do,8A,5A,0.6063,0.2346,,none,0,0
afterglow,38,71,Midas feat. Holly Walker (Ben Pearce Re-Edit),When Will I See You Again (Amtrac Remix),8A,5B,0.7475,0.4401,,none,0,0
afterglow,38,72,Midas feat. Holly Walker (Ben Pearce Re-Edit),Where the Subtle Meets Infinity (Original Mix),8A,1A,0.0588,0.7061,,none,0,0
afterglow,38,73,Midas feat. Holly Walker (Ben Pearce Re-Edit),Wish We Could feat. Syon & Darla Jade (Extended Mix),8A,3A,1.5732,0.3789,,none,0,0
afterglow,39,40,Never Sleep Again (Keinemusik Remix),Neverender (Extended),6A,11A,2.0699,0.7034,,none,0,0
afterglow,39,41,Never Sleep Again (Keinemusik Remix),Night Blooming Jasmine (Original Mix),6A,4A,0.6121,0.7604,,none,0,0
afterglow,39,42,Never Sleep Again (Keinemusik Remix),Night Blooming Jasmine (Rodriguez Jr. Remix),6A,4A,0.5333,0.8198,,none,0,0
afterglow,39,43,Never Sleep Again (Keinemusik Remix),Ocean Drive (Extended Mix),6A,1A,0.5333,0.796,,none,0,0
afterglow,39,44,Never Sleep Again (Keinemusik Remix),One Night/All Night (Original Mix),6A,4A,0.5333,0.6892,,none,0,0
afterglow,39,45,Never Sleep Again (Keinemusik Remix),Opal (Four Tet Remix),6A,8A,1.1138,0.7715,,none,0,0
afterglow,39,46,Never Sleep Again (Keinemusik Remix),Preach The World (Original Mix),6A,12A,1.1267,0.9062,,none,0,0
afterglow,39,47,Never Sleep Again (Keinemusik Remix),Promiscuous [AV Edit],6A,3A,0.8032,0.7937,,none,0,0
afterglow,39,48,Never Sleep Again (Keinemusik Remix),Regulate (feat. Nate Dogg),6A,9A,1.0162,0.6297,,none,0,0
afterglow,39,49,Never Sleep Again (Keinemusik Remix),Saturday Night (Extended),6A,4A,0.6121,0.7511,,none,0,0
afterglow,39,50,Never Sleep Again (Keinemusik Remix),Sell My Heart (Kreative Nativez Remix),6A,11A,1.5333,0.6425,,none,0,0
afterglow,39,51,Never Sleep Again (Keinemusik Remix),Sing It Back (feat. Naila) (Original Mix),6A,12A,0.8042,0.756,,none,0,0
afterglow,39,52,Never Sleep Again (Keinemusik Remix),Sing It Back (Herbert's Tasteful Dub),6A,2A,0.6121,0.8188,,none,0,0
afterglow,39,53,Never Sleep Again (Keinemusik Remix),Skin (Rinzen Remix),6A,8A,1.1622,0.5405,,none,0,0
afterglow,39,54,Never Sleep Again (Keinemusik Remix),Slow Down (James Cole Remix),6A,9A,1.0761,0.8406,,none,0,0
afterglow,39,55,Never Sleep Again (Keinemusik Remix),So U Kno (Original Mix),6A,4A,1.245,0.5258,,none,0,0
afterglow,39,56,Never Sleep Again (Keinemusik Remix),Sordid Affair (Maceo Plex Mix),6A,3A,0.1216,0.9892,,none,0,0
afterglow,39,57,Never Sleep Again (Keinemusik Remix),Stones Throw (Original Mix),6A,8A,0.6121,0.7278,,none,0,0
afterglow,39,58,Never Sleep Again (Keinemusik Remix),Sunset Drive (Extended Mix),6A,5A,1.2325,0.7118,adjacent,harmonic,0.7,1
afterglow,39,59,Never Sleep Again (Keinemusik Remix),Symmetry (Rodriguez Jr. Remix),6A,11A,0.4679,0.8544,,none,0,0
afterglow,39,60,Never Sleep Again (Keinemusik Remix),Teardrops (Don't Stop The Music) (Original Mix),6A,5B,0.8032,0.5686,,none,0,0
afterglow,39,61,Never Sleep Again (Keinemusik Remix),Tearing Me Up (Original Mix),6A,7A,0.5688,0.4198,adjacent,harmonic,0.7,1
afterglow,39,62,Never Sleep Again (Keinemusik Remix),The Way You Move (Original Mix),6A,5A,1.1333,0.6587,adjacent,harmonic,0.7,1
afterglow,39,63,Never Sleep Again (Keinemusik Remix),There's Never Been (No One Like You)(P's Sunrise Edit),6A,10B,0.5333,0.599,,none,0,0
afterglow,39,64,Never Sleep Again (Keinemusik Remix),Touch (Four Tet Remix),6A,8B,0.5333,0.8249,,none,0,0
afterglow,39,65,Never Sleep Again (Keinemusik Remix),Videotape (Original Mix),6A,12A,1.5584,0.5474,,none,0,0
afterglow,39,66,Never Sleep Again (Keinemusik Remix),Walk The Line (Extended Mix),6A,9A,0.5333,0.8048,,none,0,0
afterglow,39,67,Never Sleep Again (Keinemusik Remix),Walk The Line (Themba Extended Mix),6A,9A,2.0699,0.5913,,none,0,0
afterglow,39,68,Never Sleep Again (Keinemusik Remix),We Are Child Of Love (The Mekanism Remix),6A,12A,0.5011,0.6508,,none,0,0
afterglow,39,69,Never Sleep Again (Keinemusik Remix),What Can I Do,6A,8A,0.4667,0.8219,,none,0,0
afterglow,39,70,Never Sleep Again (Keinemusik Remix),What I Might Do,6A,5A,1.2373,0.7313,adjacent,harmonic,0.7,1
afterglow,39,71,Never Sleep Again (Keinemusik Remix),When Will I See You Again (Amtrac Remix),6A,5B,1.5213,0.6887,,none,0,0
afterglow,39,72,Never Sleep Again (Keinemusik Remix),Where the Subtle Meets Infinity (Original Mix),6A,1A,1.1333,0.5812,,none,0,0
afterglow,39,73,Never Sleep Again (Keinemusik Remix),Wish We Could feat. Syon & Darla Jade (Extended Mix),6A,3A,0.4718,0.843,,none,0,0
afterglow,40,41,Neverender (Extended),Night Blooming Jasmine (Original Mix),11A,4A,2.0224,0.6191,,none,0,0
afterglow,40,42,Neverender (Extended),Night Blooming Jasmine (Rodriguez Jr. Remix),11A,4A,2,0.664,,none,0,0
afterglow,40,43,Neverender (Extended),Ocean Drive (Extended Mix),11A,1A,2,0.643,,none,0,0
afterglow,40,44,Neverender (Extended),One Night/All Night (Original Mix),11A,4A,2,0.5008,,none,0,0
afterglow,40,45,Neverender (Extended),Opal (Four Tet Remix),11A,8A,1.1676,0.6579,,none,0,0
afterglow,40,46,Neverender (Extended),Preach The World (Original Mix),11A,12A,0.9935,0.8797,adjacent,harmonic,0.7,1
afterglow,40,47,Neverender (Extended),Promiscuous [AV Edit],11A,3A,2.0882,0.6368,,none,0,0
afterglow,40,48,Neverender (Extended),Regulate (feat. Nate Dogg),11A,9A,2.0692,0.4649,,none,0,0
afterglow,40,49,Neverender (Extended),Saturday Night (Extended),11A,4A,2.0224,0.3795,,none,0,0
afterglow,40,50,Neverender (Extended),Sell My Heart (Kreative Nativez Remix),11A,11A,2.2361,0.4296,same,harmonic,1,1
afterglow,40,51,Neverender (Extended),Sing It Back (feat. Naila) (Original Mix),11A,12A,2.1266,0.4875,adjacent,harmonic,0.7,1
afterglow,40,52,Neverender (Extended),Sing It Back (Herbert's Tasteful Dub),11A,2A,2.0224,0.6667,,none,0,0
afterglow,40,53,Neverender (Extended),Skin (Rinzen Remix),11A,8A,1.0017,0.3908,,none,0,0
afterglow,40,54,Neverender (Extended),Slow Down (James Cole Remix),11A,9A,2.0833,0.711,,none,0,0
afterglow,40,55,Neverender (Extended),So U Kno (Original Mix),11A,4A,0.875,0.6519,,none,0,0
afterglow,40,56,Neverender (Extended),Sordid Affair (Maceo Plex Mix),11A,3A,2.0419,0.7254,,none,0,0
afterglow,40,57,Neverender (Extended),Stones Throw (Original Mix),11A,8A,2.0224,0.6028,,none,0,0
afterglow,40,58,Neverender (Extended),Sunset Drive (Extended Mix),11A,5A,0.8889,0.8343,,none,0,0
afterglow,40,59,Neverender (Extended),Symmetry (Rodriguez Jr. Remix),11A,11A,2.5168,0.5734,same,harmonic,1,1
afterglow,40,60,Neverender (Extended),Teardrops (Don't Stop The Music) (Original Mix),11A,5B,2.0882,0.331,,none,0,0
afterglow,40,61,Neverender (Extended),Tearing Me Up (Original Mix),11A,7A,2.1461,0.2188,,none,0,0
afterglow,40,62,Neverender (Extended),The Way You Move (Original Mix),11A,5A,1,0.7344,,none,0,0
afterglow,40,63,Neverender (Extended),There's Never Been (No One Like You)(P's Sunrise Edit),11A,10B,2,0.4821,,none,0,0
afterglow,40,64,Neverender (Extended),Touch (Four Tet Remix),11A,8B,2,0.6616,,none,0,0
afterglow,40,65,Neverender (Extended),Videotape (Original Mix),11A,12A,1.2691,0.6125,adjacent,harmonic,0.7,1
afterglow,40,66,Neverender (Extended),Walk The Line (Extended Mix),11A,9A,2,0.6856,,none,0,0
afterglow,40,67,Neverender (Extended),Walk The Line (Themba Extended Mix),11A,9A,0,0.9097,,none,0,0
afterglow,40,68,Neverender (Extended),We Are Child Of Love (The Mekanism Remix),11A,12A,2.5495,0.3603,adjacent,harmonic,0.7,1
afterglow,40,69,Neverender (Extended),What Can I Do,11A,8A,2.2361,0.4153,,none,0,0
afterglow,40,70,Neverender (Extended),What I Might Do,11A,5A,1.2173,0.7898,,none,0,0
afterglow,40,71,Neverender (Extended),When Will I See You Again (Amtrac Remix),11A,5B,1.316,0.7351,,none,0,0
afterglow,40,72,Neverender (Extended),Where the Subtle Meets Infinity (Original Mix),11A,1A,1,0.4589,,none,0,0
afterglow,40,73,Neverender (Extended),Wish We Could feat. Syon & Darla Jade (Extended Mix),11A,3A,2.5207,0.551,,none,0,0
afterglow,41,42,Night Blooming Jasmine (Original Mix),Night Blooming Jasmine (Rodriguez Jr. Remix),4A,4A,0.3003,0.9223,same,harmonic,1,1
afterglow,41,43,Night Blooming Jasmine (Original Mix),Ocean Drive (Extended Mix),4A,1A,0.3003,0.7078,,none,0,0
afterglow,41,44,Night Blooming Jasmine (Original Mix),One Night/All Night (Original Mix),4A,4A,0.3003,0.825,same,harmonic,1,1
afterglow,41,45,Night Blooming Jasmine (Original Mix),Opal (Four Tet Remix),4A,8A,0.8793,0.7189,,none,0,0
afterglow,41,46,Night Blooming Jasmine (Original Mix),Preach The World (Original Mix),4A,12A,1.2559,0.6995,,none,0,0
afterglow,41,47,Night Blooming Jasmine (Original Mix),Promiscuous [AV Edit],4A,3A,0.3003,0.75,adjacent,harmonic,0.7,1
afterglow,41,48,Night Blooming Jasmine (Original Mix),Regulate (feat. Nate Dogg),4A,9A,0.4375,0.7537,,none,0,0
afterglow,41,49,Night Blooming Jasmine (Original Mix),Saturday Night (Extended),4A,4A,0,0.6081,same,harmonic,1,1
afterglow,41,50,Night Blooming Jasmine (Original Mix),Sell My Heart (Kreative Nativez Remix),4A,11A,1.0441,0.6806,,none,0,0
afterglow,41,51,Night Blooming Jasmine (Original Mix),Sing It Back (feat. Naila) (Original Mix),4A,12A,0.303,0.7021,,none,0,0
afterglow,41,52,Night Blooming Jasmine (Original Mix),Sing It Back (Herbert's Tasteful Dub),4A,2A,0,0.9286,,none,0,0
afterglow,41,53,Night Blooming Jasmine (Original Mix),Skin (Rinzen Remix),4A,8A,1.0458,0.3962,,none,0,0
afterglow,41,54,Night Blooming Jasmine (Original Mix),Slow Down (James Cole Remix),4A,9A,0.5,0.7725,,none,0,0
afterglow,41,55,Night Blooming Jasmine (Original Mix),So U Kno (Original Mix),4A,4A,1.1644,0.636,same,harmonic,1,1
afterglow,41,56,Night Blooming Jasmine (Original Mix),Sordid Affair (Maceo Plex Mix),4A,3A,0.5096,0.8024,adjacent,harmonic,0.7,1
afterglow,41,57,Night Blooming Jasmine (Original Mix),Stones Throw (Original Mix),4A,8A,0,0.689,,none,0,0
afterglow,41,58,Night Blooming Jasmine (Original Mix),Sunset Drive (Extended Mix),4A,5A,1.151,0.7993,adjacent,harmonic,0.7,1
afterglow,41,59,Night Blooming Jasmine (Original Mix),Symmetry (Rodriguez Jr. Remix),4A,11A,0.747,0.7769,,none,0,0
afterglow,41,60,Night Blooming Jasmine (Original Mix),Teardrops (Don't Stop The Music) (Original Mix),4A,5B,0.3003,0.6262,,none,0,0
afterglow,41,61,Night Blooming Jasmine (Original Mix),Tearing Me Up (Original Mix),4A,7A,1.0078,0.2512,,none,0,0
afterglow,41,62,Night Blooming Jasmine (Original Mix),The Way You Move (Original Mix),4A,5A,1.0441,0.5934,adjacent,harmonic,0.7,1
afterglow,41,63,Night Blooming Jasmine (Original Mix),There's Never Been (No One Like You)(P's Sunrise Edit),4A,10B,0.3003,0.3266,,none,0,0
afterglow,41,64,Night Blooming Jasmine (Original Mix),Touch (Four Tet Remix),4A,8B,0.3003,0.9243,,none,0,0
afterglow,41,65,Night Blooming Jasmine (Original Mix),Videotape (Original Mix),4A,12A,1.1577,0.6522,,none,0,0
afterglow,41,66,Night Blooming Jasmine (Original Mix),Walk The Line (Extended Mix),4A,9A,0.3003,0.8985,,none,0,0
afterglow,41,67,Night Blooming Jasmine (Original Mix),Walk The Line (Themba Extended Mix),4A,9A,2.0224,0.6806,,none,0,0
afterglow,41,68,Night Blooming Jasmine (Original Mix),We Are Child Of Love (The Mekanism Remix),4A,12A,0.7682,0.7357,,none,0,0
afterglow,41,69,Night Blooming Jasmine (Original Mix),What Can I Do,4A,8A,1.0441,0.477,,none,0,0
afterglow,41,70,Night Blooming Jasmine (Original Mix),What I Might Do,4A,5A,0.9879,0.6702,adjacent,harmonic,0.7,1
afterglow,41,71,Night Blooming Jasmine (Original Mix),When Will I See You Again (Amtrac Remix),4A,5B,1.1072,0.7783,,none,0,0
afterglow,41,72,Night Blooming Jasmine (Original Mix),Where the Subtle Meets Infinity (Original Mix),4A,1A,1.0441,0.4497,,none,0,0
afterglow,41,73,Night Blooming Jasmine (Original Mix),Wish We Could feat. Syon & Darla Jade (Extended Mix),4A,3A,0.7494,0.7699,adjacent,harmonic,0.7,1
afterglow,42,43,Night Blooming Jasmine (Rodriguez Jr. Remix),Ocean Drive (Extended Mix),4A,1A,0,0.7299,,none,0,0
afterglow,42,44,Night Blooming Jasmine (Rodriguez Jr. Remix),One Night/All Night (Original Mix),4A,4A,0,0.8507,same,harmonic,1,1
afterglow,42,45,Night Blooming Jasmine (Rodriguez Jr. Remix),Opal (Four Tet Remix),4A,8A,0.9292,0.7675,,none,0,0
afterglow,42,46,Night Blooming Jasmine (Rodriguez Jr. Remix),Preach The World (Original Mix),4A,12A,1.2195,0.7572,,none,0,0
afterglow,42,47,Night Blooming Jasmine (Rodriguez Jr. Remix),Promiscuous [AV Edit],4A,3A,0.6006,0.7692,adjacent,harmonic,0.7,1
afterglow,42,48,Night Blooming Jasmine (Rodriguez Jr. Remix),Regulate (feat. Nate Dogg),4A,9A,0.5306,0.773,,none,0,0
afterglow,42,49,Night Blooming Jasmine (Rodriguez Jr. Remix),Saturday Night (Extended),4A,4A,0.3003,0.6439,same,harmonic,1,1
afterglow,42,50,Night Blooming Jasmine (Rodriguez Jr. Remix),Sell My Heart (Kreative Nativez Remix),4A,11A,1,0.7299,,none,0,0
afterglow,42,51,Night Blooming Jasmine (Rodriguez Jr. Remix),Sing It Back (feat. Naila) (Original Mix),4A,12A,0.6019,0.7471,,none,0,0
afterglow,42,52,Night Blooming Jasmine (Rodriguez Jr. Remix),Sing It Back (Herbert's Tasteful Dub),4A,2A,0.3003,0.9932,,none,0,0
afterglow,42,53,Night Blooming Jasmine (Rodriguez Jr. Remix),Skin (Rinzen Remix),4A,8A,1.0017,0.4191,,none,0,0
afterglow,42,54,Night Blooming Jasmine (Rodriguez Jr. Remix),Slow Down (James Cole Remix),4A,9A,0.5832,0.8255,,none,0,0
afterglow,42,55,Night Blooming Jasmine (Rodriguez Jr. Remix),So U Kno (Original Mix),4A,4A,1.125,0.6523,same,harmonic,1,1
afterglow,42,56,Night Blooming Jasmine (Rodriguez Jr. Remix),Sordid Affair (Maceo Plex Mix),4A,3A,0.4118,0.867,adjacent,harmonic,0.7,1
afterglow,42,57,Night Blooming Jasmine (Rodriguez Jr. Remix),Stones Throw (Original Mix),4A,8A,0.3003,0.7047,,none,0,0
afterglow,42,58,Night Blooming Jasmine (Rodriguez Jr. Remix),Sunset Drive (Extended Mix),4A,5A,1.1111,0.8656,adjacent,harmonic,0.7,1
afterglow,42,59,Night Blooming Jasmine (Rodriguez Jr. Remix),Symmetry (Rodriguez Jr. Remix),4A,11A,0.6839,0.8377,,none,0,0
afterglow,42,60,Night Blooming Jasmine (Rodriguez Jr. Remix),Teardrops (Don't Stop The Music) (Original Mix),4A,5B,0.6006,0.5141,,none,0,0
afterglow,42,61,Night Blooming Jasmine (Rodriguez Jr. Remix),Tearing Me Up (Original Mix),4A,7A,1.0516,0.2208,,none,0,0
afterglow,42,62,Night Blooming Jasmine (Rodriguez Jr. Remix),The Way You Move (Original Mix),4A,5A,1,0.6134,adjacent,harmonic,0.7,1
afterglow,42,63,Night Blooming Jasmine (Rodriguez Jr. Remix),There's Never Been (No One Like You)(P's Sunrise Edit),4A,10B,0,0.3454,,none,0,0
afterglow,42,64,Night Blooming Jasmine (Rodriguez Jr. Remix),Touch (Four Tet Remix),4A,8B,0,0.9972,,none,0,0
afterglow,42,65,Night Blooming Jasmine (Rodriguez Jr. Remix),Videotape (Original Mix),4A,12A,1.2691,0.6635,,none,0,0
afterglow,42,66,Night Blooming Jasmine (Rodriguez Jr. Remix),Walk The Line (Extended Mix),4A,9A,0,0.8198,,none,0,0
afterglow,42,67,Night Blooming Jasmine (Rodriguez Jr. Remix),Walk The Line (Themba Extended Mix),4A,9A,2,0.7299,,none,0,0
afterglow,42,68,Night Blooming Jasmine (Rodriguez Jr. Remix),We Are Child Of Love (The Mekanism Remix),4A,12A,0.7071,0.5991,,none,0,0
afterglow,42,69,Night Blooming Jasmine (Rodriguez Jr. Remix),What Can I Do,4A,8A,1,0.4717,,none,0,0
afterglow,42,70,Night Blooming Jasmine (Rodriguez Jr. Remix),What I Might Do,4A,5A,1.1165,0.6857,adjacent,harmonic,0.7,1
afterglow,42,71,Night Blooming Jasmine (Rodriguez Jr. Remix),When Will I See You Again (Amtrac Remix),4A,5B,1.2233,0.8274,,none,0,0
afterglow,42,72,Night Blooming Jasmine (Rodriguez Jr. Remix),Where the Subtle Meets Infinity (Original Mix),4A,1A,1,0.3336,,none,0,0
afterglow,42,73,Night Blooming Jasmine (Rodriguez Jr. Remix),Wish We Could feat. Syon & Darla Jade (Extended Mix),4A,3A,0.6866,0.8306,adjacent,harmonic,0.7,1
afterglow,43,44,Ocean Drive (Extended Mix),One Night/All Night (Original Mix),1A,4A,0,0.858,,none,0,0
afterglow,43,45,Ocean Drive (Extended Mix),Opal (Four Tet Remix),1A,8A,0.9292,0.5786,,none,0,0
afterglow,43,46,Ocean Drive (Extended Mix),Preach The World (Original Mix),1A,12A,1.2195,0.7125,adjacent,harmonic,0.7,1
afterglow,43,47,Ocean Drive (Extended Mix),Promiscuous [AV Edit],1A,3A,0.6006,0.9932,,none,0,0
afterglow,43,48,Ocean Drive (Extended Mix),Regulate (feat. Nate Dogg),1A,9A,0.5306,0.7815,,none,0,0
afterglow,43,49,Ocean Drive (Extended Mix),Saturday Night (Extended),1A,4A,0.3003,0.4433,,none,0,0
afterglow,43,50,Ocean Drive (Extended Mix),Sell My Heart (Kreative Nativez Remix),1A,11A,1,0.4723,,none,0,0
afterglow,43,51,Ocean Drive (Extended Mix),Sing It Back (feat. Naila) (Original Mix),1A,12A,0.6019,0.579,adjacent,harmonic,0.7,1
afterglow,43,52,Ocean Drive (Extended Mix),Sing It Back (Herbert's Tasteful Dub),1A,2A,0.3003,0.7622,adjacent,harmonic,0.7,1
afterglow,43,53,Ocean Drive (Extended Mix),Skin (Rinzen Remix),1A,8A,1.0017,0.1896,,none,0,0
afterglow,43,54,Ocean Drive (Extended Mix),Slow Down (James Cole Remix),1A,9A,0.5832,0.8291,,none,0,0
afterglow,43,55,Ocean Drive (Extended Mix),So U Kno (Original Mix),1A,4A,1.125,0.6595,,none,0,0
afterglow,43,56,Ocean Drive (Extended Mix),Sordid Affair (Maceo Plex Mix),1A,3A,0.4118,0.8427,,none,0,0
afterglow,43,57,Ocean Drive (Extended Mix),Stones Throw (Original Mix),1A,8A,0.3003,0.9132,,none,0,0
afterglow,43,58,Ocean Drive (Extended Mix),Sunset Drive (Extended Mix),1A,5A,1.1111,0.6124,,none,0,0
afterglow,43,59,Ocean Drive (Extended Mix),Symmetry (Rodriguez Jr. Remix),1A,11A,0.6839,0.6042,,none,0,0
afterglow,43,60,Ocean Drive (Extended Mix),Teardrops (Don't Stop The Music) (Original Mix),1A,5B,0.6006,0.5242,,none,0,0
afterglow,43,61,Ocean Drive (Extended Mix),Tearing Me Up (Original Mix),1A,7A,1.0516,0.2405,,none,0,0
afterglow,43,62,Ocean Drive (Extended Mix),The Way You Move (Original Mix),1A,5A,1,0.831,,none,0,0
afterglow,43,63,Ocean Drive (Extended Mix),There's Never Been (No One Like You)(P's Sunrise Edit),1A,10B,0,0.3542,,none,0,0
afterglow,43,64,Ocean Drive (Extended Mix),Touch (Four Tet Remix),1A,8B,0,0.7273,,none,0,0
afterglow,43,65,Ocean Drive (Extended Mix),Videotape (Original Mix),1A,12A,1.2691,0.6734,adjacent,harmonic,0.7,1
afterglow,43,66,Ocean Drive (Extended Mix),Walk The Line (Extended Mix),1A,9A,0,0.7724,,none,0,0
afterglow,43,67,Ocean Drive (Extended Mix),Walk The Line (Themba Extended Mix),1A,9A,2,0.4723,,none,0,0
afterglow,43,68,Ocean Drive (Extended Mix),We Are Child Of Love (The Mekanism Remix),1A,12A,0.7071,0.6058,adjacent,harmonic,0.7,1
afterglow,43,69,Ocean Drive (Extended Mix),What Can I Do,1A,8A,1,0.7419,,none,0,0
afterglow,43,70,Ocean Drive (Extended Mix),What I Might Do,1A,5A,1.1165,0.918,,none,0,0
afterglow,43,71,Ocean Drive (Extended Mix),When Will I See You Again (Amtrac Remix),1A,5B,1.2233,0.6361,,none,0,0
afterglow,43,72,Ocean Drive (Extended Mix),Where the Subtle Meets Infinity (Original Mix),1A,1A,1,0.343,same,harmonic,1,1
afterglow,43,73,Ocean Drive (Extended Mix),Wish We Could feat. Syon & Darla Jade (Extended Mix),1A,3A,0.6866,0.6058,,none,0,0
afterglow,44,45,One Night/All Night (Original Mix),Opal (Four Tet Remix),4A,8A,0.9292,0.6743,,none,0,0
afterglow,44,46,One Night/All Night (Original Mix),Preach The World (Original Mix),4A,12A,1.2195,0.6169,,none,0,0
afterglow,44,47,One Night/All Night (Original Mix),Promiscuous [AV Edit],4A,3A,0.6006,0.9065,adjacent,harmonic,0.7,1
afterglow,44,48,One Night/All Night (Original Mix),Regulate (feat. Nate Dogg),4A,9A,0.5306,0.9109,,none,0,0
afterglow,44,49,One Night/All Night (Original Mix),Saturday Night (Extended),4A,4A,0.3003,0.5167,same,harmonic,1,1
afterglow,44,50,One Night/All Night (Original Mix),Sell My Heart (Kreative Nativez Remix),4A,11A,1,0.5505,,none,0,0
afterglow,44,51,One Night/All Night (Original Mix),Sing It Back (feat. Naila) (Original Mix),4A,12A,0.6019,0.6748,,none,0,0
afterglow,44,52,One Night/All Night (Original Mix),Sing It Back (Herbert's Tasteful Dub),4A,2A,0.3003,0.8884,,none,0,0
afterglow,44,53,One Night/All Night (Original Mix),Skin (Rinzen Remix),4A,8A,1.0017,0.221,,none,0,0
afterglow,44,54,One Night/All Night (Original Mix),Slow Down (James Cole Remix),4A,9A,0.5832,0.732,,none,0,0
afterglow,44,55,One Night/All Night (Original Mix),So U Kno (Original Mix),4A,4A,1.125,0.7687,same,harmonic,1,1
afterglow,44,56,One Night/All Night (Original Mix),Sordid Affair (Maceo Plex Mix),4A,3A,0.4118,0.7584,adjacent,harmonic,0.7,1
afterglow,44,57,One Night/All Night (Original Mix),Stones Throw (Original Mix),4A,8A,0.3003,0.8315,,none,0,0
afterglow,44,58,One Night/All Night (Original Mix),Sunset Drive (Extended Mix),4A,5A,1.1111,0.7137,adjacent,harmonic,0.7,1
afterglow,44,59,One Night/All Night (Original Mix),Symmetry (Rodriguez Jr. Remix),4A,11A,0.6839,0.7042,,none,0,0
afterglow,44,60,One Night/All Night (Original Mix),Teardrops (Don't Stop The Music) (Original Mix),4A,5B,0.6006,0.611,,none,0,0
afterglow,44,61,One Night/All Night (Original Mix),Tearing Me Up (Original Mix),4A,7A,1.0516,0.2803,,none,0,0
afterglow,44,62,One Night/All Night (Original Mix),The Way You Move (Original Mix),4A,5A,1,0.7203,adjacent,harmonic,0.7,1
afterglow,44,63,One Night/All Night (Original Mix),There's Never Been (No One Like You)(P's Sunrise Edit),4A,10B,0,0.1822,,none,0,0
afterglow,44,64,One Night/All Night (Original Mix),Touch (Four Tet Remix),4A,8B,0,0.8476,,none,0,0
afterglow,44,65,One Night/All Night (Original Mix),Videotape (Original Mix),4A,12A,1.2691,0.7848,,none,0,0
afterglow,44,66,One Night/All Night (Original Mix),Walk The Line (Extended Mix),4A,9A,0,0.704,,none,0,0
afterglow,44,67,One Night/All Night (Original Mix),Walk The Line (Themba Extended Mix),4A,9A,2,0.5505,,none,0,0
afterglow,44,68,One Night/All Night (Original Mix),We Are Child Of Love (The Mekanism Remix),4A,12A,0.7071,0.7061,,none,0,0
afterglow,44,69,One Night/All Night (Original Mix),What Can I Do,4A,8A,1,0.5654,,none,0,0
afterglow,44,70,One Night/All Night (Original Mix),What I Might Do,4A,5A,1.1165,0.8089,adjacent,harmonic,0.7,1
afterglow,44,71,One Night/All Night (Original Mix),When Will I See You Again (Amtrac Remix),4A,5B,1.2233,0.7414,,none,0,0
afterglow,44,72,One Night/All Night (Original Mix),Where the Subtle Meets Infinity (Original Mix),4A,1A,1,0.1881,,none,0,0
afterglow,44,73,One Night/All Night (Original Mix),Wish We Could feat. Syon & Darla Jade (Extended Mix),4A,3A,0.6866,0.706,adjacent,harmonic,0.7,1
afterglow,45,46,Opal (Four Tet Remix),Preach The World (Original Mix),8A,12A,0.6808,0.8308,,none,0,0
afterglow,45,47,Opal (Four Tet Remix),Promiscuous [AV Edit],8A,3A,0.9292,0.615,,none,0,0
afterglow,45,48,Opal (Four Tet Remix),Regulate (feat. Nate Dogg),8A,9A,0.9426,0.791,adjacent,harmonic,0.7,1
afterglow,45,49,Opal (Four Tet Remix),Saturday Night (Extended),8A,4A,0.8793,0.8816,,none,0,0
afterglow,45,50,Opal (Four Tet Remix),Sell My Heart (Kreative Nativez Remix),8A,11A,1.2998,0.8196,,none,0,0
afterglow,45,51,Opal (Four Tet Remix),Sing It Back (feat. Naila) (Original Mix),8A,12A,0.9669,0.8421,,none,0,0
afterglow,45,52,Opal (Four Tet Remix),Sing It Back (Herbert's Tasteful Dub),8A,2A,0.8793,0.7741,,none,0,0
afterglow,45,53,Opal (Four Tet Remix),Skin (Rinzen Remix),8A,8A,0.3265,0.6847,same,harmonic,1,1
afterglow,45,54,Opal (Four Tet Remix),Slow Down (James Cole Remix),8A,9A,0.9676,0.8126,adjacent,harmonic,0.7,1
afterglow,45,55,Opal (Four Tet Remix),So U Kno (Original Mix),8A,4A,0.4003,0.6805,,none,0,0
afterglow,45,56,Opal (Four Tet Remix),Sordid Affair (Maceo Plex Mix),8A,3A,1.051,0.7741,,none,0,0
afterglow,45,57,Opal (Four Tet Remix),Stones Throw (Original Mix),8A,8A,0.8793,0.5632,same,harmonic,1,1
afterglow,45,58,Opal (Four Tet Remix),Sunset Drive (Extended Mix),8A,5A,0.3918,0.8285,,none,0,0
afterglow,45,59,Opal (Four Tet Remix),Symmetry (Rodriguez Jr. Remix),8A,11A,1.4949,0.7835,,none,0,0
afterglow,45,60,Opal (Four Tet Remix),Teardrops (Don't Stop The Music) (Original Mix),8A,5B,0.9292,0.6906,,none,0,0
afterglow,45,61,Opal (Four Tet Remix),Tearing Me Up (Original Mix),8A,7A,1.3206,0.3955,adjacent,harmonic,0.7,1
afterglow,45,62,Opal (Four Tet Remix),The Way You Move (Original Mix),8A,5A,0.3367,0.6185,,none,0,0
afterglow,45,63,Opal (Four Tet Remix),There's Never Been (No One Like You)(P's Sunrise Edit),8A,10B,0.9292,0.5463,,none,0,0
afterglow,45,64,Opal (Four Tet Remix),Touch (Four Tet Remix),8A,8B,0.9292,0.7744,,none,0,0
afterglow,45,65,Opal (Four Tet Remix),Videotape (Original Mix),8A,12A,0.5257,0.8603,,none,0,0
afterglow,45,66,Opal (Four Tet Remix),Walk The Line (Extended Mix),8A,9A,0.9292,0.633,adjacent,harmonic,0.7,1
afterglow,45,67,Opal (Four Tet Remix),Walk The Line (Themba Extended Mix),8A,9A,1.1676,0.7232,adjacent,harmonic,0.7,1
afterglow,45,68,Opal (Four Tet Remix),We Are Child Of Love (The Mekanism Remix),8A,12A,1.5249,0.6131,,none,0,0
afterglow,45,69,Opal (Four Tet Remix),What Can I Do,8A,8A,1.4273,0.5867,same,harmonic,1,1
afterglow,45,70,Opal (Four Tet Remix),What I Might Do,8A,5A,0.3196,0.6753,,none,0,0
afterglow,45,71,Opal (Four Tet Remix),When Will I See You Again (Amtrac Remix),8A,5B,0.5149,0.9407,,none,0,0
afterglow,45,72,Opal (Four Tet Remix),Where the Subtle Meets Infinity (Original Mix),8A,1A,0.3367,0.5476,,none,0,0
afterglow,45,73,Opal (Four Tet Remix),Wish We Could feat. Syon & Darla Jade (Extended Mix),8A,3A,1.4984,0.7736,,none,0,0
afterglow,46,47,Preach The World (Original Mix),Promiscuous [AV Edit],12A,3A,1.3593,0.7105,,none,0,0
afterglow,46,48,Preach The World (Original Mix),Regulate (feat. Nate Dogg),12A,9A,1.4766,0.5636,,none,0,0
afterglow,46,49,Preach The World (Original Mix),Saturday Night (Extended),12A,4A,1.2559,0.6497,,none,0,0
afterglow,46,50,Preach The World (Original Mix),Sell My Heart (Kreative Nativez Remix),12A,11A,1.8516,0.5522,adjacent,harmonic,0.7,1
afterglow,46,51,Preach The World (Original Mix),Sing It Back (feat. Naila) (Original Mix),12A,12A,1.3926,0.6841,same,harmonic,1,1
afterglow,46,52,Preach The World (Original Mix),Sing It Back (Herbert's Tasteful Dub),12A,2A,1.2559,0.7532,,none,0,0
afterglow,46,53,Preach The World (Original Mix),Skin (Rinzen Remix),12A,8A,0.544,0.5046,,none,0,0
afterglow,46,54,Preach The World (Original Mix),Slow Down (James Cole Remix),12A,9A,1.5159,0.7655,,none,0,0
afterglow,46,55,Preach The World (Original Mix),So U Kno (Original Mix),12A,4A,0.4706,0.6812,,none,0,0
afterglow,46,56,Preach The World (Original Mix),Sordid Affair (Maceo Plex Mix),12A,3A,1.1265,0.9042,,none,0,0
afterglow,46,57,Preach The World (Original Mix),Stones Throw (Original Mix),12A,8A,1.2559,0.6564,,none,0,0
afterglow,46,58,Preach The World (Original Mix),Sunset Drive (Extended Mix),12A,5A,0.4708,0.862,,none,0,0
afterglow,46,59,Preach The World (Original Mix),Symmetry (Rodriguez Jr. Remix),12A,11A,1.5919,0.7852,adjacent,harmonic,0.7,1
afterglow,46,60,Preach The World (Original Mix),Teardrops (Don't Stop The Music) (Original Mix),12A,5B,1.3593,0.5089,,none,0,0
afterglow,46,61,Preach The World (Original Mix),Tearing Me Up (Original Mix),12A,7A,1.1707,0.3757,,none,0,0
afterglow,46,62,Preach The World (Original Mix),The Way You Move (Original Mix),12A,5A,0.4869,0.7602,,none,0,0
afterglow,46,63,Preach The World (Original Mix),There's Never Been (No One Like You)(P's Sunrise Edit),12A,10B,1.2195,0.5534,,none,0,0
afterglow,46,64,Preach The World (Original Mix),Touch (Four Tet Remix),12A,8B,1.2195,0.7567,,none,0,0
afterglow,46,65,Preach The World (Original Mix),Videotape (Original Mix),12A,12A,1.1482,0.6683,same,harmonic,1,1
afterglow,46,66,Preach The World (Original Mix),Walk The Line (Extended Mix),12A,9A,1.2195,0.7392,,none,0,0
afterglow,46,67,Preach The World (Original Mix),Walk The Line (Themba Extended Mix),12A,9A,0.9935,0.8041,,none,0,0
afterglow,46,68,Preach The World (Original Mix),We Are Child Of Love (The Mekanism Remix),12A,12A,1.6253,0.5825,same,harmonic,1,1
afterglow,46,69,Preach The World (Original Mix),What Can I Do,12A,8A,1.2433,0.6911,,none,0,0
afterglow,46,70,Preach The World (Original Mix),What I Might Do,12A,5A,0.7848,0.8144,,none,0,0
afterglow,46,71,Preach The World (Original Mix),When Will I See You Again (Amtrac Remix),12A,5B,1.1561,0.7828,,none,0,0
afterglow,46,72,Preach The World (Original Mix),Where the Subtle Meets Infinity (Original Mix),12A,1A,0.4869,0.536,adjacent,harmonic,0.7,1
afterglow,46,73,Preach The World (Original Mix),Wish We Could feat. Syon & Darla Jade (Extended Mix),12A,3A,1.5959,0.7698,,none,0,0
afterglow,47,48,Promiscuous [AV Edit],Regulate (feat. Nate Dogg),3A,9A,0.5306,0.8282,,none,0,0
afterglow,47,49,Promiscuous [AV Edit],Saturday Night (Extended),3A,4A,0.3003,0.479,adjacent,harmonic,0.7,1
afterglow,47,50,Promiscuous [AV Edit],Sell My Heart (Kreative Nativez Remix),3A,11A,1.1665,0.5085,,none,0,0
afterglow,47,51,Promiscuous [AV Edit],Sing It Back (feat. Naila) (Original Mix),3A,12A,0.04,0.6152,,none,0,0
afterglow,47,52,Promiscuous [AV Edit],Sing It Back (Herbert's Tasteful Dub),3A,2A,0.3003,0.8077,adjacent,harmonic,0.7,1
afterglow,47,53,Promiscuous [AV Edit],Skin (Rinzen Remix),3A,8A,1.168,0.2177,,none,0,0
afterglow,47,54,Promiscuous [AV Edit],Slow Down (James Cole Remix),3A,9A,0.5832,0.8306,,none,0,0
afterglow,47,55,Promiscuous [AV Edit],So U Kno (Original Mix),3A,4A,1.2753,0.6989,adjacent,harmonic,0.7,1
afterglow,47,56,Promiscuous [AV Edit],Sordid Affair (Maceo Plex Mix),3A,3A,0.7282,0.8425,same,harmonic,1,1
afterglow,47,57,Promiscuous [AV Edit],Stones Throw (Original Mix),3A,8A,0.3003,0.9202,,none,0,0
afterglow,47,58,Promiscuous [AV Edit],Sunset Drive (Extended Mix),3A,5A,1.263,0.6479,,none,0,0
afterglow,47,59,Promiscuous [AV Edit],Symmetry (Rodriguez Jr. Remix),3A,11A,0.9102,0.6403,,none,0,0
afterglow,47,60,Promiscuous [AV Edit],Teardrops (Don't Stop The Music) (Original Mix),3A,5B,0,0.5609,,none,0,0
afterglow,47,61,Promiscuous [AV Edit],Tearing Me Up (Original Mix),3A,7A,1.0516,0.2761,,none,0,0
afterglow,47,62,Promiscuous [AV Edit],The Way You Move (Original Mix),3A,5A,1.1665,0.826,,none,0,0
afterglow,47,63,Promiscuous [AV Edit],There's Never Been (No One Like You)(P's Sunrise Edit),3A,10B,0.6006,0.341,,none,0,0
afterglow,47,64,Promiscuous [AV Edit],Touch (Four Tet Remix),3A,8B,0.6006,0.7695,,none,0,0
afterglow,47,65,Promiscuous [AV Edit],Videotape (Original Mix),3A,12A,1.118,0.7166,,none,0,0
afterglow,47,66,Promiscuous [AV Edit],Walk The Line (Extended Mix),3A,9A,0.6006,0.7756,,none,0,0
afterglow,47,67,Promiscuous [AV Edit],Walk The Line (Themba Extended Mix),3A,9A,2.0882,0.5085,,none,0,0
afterglow,47,68,Promiscuous [AV Edit],We Are Child Of Love (The Mekanism Remix),3A,12A,0.9278,0.6419,,none,0,0
afterglow,47,69,Promiscuous [AV Edit],What Can I Do,3A,8A,1.1665,0.7338,,none,0,0
afterglow,47,70,Promiscuous [AV Edit],What I Might Do,3A,5A,0.9412,0.9193,,none,0,0
afterglow,47,71,Promiscuous [AV Edit],When Will I See You Again (Amtrac Remix),3A,5B,1.0657,0.677,,none,0,0
afterglow,47,72,Promiscuous [AV Edit],Where the Subtle Meets Infinity (Original Mix),3A,1A,1.1665,0.3336,,none,0,0
afterglow,47,73,Promiscuous [AV Edit],Wish We Could feat. Syon & Darla Jade (Extended Mix),3A,3A,0.9122,0.6409,same,harmonic,1,1
afterglow,48,49,Regulate (feat. Nate Dogg),Saturday Night (Extended),9A,4A,0.4375,0.6685,,none,0,0
afterglow,48,50,Regulate (feat. Nate Dogg),Sell My Heart (Kreative Nativez Remix),9A,11A,0.6376,0.7214,,none,0,0
afterglow,48,51,Regulate (feat. Nate Dogg),Sing It Back (feat. Naila) (Original Mix),9A,12A,0.5322,0.7556,,none,0,0
afterglow,48,52,Regulate (feat. Nate Dogg),Sing It Back (Herbert's Tasteful Dub),9A,2A,0.4375,0.8116,,none,0,0
afterglow,48,53,Regulate (feat. Nate Dogg),Skin (Rinzen Remix),9A,8A,1.1107,0.4102,adjacent,harmonic,0.7,1
afterglow,48,54,Regulate (feat. Nate Dogg),Slow Down (James Cole Remix),9A,9A,0.0625,0.8301,same,harmonic,1,1
afterglow,48,55,Regulate (feat. Nate Dogg),So U Kno (Original Mix),9A,4A,1.2439,0.7022,,none,0,0
afterglow,48,56,Regulate (feat. Nate Dogg),Sordid Affair (Maceo Plex Mix),9A,3A,0.9008,0.6891,,none,0,0
afterglow,48,57,Regulate (feat. Nate Dogg),Stones Throw (Original Mix),9A,8A,0.4375,0.7608,adjacent,harmonic,0.7,1
afterglow,48,58,Regulate (feat. Nate Dogg),Sunset Drive (Extended Mix),9A,5A,1.2313,0.6511,,none,0,0
afterglow,48,59,Regulate (feat. Nate Dogg),Symmetry (Rodriguez Jr. Remix),9A,11A,1.0894,0.6434,,none,0,0
afterglow,48,60,Regulate (feat. Nate Dogg),Teardrops (Don't Stop The Music) (Original Mix),9A,5B,0.5306,0.7097,,none,0,0
afterglow,48,61,Regulate (feat. Nate Dogg),Tearing Me Up (Original Mix),9A,7A,1.4429,0.2774,,none,0,0
afterglow,48,62,Regulate (feat. Nate Dogg),The Way You Move (Original Mix),9A,5A,1.1321,0.6552,,none,0,0
afterglow,48,63,Regulate (feat. Nate Dogg),There's Never Been (No One Like You)(P's Sunrise Edit),9A,10B,0.5306,0.3206,,none,0,0
afterglow,48,64,Regulate (feat. Nate Dogg),Touch (Four Tet Remix),9A,8B,0.5306,0.7732,,none,0,0
afterglow,48,65,Regulate (feat. Nate Dogg),Videotape (Original Mix),9A,12A,1.046,0.886,,none,0,0
afterglow,48,66,Regulate (feat. Nate Dogg),Walk The Line (Extended Mix),9A,9A,0.5306,0.6413,same,harmonic,1,1
afterglow,48,67,Regulate (feat. Nate Dogg),Walk The Line (Themba Extended Mix),9A,9A,2.0692,0.511,same,harmonic,1,1
afterglow,48,68,Regulate (feat. Nate Dogg),We Are Child Of Love (The Mekanism Remix),9A,12A,1.1041,0.6451,,none,0,0
afterglow,48,69,Regulate (feat. Nate Dogg),What Can I Do,9A,8A,1.4685,0.5267,adjacent,harmonic,0.7,1
afterglow,48,70,Regulate (feat. Nate Dogg),What I Might Do,9A,5A,1.0805,0.74,,none,0,0
afterglow,48,71,Regulate (feat. Nate Dogg),When Will I See You Again (Amtrac Remix),9A,5B,0.9899,0.837,,none,0,0
afterglow,48,72,Regulate (feat. Nate Dogg),Where the Subtle Meets Infinity (Original Mix),9A,1A,1.1321,0.331,,none,0,0
afterglow,48,73,Regulate (feat. Nate Dogg),Wish We Could feat. Syon & Darla Jade (Extended Mix),9A,3A,1.0911,0.644,,none,0,0
afterglow,49,50,Saturday Night (Extended),Sell My Heart (Kreative Nativez Remix),4A,11A,1.0441,0.8866,,none,0,0
afterglow,49,51,Saturday Night (Extended),Sing It Back (feat. Naila) (Original Mix),4A,12A,0.303,0.8258,,none,0,0
afterglow,49,52,Saturday Night (Extended),Sing It Back (Herbert's Tasteful Dub),4A,2A,0,0.6548,,none,0,0
afterglow,49,53,Saturday Night (Extended),Skin (Rinzen Remix),4A,8A,1.0458,0.7828,,none,0,0
afterglow,49,54,Saturday Night (Extended),Slow Down (James Cole Remix),4A,9A,0.5,0.74,,none,0,0
afterglow,49,55,Saturday Night (Extended),So U Kno (Original Mix),4A,4A,1.1644,0.3808,same,harmonic,1,1
afterglow,49,56,Saturday Night (Extended),Sordid Affair (Maceo Plex Mix),4A,3A,0.5096,0.7045,adjacent,harmonic,0.7,1
afterglow,49,57,Saturday Night (Extended),Stones Throw (Original Mix),4A,8A,0,0.4315,,none,0,0
afterglow,49,58,Saturday Night (Extended),Sunset Drive (Extended Mix),4A,5A,1.151,0.5623,adjacent,harmonic,0.7,1
afterglow,49,59,Saturday Night (Extended),Symmetry (Rodriguez Jr. Remix),4A,11A,0.747,0.7442,,none,0,0
afterglow,49,60,Saturday Night (Extended),Teardrops (Don't Stop The Music) (Original Mix),4A,5B,0.3003,0.6723,,none,0,0
afterglow,49,61,Saturday Night (Extended),Tearing Me Up (Original Mix),4A,7A,1.0078,0.4813,,none,0,0
afterglow,49,62,Saturday Night (Extended),The Way You Move (Original Mix),4A,5A,1.0441,0.3579,adjacent,harmonic,0.7,1
afterglow,49,63,Saturday Night (Extended),There's Never Been (No One Like You)(P's Sunrise Edit),4A,10B,0.3003,0.6257,,none,0,0
afterglow,49,64,Saturday Night (Extended),Touch (Four Tet Remix),4A,8B,0.3003,0.6708,,none,0,0
afterglow,49,65,Saturday Night (Extended),Videotape (Original Mix),4A,12A,1.1577,0.6247,,none,0,0
afterglow,49,66,Saturday Night (Extended),Walk The Line (Extended Mix),4A,9A,0.3003,0.5349,,none,0,0
afterglow,49,67,Saturday Night (Extended),Walk The Line (Themba Extended Mix),4A,9A,2.0224,0.4172,,none,0,0
afterglow,49,68,Saturday Night (Extended),We Are Child Of Love (The Mekanism Remix),4A,12A,0.7682,0.5596,,none,0,0
afterglow,49,69,Saturday Night (Extended),What Can I Do,4A,8A,1.0441,0.6854,,none,0,0
afterglow,49,70,Saturday Night (Extended),What I Might Do,4A,5A,0.9879,0.4206,adjacent,harmonic,0.7,1
afterglow,49,71,Saturday Night (Extended),When Will I See You Again (Amtrac Remix),4A,5B,1.1072,0.7456,,none,0,0
afterglow,49,72,Saturday Night (Extended),Where the Subtle Meets Infinity (Original Mix),4A,1A,1.0441,0.6282,,none,0,0
afterglow,49,73,Saturday Night (Extended),Wish We Could feat. Syon & Darla Jade (Extended Mix),4A,3A,0.7494,0.7375,adjacent,harmonic,0.7,1
afterglow,50,51,Sell My Heart (Kreative Nativez Remix),Sing It Back (feat. Naila) (Original Mix),11A,12A,1.1672,0.7513,adjacent,harmonic,0.7,1
afterglow,50,52,Sell My Heart (Kreative Nativez Remix),Sing It Back (Herbert's Tasteful Dub),11A,2A,1.0441,0.7329,,none,0,0
afterglow,50,53,Sell My Heart (Kreative Nativez Remix),Skin (Rinzen Remix),11A,8A,1.3732,0.6697,,none,0,0
afterglow,50,54,Sell My Heart (Kreative Nativez Remix),Slow Down (James Cole Remix),11A,9A,0.5832,0.8291,,none,0,0
afterglow,50,55,Sell My Heart (Kreative Nativez Remix),So U Kno (Original Mix),11A,4A,1.5052,0.4027,,none,0,0
afterglow,50,56,Sell My Heart (Kreative Nativez Remix),Sordid Affair (Maceo Plex Mix),11A,3A,1.4118,0.6267,,none,0,0
afterglow,50,57,Sell My Heart (Kreative Nativez Remix),Stones Throw (Original Mix),11A,8A,1.0441,0.4566,,none,0,0
afterglow,50,58,Sell My Heart (Kreative Nativez Remix),Sunset Drive (Extended Mix),11A,5A,1.4948,0.6378,,none,0,0
afterglow,50,59,Sell My Heart (Kreative Nativez Remix),Symmetry (Rodriguez Jr. Remix),11A,11A,1.5709,0.6304,same,harmonic,1,1
afterglow,50,60,Sell My Heart (Kreative Nativez Remix),Teardrops (Don't Stop The Music) (Original Mix),11A,5B,1.1665,0.5471,,none,0,0
afterglow,50,61,Sell My Heart (Kreative Nativez Remix),Tearing Me Up (Original Mix),11A,7A,2.0263,0.2405,,none,0,0
afterglow,50,62,Sell My Heart (Kreative Nativez Remix),The Way You Move (Original Mix),11A,5A,1.4142,0.3813,,none,0,0
afterglow,50,63,Sell My Heart (Kreative Nativez Remix),There's Never Been (No One Like You)(P's Sunrise Edit),11A,10B,1,0.53,,none,0,0
afterglow,50,64,Sell My Heart (Kreative Nativez Remix),Touch (Four Tet Remix),11A,8B,1,0.7574,,none,0,0
afterglow,50,65,Sell My Heart (Kreative Nativez Remix),Videotape (Original Mix),11A,12A,1.2691,0.6734,adjacent,harmonic,0.7,1
afterglow,50,66,Sell My Heart (Kreative Nativez Remix),Walk The Line (Extended Mix),11A,9A,1,0.604,,none,0,0
afterglow,50,67,Sell My Heart (Kreative Nativez Remix),Walk The Line (Themba Extended Mix),11A,9A,2.2361,0.4723,,none,0,0
afterglow,50,68,Sell My Heart (Kreative Nativez Remix),We Are Child Of Love (The Mekanism Remix),11A,12A,1.5811,0.3961,adjacent,harmonic,0.7,1
afterglow,50,69,Sell My Heart (Kreative Nativez Remix),What Can I Do,11A,8A,2,0.4851,,none,0,0
afterglow,50,70,Sell My Heart (Kreative Nativez Remix),What I Might Do,11A,5A,1.4988,0.4452,,none,0,0
afterglow,50,71,Sell My Heart (Kreative Nativez Remix),When Will I See You Again (Amtrac Remix),11A,5B,1.2233,0.8327,,none,0,0
afterglow,50,72,Sell My Heart (Kreative Nativez Remix),Where the Subtle Meets Infinity (Original Mix),11A,1A,1.4142,0.5246,,none,0,0
afterglow,50,73,Sell My Heart (Kreative Nativez Remix),Wish We Could feat. Syon & Darla Jade (Extended Mix),11A,3A,1.5721,0.6309,,none,0,0
afterglow,51,52,Sing It Back (feat. Naila) (Original Mix),Sing It Back (Herbert's Tasteful Dub),12A,2A,0.303,0.7561,,none,0,0
afterglow,51,53,Sing It Back (feat. Naila) (Original Mix),Skin (Rinzen Remix),12A,8A,1.2024,0.7639,,none,0,0
afterglow,51,54,Sing It Back (feat. Naila) (Original Mix),Slow Down (James Cole Remix),12A,9A,0.5846,0.7628,,none,0,0
afterglow,51,55,Sing It Back (feat. Naila) (Original Mix),So U Kno (Original Mix),12A,4A,1.3107,0.517,,none,0,0
afterglow,51,56,Sing It Back (feat. Naila) (Original Mix),Sordid Affair (Maceo Plex Mix),12A,3A,0.7293,0.7601,,none,0,0
afterglow,51,57,Sing It Back (feat. Naila) (Original Mix),Stones Throw (Original Mix),12A,8A,0.303,0.5636,,none,0,0
afterglow,51,58,Sing It Back (feat. Naila) (Original Mix),Sunset Drive (Extended Mix),12A,5A,1.2984,0.6468,,none,0,0
afterglow,51,59,Sing It Back (feat. Naila) (Original Mix),Symmetry (Rodriguez Jr. Remix),12A,11A,0.8904,0.8877,adjacent,harmonic,0.7,1
afterglow,51,60,Sing It Back (feat. Naila) (Original Mix),Teardrops (Don't Stop The Music) (Original Mix),12A,5B,0.04,0.886,,none,0,0
afterglow,51,61,Sing It Back (feat. Naila) (Original Mix),Tearing Me Up (Original Mix),12A,7A,1.0571,0.6894,,none,0,0
afterglow,51,62,Sing It Back (feat. Naila) (Original Mix),The Way You Move (Original Mix),12A,5A,1.201,0.4829,,none,0,0
afterglow,51,63,Sing It Back (feat. Naila) (Original Mix),There's Never Been (No One Like You)(P's Sunrise Edit),12A,10B,0.6019,0.7176,,none,0,0
afterglow,51,64,Sing It Back (feat. Naila) (Original Mix),Touch (Four Tet Remix),12A,8B,0.6019,0.7533,,none,0,0
afterglow,51,65,Sing It Back (feat. Naila) (Original Mix),Videotape (Original Mix),12A,12A,1.1539,0.6751,same,harmonic,1,1
afterglow,51,66,Sing It Back (feat. Naila) (Original Mix),Walk The Line (Extended Mix),12A,9A,0.6019,0.6164,,none,0,0
afterglow,51,67,Sing It Back (feat. Naila) (Original Mix),Walk The Line (Themba Extended Mix),12A,9A,2.1266,0.5359,,none,0,0
afterglow,51,68,Sing It Back (feat. Naila) (Original Mix),We Are Child Of Love (The Mekanism Remix),12A,12A,0.9068,0.753,same,harmonic,1,1
afterglow,51,69,Sing It Back (feat. Naila) (Original Mix),What Can I Do,12A,8A,1.1672,0.5869,,none,0,0
afterglow,51,70,Sing It Back (feat. Naila) (Original Mix),What I Might Do,12A,5A,0.9812,0.5484,,none,0,0
afterglow,51,71,Sing It Back (feat. Naila) (Original Mix),When Will I See You Again (Amtrac Remix),12A,5B,1.1012,0.7661,,none,0,0
afterglow,51,72,Sing It Back (feat. Naila) (Original Mix),Where the Subtle Meets Infinity (Original Mix),12A,1A,1.201,0.6077,adjacent,harmonic,0.7,1
afterglow,51,73,Sing It Back (feat. Naila) (Original Mix),Wish We Could feat. Syon & Darla Jade (Extended Mix),12A,3A,0.8923,0.8899,,none,0,0
afterglow,52,53,Sing It Back (Herbert's Tasteful Dub),Skin (Rinzen Remix),2A,8A,1.0458,0.4267,,none,0,0
afterglow,52,54,Sing It Back (Herbert's Tasteful Dub),Slow Down (James Cole Remix),2A,9A,0.5,0.8319,,none,0,0
afterglow,52,55,Sing It Back (Herbert's Tasteful Dub),So U Kno (Original Mix),2A,4A,1.1644,0.6849,,none,0,0
afterglow,52,56,Sing It Back (Herbert's Tasteful Dub),Sordid Affair (Maceo Plex Mix),2A,3A,0.5096,0.8641,adjacent,harmonic,0.7,1
afterglow,52,57,Sing It Back (Herbert's Tasteful Dub),Stones Throw (Original Mix),2A,8A,0,0.7419,,none,0,0
afterglow,52,58,Sing It Back (Herbert's Tasteful Dub),Sunset Drive (Extended Mix),2A,5A,1.151,0.8607,,none,0,0
afterglow,52,59,Sing It Back (Herbert's Tasteful Dub),Symmetry (Rodriguez Jr. Remix),2A,11A,0.747,0.8366,,none,0,0
afterglow,52,60,Sing It Back (Herbert's Tasteful Dub),Teardrops (Don't Stop The Music) (Original Mix),2A,5B,0.3003,0.5497,,none,0,0
afterglow,52,61,Sing It Back (Herbert's Tasteful Dub),Tearing Me Up (Original Mix),2A,7A,1.0078,0.2705,,none,0,0
afterglow,52,62,Sing It Back (Herbert's Tasteful Dub),The Way You Move (Original Mix),2A,5A,1.0441,0.639,,none,0,0
afterglow,52,63,Sing It Back (Herbert's Tasteful Dub),There's Never Been (No One Like You)(P's Sunrise Edit),2A,10B,0.3003,0.3517,,none,0,0
afterglow,52,64,Sing It Back (Herbert's Tasteful Dub),Touch (Four Tet Remix),2A,8B,0.3003,0.9954,,none,0,0
afterglow,52,65,Sing It Back (Herbert's Tasteful Dub),Videotape (Original Mix),2A,12A,1.1577,0.7023,,none,0,0
afterglow,52,66,Sing It Back (Herbert's Tasteful Dub),Walk The Line (Extended Mix),2A,9A,0.3003,0.8178,,none,0,0
afterglow,52,67,Sing It Back (Herbert's Tasteful Dub),Walk The Line (Themba Extended Mix),2A,9A,2.0224,0.7329,,none,0,0
afterglow,52,68,Sing It Back (Herbert's Tasteful Dub),We Are Child Of Love (The Mekanism Remix),2A,12A,0.7682,0.6291,,none,0,0
afterglow,52,69,Sing It Back (Herbert's Tasteful Dub),What Can I Do,2A,8A,1.0441,0.5137,,none,0,0
afterglow,52,70,Sing It Back (Herbert's Tasteful Dub),What I Might Do,2A,5A,0.9879,0.7217,,none,0,0
afterglow,52,71,Sing It Back (Herbert's Tasteful Dub),When Will I See You Again (Amtrac Remix),2A,5B,1.1072,0.8382,,none,0,0
afterglow,52,72,Sing It Back (Herbert's Tasteful Dub),Where the Subtle Meets Infinity (Original Mix),2A,1A,1.0441,0.343,adjacent,harmonic,0.7,1
afterglow,52,73,Sing It Back (Herbert's Tasteful Dub),Wish We Could feat. Syon & Darla Jade (Extended Mix),2A,3A,0.7494,0.8291,adjacent,harmonic,0.7,1
afterglow,53,54,Skin (Rinzen Remix),Slow Down (James Cole Remix),8A,9A,1.1335,0.5485,adjacent,harmonic,0.7,1
afterglow,53,55,Skin (Rinzen Remix),So U Kno (Original Mix),8A,4A,0.1381,0.1846,,none,0,0
afterglow,53,56,Skin (Rinzen Remix),Sordid Affair (Maceo Plex Mix),8A,3A,1.1052,0.4876,,none,0,0
afterglow,53,57,Skin (Rinzen Remix),Stones Throw (Original Mix),8A,8A,1.0458,0.2077,same,harmonic,1,1
afterglow,53,58,Skin (Rinzen Remix),Sunset Drive (Extended Mix),8A,5A,0.1257,0.3953,,none,0,0
afterglow,53,59,Skin (Rinzen Remix),Symmetry (Rodriguez Jr. Remix),8A,11A,1.5695,0.5523,,none,0,0
afterglow,53,60,Skin (Rinzen Remix),Teardrops (Don't Stop The Music) (Original Mix),8A,5B,1.168,0.6667,,none,0,0
afterglow,53,61,Skin (Rinzen Remix),Tearing Me Up (Original Mix),8A,7A,1.406,0.6836,adjacent,harmonic,0.7,1
afterglow,53,62,Skin (Rinzen Remix),The Way You Move (Original Mix),8A,5A,0.0588,0.1531,,none,0,0
afterglow,53,63,Skin (Rinzen Remix),There's Never Been (No One Like You)(P's Sunrise Edit),8A,10B,1.0017,0.7843,,none,0,0
afterglow,53,64,Skin (Rinzen Remix),Touch (Four Tet Remix),8A,8B,1.0017,0.4421,,none,0,0
afterglow,53,65,Skin (Rinzen Remix),Videotape (Original Mix),8A,12A,0.7452,0.3996,,none,0,0
afterglow,53,66,Skin (Rinzen Remix),Walk The Line (Extended Mix),8A,9A,1.0017,0.3525,adjacent,harmonic,0.7,1
afterglow,53,67,Skin (Rinzen Remix),Walk The Line (Themba Extended Mix),8A,9A,1.0017,0.4296,adjacent,harmonic,0.7,1
afterglow,53,68,Skin (Rinzen Remix),We Are Child Of Love (The Mekanism Remix),8A,12A,1.6007,0.3391,,none,0,0
afterglow,53,69,Skin (Rinzen Remix),What Can I Do,8A,8A,1.4564,0.4153,same,harmonic,1,1
afterglow,53,70,Skin (Rinzen Remix),What I Might Do,8A,5A,0.6063,0.2012,,none,0,0
afterglow,53,71,Skin (Rinzen Remix),When Will I See You Again (Amtrac Remix),8A,5B,0.7475,0.5563,,none,0,0
afterglow,53,72,Skin (Rinzen Remix),Where the Subtle Meets Infinity (Original Mix),8A,1A,0.0588,0.7893,,none,0,0
afterglow,53,73,Skin (Rinzen Remix),Wish We Could feat. Syon & Darla Jade (Extended Mix),8A,3A,1.5732,0.5307,,none,0,0
afterglow,54,55,Slow Down (James Cole Remix),So U Kno (Original Mix),9A,4A,1.2672,0.5625,,none,0,0
afterglow,54,56,Slow Down (James Cole Remix),Sordid Affair (Maceo Plex Mix),9A,3A,0.9599,0.8639,,none,0,0
afterglow,54,57,Slow Down (James Cole Remix),Stones Throw (Original Mix),9A,8A,0.5,0.7636,adjacent,harmonic,0.7,1
afterglow,54,58,Slow Down (James Cole Remix),Sunset Drive (Extended Mix),9A,5A,1.2549,0.7159,,none,0,0
afterglow,54,59,Slow Down (James Cole Remix),Symmetry (Rodriguez Jr. Remix),9A,11A,1.1437,0.6971,,none,0,0
afterglow,54,60,Slow Down (James Cole Remix),Teardrops (Don't Stop The Music) (Original Mix),9A,5B,0.5832,0.5954,,none,0,0
afterglow,54,61,Slow Down (James Cole Remix),Tearing Me Up (Original Mix),9A,7A,1.5052,0.2318,,none,0,0
afterglow,54,62,Slow Down (James Cole Remix),The Way You Move (Original Mix),9A,5A,1.1577,0.6874,,none,0,0
afterglow,54,63,Slow Down (James Cole Remix),There's Never Been (No One Like You)(P's Sunrise Edit),9A,10B,0.5832,0.5861,,none,0,0
afterglow,54,64,Slow Down (James Cole Remix),Touch (Four Tet Remix),9A,8B,0.5832,0.8301,,none,0,0
afterglow,54,65,Slow Down (James Cole Remix),Videotape (Original Mix),9A,12A,1.0441,0.7405,,none,0,0
afterglow,54,66,Slow Down (James Cole Remix),Walk The Line (Extended Mix),9A,9A,0.5832,0.8085,same,harmonic,1,1
afterglow,54,67,Slow Down (James Cole Remix),Walk The Line (Themba Extended Mix),9A,9A,2.0833,0.603,same,harmonic,1,1
afterglow,54,68,Slow Down (James Cole Remix),We Are Child Of Love (The Mekanism Remix),9A,12A,1.1577,0.5192,,none,0,0
afterglow,54,69,Slow Down (James Cole Remix),What Can I Do,9A,8A,1.5298,0.6359,adjacent,harmonic,0.7,1
afterglow,54,70,Slow Down (James Cole Remix),What I Might Do,9A,5A,1.1072,0.7654,,none,0,0
afterglow,54,71,Slow Down (James Cole Remix),When Will I See You Again (Amtrac Remix),9A,5B,0.9879,0.8493,,none,0,0
afterglow,54,72,Slow Down (James Cole Remix),Where the Subtle Meets Infinity (Original Mix),9A,1A,1.1577,0.5707,,none,0,0
afterglow,54,73,Slow Down (James Cole Remix),Wish We Could feat. Syon & Darla Jade (Extended Mix),9A,3A,1.1453,0.6914,,none,0,0
afterglow,55,56,So U Kno (Original Mix),Sordid Affair (Maceo Plex Mix),4A,3A,1.198,0.5815,adjacent,harmonic,0.7,1
afterglow,55,57,So U Kno (Original Mix),Stones Throw (Original Mix),4A,8A,1.1644,0.6451,,none,0,0
afterglow,55,58,So U Kno (Original Mix),Sunset Drive (Extended Mix),4A,5A,0.0139,0.7994,adjacent,harmonic,0.7,1
afterglow,55,59,So U Kno (Original Mix),Symmetry (Rodriguez Jr. Remix),4A,11A,1.6684,0.5429,,none,0,0
afterglow,55,60,So U Kno (Original Mix),Teardrops (Don't Stop The Music) (Original Mix),4A,5B,1.2753,0.4756,,none,0,0
afterglow,55,61,So U Kno (Original Mix),Tearing Me Up (Original Mix),4A,7A,1.4457,0.2341,,none,0,0
afterglow,55,62,So U Kno (Original Mix),The Way You Move (Original Mix),4A,5A,0.125,0.7628,adjacent,harmonic,0.7,1
afterglow,55,63,So U Kno (Original Mix),There's Never Been (No One Like You)(P's Sunrise Edit),4A,10B,1.125,0.1522,,none,0,0
afterglow,55,64,So U Kno (Original Mix),Touch (Four Tet Remix),4A,8B,1.125,0.6492,,none,0,0
afterglow,55,65,So U Kno (Original Mix),Videotape (Original Mix),4A,12A,0.7914,0.8327,,none,0,0
afterglow,55,66,So U Kno (Original Mix),Walk The Line (Extended Mix),4A,9A,1.125,0.5411,,none,0,0
afterglow,55,67,So U Kno (Original Mix),Walk The Line (Themba Extended Mix),4A,9A,0.875,0.7166,,none,0,0
afterglow,55,68,So U Kno (Original Mix),We Are Child Of Love (The Mekanism Remix),4A,12A,1.7002,0.5443,,none,0,0
afterglow,55,69,So U Kno (Original Mix),What Can I Do,4A,8A,1.5052,0.4167,,none,0,0
afterglow,55,70,So U Kno (Original Mix),What I Might Do,4A,5A,0.6281,0.821,adjacent,harmonic,0.7,1
afterglow,55,71,So U Kno (Original Mix),When Will I See You Again (Amtrac Remix),4A,5B,0.8028,0.7627,,none,0,0
afterglow,55,72,So U Kno (Original Mix),Where the Subtle Meets Infinity (Original Mix),4A,1A,0.125,0.1571,,none,0,0
afterglow,55,73,So U Kno (Original Mix),Wish We Could feat. Syon & Darla Jade (Extended Mix),4A,3A,1.6721,0.5407,adjacent,harmonic,0.7,1
afterglow,56,57,Sordid Affair (Maceo Plex Mix),Stones Throw (Original Mix),3A,8A,0.5096,0.7736,,none,0,0
afterglow,56,58,Sordid Affair (Maceo Plex Mix),Sunset Drive (Extended Mix),3A,5A,1.185,0.7486,,none,0,0
afterglow,56,59,Sordid Affair (Maceo Plex Mix),Symmetry (Rodriguez Jr. Remix),3A,11A,0.4749,0.8586,,none,0,0
afterglow,56,60,Sordid Affair (Maceo Plex Mix),Teardrops (Don't Stop The Music) (Original Mix),3A,5B,0.7282,0.575,,none,0,0
afterglow,56,61,Sordid Affair (Maceo Plex Mix),Tearing Me Up (Original Mix),3A,7A,0.6722,0.3692,,none,0,0
afterglow,56,62,Sordid Affair (Maceo Plex Mix),The Way You Move (Original Mix),3A,5A,1.0815,0.7019,,none,0,0
afterglow,56,63,Sordid Affair (Maceo Plex Mix),There's Never Been (No One Like You)(P's Sunrise Edit),3A,10B,0.4118,0.5459,,none,0,0
afterglow,56,64,Sordid Affair (Maceo Plex Mix),Touch (Four Tet Remix),3A,8B,0.4118,0.8643,,none,0,0
afterglow,56,65,Sordid Affair (Maceo Plex Mix),Videotape (Original Mix),3A,12A,1.4806,0.5915,,none,0,0
afterglow,56,66,Sordid Affair (Maceo Plex Mix),Walk The Line (Extended Mix),3A,9A,0.4118,0.8337,,none,0,0
afterglow,56,67,Sordid Affair (Maceo Plex Mix),Walk The Line (Themba Extended Mix),3A,9A,2.0419,0.6267,,none,0,0
afterglow,56,68,Sordid Affair (Maceo Plex Mix),We Are Child Of Love (The Mekanism Remix),3A,12A,0.5077,0.6677,,none,0,0
afterglow,56,69,Sordid Affair (Maceo Plex Mix),What Can I Do,3A,8A,0.5882,0.771,,none,0,0
afterglow,56,70,Sordid Affair (Maceo Plex Mix),What I Might Do,3A,5A,1.19,0.7743,,none,0,0
afterglow,56,71,Sordid Affair (Maceo Plex Mix),When Will I See You Again (Amtrac Remix),3A,5B,1.4415,0.7198,,none,0,0
afterglow,56,72,Sordid Affair (Maceo Plex Mix),Where the Subtle Meets Infinity (Original Mix),3A,1A,1.0815,0.5287,,none,0,0
afterglow,56,73,Sordid Affair (Maceo Plex Mix),Wish We Could feat. Syon & Darla Jade (Extended Mix),3A,3A,0.4788,0.8479,same,harmonic,1,1
afterglow,57,58,Stones Throw (Original Mix),Sunset Drive (Extended Mix),8A,5A,1.151,0.5961,,none,0,0
afterglow,57,59,Stones Throw (Original Mix),Symmetry (Rodriguez Jr. Remix),8A,11A,0.747,0.5882,,none,0,0
afterglow,57,60,Stones Throw (Original Mix),Teardrops (Don't Stop The Music) (Original Mix),8A,5B,0.3003,0.5177,,none,0,0
afterglow,57,61,Stones Throw (Original Mix),Tearing Me Up (Original Mix),8A,7A,1.0078,0.2633,adjacent,harmonic,0.7,1
afterglow,57,62,Stones Throw (Original Mix),The Way You Move (Original Mix),8A,5A,1.0441,0.9036,,none,0,0
afterglow,57,63,Stones Throw (Original Mix),There's Never Been (No One Like You)(P's Sunrise Edit),8A,10B,0.3003,0.4541,,none,0,0
afterglow,57,64,Stones Throw (Original Mix),Touch (Four Tet Remix),8A,8B,0.3003,0.7047,,none,0,0
afterglow,57,65,Stones Throw (Original Mix),Videotape (Original Mix),8A,12A,1.1577,0.6583,,none,0,0
afterglow,57,66,Stones Throw (Original Mix),Walk The Line (Extended Mix),8A,9A,0.3003,0.8221,adjacent,harmonic,0.7,1
afterglow,57,67,Stones Throw (Original Mix),Walk The Line (Themba Extended Mix),8A,9A,2.0224,0.4851,adjacent,harmonic,0.7,1
afterglow,57,68,Stones Throw (Original Mix),We Are Child Of Love (The Mekanism Remix),8A,12A,0.7682,0.5897,,none,0,0
afterglow,57,69,Stones Throw (Original Mix),What Can I Do,8A,8A,1.0441,0.6667,same,harmonic,1,1
afterglow,57,70,Stones Throw (Original Mix),What I Might Do,8A,5A,0.9879,0.8479,,none,0,0
afterglow,57,71,Stones Throw (Original Mix),When Will I See You Again (Amtrac Remix),8A,5B,1.1072,0.6219,,none,0,0
afterglow,57,72,Stones Throw (Original Mix),Where the Subtle Meets Infinity (Original Mix),8A,1A,1.0441,0.4518,,none,0,0
afterglow,57,73,Stones Throw (Original Mix),Wish We Could feat. Syon & Darla Jade (Extended Mix),8A,3A,0.7494,0.5869,,none,0,0
afterglow,58,59,Sunset Drive (Extended Mix),Symmetry (Rodriguez Jr. Remix),5A,11A,1.6551,0.7299,,none,0,0
afterglow,58,60,Sunset Drive (Extended Mix),Teardrops (Don't Stop The Music) (Original Mix),5A,5B,1.263,0.4387,,none,0,0
afterglow,58,61,Sunset Drive (Extended Mix),Tearing Me Up (Original Mix),5A,7A,1.4362,0.2083,,none,0,0
afterglow,58,62,Sunset Drive (Extended Mix),The Way You Move (Original Mix),5A,5A,0.1111,0.72,same,harmonic,1,1
afterglow,58,63,Sunset Drive (Extended Mix),There's Never Been (No One Like You)(P's Sunrise Edit),5A,10B,1.1111,0.3259,,none,0,0
afterglow,58,64,Sunset Drive (Extended Mix),Touch (Four Tet Remix),5A,8B,1.1111,0.8653,,none,0,0
afterglow,58,65,Sunset Drive (Extended Mix),Videotape (Original Mix),5A,12A,0.7893,0.7862,,none,0,0
afterglow,58,66,Sunset Drive (Extended Mix),Walk The Line (Extended Mix),5A,9A,1.1111,0.7109,,none,0,0
afterglow,58,67,Sunset Drive (Extended Mix),Walk The Line (Themba Extended Mix),5A,9A,0.8889,0.9172,,none,0,0
afterglow,58,68,Sunset Drive (Extended Mix),We Are Child Of Love (The Mekanism Remix),5A,12A,1.6869,0.5047,,none,0,0
afterglow,58,69,Sunset Drive (Extended Mix),What Can I Do,5A,8A,1.4948,0.3956,,none,0,0
afterglow,58,70,Sunset Drive (Extended Mix),What I Might Do,5A,5A,0.6242,0.7714,same,harmonic,1,1
afterglow,58,71,Sunset Drive (Extended Mix),When Will I See You Again (Amtrac Remix),5A,5B,0.7997,0.9083,,none,0,0
afterglow,58,72,Sunset Drive (Extended Mix),Where the Subtle Meets Infinity (Original Mix),5A,1A,0.1111,0.3147,,none,0,0
afterglow,58,73,Sunset Drive (Extended Mix),Wish We Could feat. Syon & Darla Jade (Extended Mix),5A,3A,1.6588,0.7207,,none,0,0
afterglow,59,60,Symmetry (Rodriguez Jr. Remix),Teardrops (Don't Stop The Music) (Original Mix),11A,5B,0.9102,0.7081,,none,0,0
afterglow,59,61,Symmetry (Rodriguez Jr. Remix),Tearing Me Up (Original Mix),11A,7A,0.8308,0.5749,,none,0,0
afterglow,59,62,Symmetry (Rodriguez Jr. Remix),The Way You Move (Original Mix),11A,5A,1.5496,0.5066,,none,0,0
afterglow,59,63,Symmetry (Rodriguez Jr. Remix),There's Never Been (No One Like You)(P's Sunrise Edit),11A,10B,0.6839,0.5772,,none,0,0
afterglow,59,64,Symmetry (Rodriguez Jr. Remix),Touch (Four Tet Remix),11A,8B,0.6839,0.8399,,none,0,0
afterglow,59,65,Symmetry (Rodriguez Jr. Remix),Videotape (Original Mix),11A,12A,1.874,0.5567,adjacent,harmonic,0.7,1
afterglow,59,66,Symmetry (Rodriguez Jr. Remix),Walk The Line (Extended Mix),11A,9A,0.6839,0.6888,,none,0,0
afterglow,59,67,Symmetry (Rodriguez Jr. Remix),Walk The Line (Themba Extended Mix),11A,9A,2.5168,0.6304,,none,0,0
afterglow,59,68,Symmetry (Rodriguez Jr. Remix),We Are Child Of Love (The Mekanism Remix),11A,12A,0.0333,0.8104,adjacent,harmonic,0.7,1
afterglow,59,69,Symmetry (Rodriguez Jr. Remix),What Can I Do,11A,8A,0.6839,0.6108,,none,0,0
afterglow,59,70,Symmetry (Rodriguez Jr. Remix),What I Might Do,11A,5A,1.6102,0.5721,,none,0,0
afterglow,59,71,Symmetry (Rodriguez Jr. Remix),When Will I See You Again (Amtrac Remix),11A,5B,1.8283,0.7012,,none,0,0
afterglow,59,72,Symmetry (Rodriguez Jr. Remix),Where the Subtle Meets Infinity (Original Mix),11A,1A,1.5496,0.4499,,none,0,0
afterglow,59,73,Symmetry (Rodriguez Jr. Remix),Wish We Could feat. Syon & Darla Jade (Extended Mix),11A,3A,0.0039,0.9983,,none,0,0
afterglow,60,61,Teardrops (Don't Stop The Music) (Original Mix),Tearing Me Up (Original Mix),5B,7A,1.0516,0.7567,,none,0,0
afterglow,60,62,Teardrops (Don't Stop The Music) (Original Mix),The Way You Move (Original Mix),5B,5A,1.1665,0.4376,,none,0,0
afterglow,60,63,Teardrops (Don't Stop The Music) (Original Mix),There's Never Been (No One Like You)(P's Sunrise Edit),5B,10B,0.6006,0.6411,,none,0,0
afterglow,60,64,Teardrops (Don't Stop The Music) (Original Mix),Touch (Four Tet Remix),5B,8B,0.6006,0.521,,none,0,0
afterglow,60,65,Teardrops (Don't Stop The Music) (Original Mix),Videotape (Original Mix),5B,12A,1.118,0.639,,none,0,0
afterglow,60,66,Teardrops (Don't Stop The Music) (Original Mix),Walk The Line (Extended Mix),5B,9A,0.6006,0.5471,,none,0,0
afterglow,60,67,Teardrops (Don't Stop The Music) (Original Mix),Walk The Line (Themba Extended Mix),5B,9A,2.0882,0.3639,,none,0,0
afterglow,60,68,Teardrops (Don't Stop The Music) (Original Mix),We Are Child Of Love (The Mekanism Remix),5B,12A,0.9278,0.8555,,none,0,0
afterglow,60,69,Teardrops (Don't Stop The Music) (Original Mix),What Can I Do,5B,8A,1.1665,0.5573,,none,0,0
afterglow,60,70,Teardrops (Don't Stop The Music) (Original Mix),What I Might Do,5B,5A,0.9412,0.5033,,none,0,0
afterglow,60,71,Teardrops (Don't Stop The Music) (Original Mix),When Will I See You Again (Amtrac Remix),5B,5B,1.0657,0.6036,same,harmonic,1,1
afterglow,60,72,Teardrops (Don't Stop The Music) (Original Mix),Where the Subtle Meets Infinity (Original Mix),5B,1A,1.1665,0.6463,,none,0,0
afterglow,60,73,Teardrops (Don't Stop The Music) (Original Mix),Wish We Could feat. Syon & Darla Jade (Extended Mix),5B,3A,0.9122,0.7131,,none,0,0
afterglow,61,62,Tearing Me Up (Original Mix),The Way You Move (Original Mix),7A,5A,1.3623,0.1941,,none,0,0
afterglow,61,63,Tearing Me Up (Original Mix),There's Never Been (No One Like You)(P's Sunrise Edit),7A,10B,1.0516,0.6812,,none,0,0
afterglow,61,64,Tearing Me Up (Original Mix),Touch (Four Tet Remix),7A,8B,1.0516,0.2474,,none,0,0
afterglow,61,65,Tearing Me Up (Original Mix),Videotape (Original Mix),7A,12A,1.7623,0.2667,,none,0,0
afterglow,61,66,Tearing Me Up (Original Mix),Walk The Line (Extended Mix),7A,9A,1.0516,0.1973,,none,0,0
afterglow,61,67,Tearing Me Up (Original Mix),Walk The Line (Themba Extended Mix),7A,9A,2.1461,0.2405,,none,0,0
afterglow,61,68,Tearing Me Up (Original Mix),We Are Child Of Love (The Mekanism Remix),7A,12A,0.8549,0.5973,,none,0,0
afterglow,61,69,Tearing Me Up (Original Mix),What Can I Do,7A,8A,0.3253,0.5267,adjacent,harmonic,0.7,1
afterglow,61,70,Tearing Me Up (Original Mix),What I Might Do,7A,5A,1.3253,0.2552,,none,0,0
afterglow,61,71,Tearing Me Up (Original Mix),When Will I See You Again (Amtrac Remix),7A,5B,1.7339,0.2519,,none,0,0
afterglow,61,72,Tearing Me Up (Original Mix),Where the Subtle Meets Infinity (Original Mix),7A,1A,1.3623,0.5586,,none,0,0
afterglow,61,73,Tearing Me Up (Original Mix),Wish We Could feat. Syon & Darla Jade (Extended Mix),7A,3A,0.8336,0.5725,,none,0,0
afterglow,62,63,The Way You Move (Original Mix),There's Never Been (No One Like You)(P's Sunrise Edit),5A,10B,1,0.4121,,none,0,0
afterglow,62,64,The Way You Move (Original Mix),Touch (Four Tet Remix),5A,8B,1,0.6088,,none,0,0
afterglow,62,65,The Way You Move (Original Mix),Videotape (Original Mix),5A,12A,0.7815,0.7513,,none,0,0
afterglow,62,66,The Way You Move (Original Mix),Walk The Line (Extended Mix),5A,9A,1,0.7466,,none,0,0
afterglow,62,67,The Way You Move (Original Mix),Walk The Line (Themba Extended Mix),5A,9A,1,0.618,,none,0,0
afterglow,62,68,The Way You Move (Original Mix),We Are Child Of Love (The Mekanism Remix),5A,12A,1.5811,0.5079,,none,0,0
afterglow,62,69,The Way You Move (Original Mix),What Can I Do,5A,8A,1.4142,0.599,,none,0,0
afterglow,62,70,The Way You Move (Original Mix),What I Might Do,5A,5A,0.6035,0.9242,same,harmonic,1,1
afterglow,62,71,The Way You Move (Original Mix),When Will I See You Again (Amtrac Remix),5A,5B,0.7837,0.6899,,none,0,0
afterglow,62,72,The Way You Move (Original Mix),Where the Subtle Meets Infinity (Original Mix),5A,1A,0,0.4073,,none,0,0
afterglow,62,73,The Way You Move (Original Mix),Wish We Could feat. Syon & Darla Jade (Extended Mix),5A,3A,1.5533,0.5071,,none,0,0
afterglow,63,64,There's Never Been (No One Like You)(P's Sunrise Edit),Touch (Four Tet Remix),10B,8B,0,0.3644,,none,0,0
afterglow,63,65,There's Never Been (No One Like You)(P's Sunrise Edit),Videotape (Original Mix),10B,12A,1.2691,0.3121,,none,0,0
afterglow,63,66,There's Never Been (No One Like You)(P's Sunrise Edit),Walk The Line (Extended Mix),10B,9A,0,0.5131,,none,0,0
afterglow,63,67,There's Never Been (No One Like You)(P's Sunrise Edit),Walk The Line (Themba Extended Mix),10B,9A,2,0.3542,,none,0,0
afterglow,63,68,There's Never Been (No One Like You)(P's Sunrise Edit),We Are Child Of Love (The Mekanism Remix),10B,12A,0.7071,0.4193,,none,0,0
afterglow,63,69,There's Never Been (No One Like You)(P's Sunrise Edit),What Can I Do,10B,8A,1,0.535,,none,0,0
afterglow,63,70,There's Never Been (No One Like You)(P's Sunrise Edit),What I Might Do,10B,5A,1.1165,0.3338,,none,0,0
afterglow,63,71,There's Never Been (No One Like You)(P's Sunrise Edit),When Will I See You Again (Amtrac Remix),10B,5B,1.2233,0.4422,,none,0,0
afterglow,63,72,There's Never Been (No One Like You)(P's Sunrise Edit),Where the Subtle Meets Infinity (Original Mix),10B,1A,1,0.8776,,none,0,0
afterglow,63,73,There's Never Been (No One Like You)(P's Sunrise Edit),Wish We Could feat. Syon & Darla Jade (Extended Mix),10B,3A,0.6866,0.5714,,none,0,0
afterglow,64,65,Touch (Four Tet Remix),Videotape (Original Mix),8B,12A,1.2691,0.669,,none,0,0
afterglow,64,66,Touch (Four Tet Remix),Walk The Line (Extended Mix),8B,9A,0,0.8195,,none,0,0
afterglow,64,67,Touch (Four Tet Remix),Walk The Line (Themba Extended Mix),8B,9A,2,0.7273,,none,0,0
afterglow,64,68,Touch (Four Tet Remix),We Are Child Of Love (The Mekanism Remix),8B,12A,0.7071,0.5993,,none,0,0
afterglow,64,69,Touch (Four Tet Remix),What Can I Do,8B,8A,1,0.4991,,none,0,0
afterglow,64,70,Touch (Four Tet Remix),What I Might Do,8B,5A,1.1165,0.6857,,none,0,0
afterglow,64,71,Touch (Four Tet Remix),When Will I See You Again (Amtrac Remix),8B,5B,1.2233,0.8343,,none,0,0
afterglow,64,72,Touch (Four Tet Remix),Where the Subtle Meets Infinity (Original Mix),8B,1A,1,0.3529,,none,0,0
afterglow,64,73,Touch (Four Tet Remix),Wish We Could feat. Syon & Darla Jade (Extended Mix),8B,3A,0.6866,0.8329,,none,0,0
afterglow,65,66,Videotape (Original Mix),Walk The Line (Extended Mix),12A,9A,1.2691,0.5525,,none,0,0
afterglow,65,67,Videotape (Original Mix),Walk The Line (Themba Extended Mix),12A,9A,1.2691,0.6734,,none,0,0
afterglow,65,68,Videotape (Original Mix),We Are Child Of Love (The Mekanism Remix),12A,12A,1.9002,0.5582,same,harmonic,1,1
afterglow,65,69,Videotape (Original Mix),What Can I Do,12A,8A,1.9002,0.4811,,none,0,0
afterglow,65,70,Videotape (Original Mix),What I Might Do,12A,5A,0.5034,0.817,,none,0,0
afterglow,65,71,Videotape (Original Mix),When Will I See You Again (Amtrac Remix),12A,5B,0.0588,0.9229,,none,0,0
afterglow,65,72,Videotape (Original Mix),Where the Subtle Meets Infinity (Original Mix),12A,1A,0.7815,0.3223,adjacent,harmonic,0.7,1
afterglow,65,73,Videotape (Original Mix),Wish We Could feat. Syon & Darla Jade (Extended Mix),12A,3A,1.8771,0.5573,,none,0,0
afterglow,66,67,Walk The Line (Extended Mix),Walk The Line (Themba Extended Mix),9A,9A,2,0.604,same,harmonic,1,1
afterglow,66,68,Walk The Line (Extended Mix),We Are Child Of Love (The Mekanism Remix),9A,12A,0.7071,0.65,,none,0,0
afterglow,66,69,Walk The Line (Extended Mix),What Can I Do,9A,8A,1,0.562,adjacent,harmonic,0.7,1
afterglow,66,70,Walk The Line (Extended Mix),What I Might Do,9A,5A,1.1165,0.7124,,none,0,0
afterglow,66,71,Walk The Line (Extended Mix),When Will I See You Again (Amtrac Remix),9A,5B,1.2233,0.6832,,none,0,0
afterglow,66,72,Walk The Line (Extended Mix),Where the Subtle Meets Infinity (Original Mix),9A,1A,1,0.6292,,none,0,0
afterglow,66,73,Walk The Line (Extended Mix),Wish We Could feat. Syon & Darla Jade (Extended Mix),9A,3A,0.6866,0.6826,,none,0,0
afterglow,67,68,Walk The Line (Themba Extended Mix),We Are Child Of Love (The Mekanism Remix),9A,12A,2.5495,0.3961,,none,0,0
afterglow,67,69,Walk The Line (Themba Extended Mix),What Can I Do,9A,8A,2.2361,0.2283,adjacent,harmonic,0.7,1
afterglow,67,70,Walk The Line (Themba Extended Mix),What I Might Do,9A,5A,1.2173,0.6692,,none,0,0
afterglow,67,71,Walk The Line (Themba Extended Mix),When Will I See You Again (Amtrac Remix),9A,5B,1.316,0.8081,,none,0,0
afterglow,67,72,Walk The Line (Themba Extended Mix),Where the Subtle Meets Infinity (Original Mix),9A,1A,1,0.343,,none,0,0
afterglow,67,73,Walk The Line (Themba Extended Mix),Wish We Could feat. Syon & Darla Jade (Extended Mix),9A,3A,2.5207,0.6058,,none,0,0
afterglow,68,69,We Are Child Of Love (The Mekanism Remix),What Can I Do,12A,8A,0.7071,0.6124,,none,0,0
afterglow,68,70,We Are Child Of Love (The Mekanism Remix),What I Might Do,12A,5A,1.6394,0.5736,,none,0,0
afterglow,68,71,We Are Child Of Love (The Mekanism Remix),When Will I See You Again (Amtrac Remix),12A,5B,1.8541,0.5273,,none,0,0
afterglow,68,72,We Are Child Of Love (The Mekanism Remix),Where the Subtle Meets Infinity (Original Mix),12A,1A,1.5811,0.433,adjacent,harmonic,0.7,1
afterglow,68,73,We Are Child Of Love (The Mekanism Remix),Wish We Could feat. Syon & Darla Jade (Extended Mix),12A,3A,0.0294,0.8187,,none,0,0
afterglow,69,70,What Can I Do,What I Might Do,8A,5A,1.4988,0.6783,,none,0,0
afterglow,69,71,What Can I Do,When Will I See You Again (Amtrac Remix),8A,5B,1.8699,0.4544,,none,0,0
afterglow,69,72,What Can I Do,Where the Subtle Meets Infinity (Original Mix),8A,1A,1.4142,0.5303,,none,0,0
afterglow,69,73,What Can I Do,Wish We Could feat. Syon & Darla Jade (Extended Mix),8A,3A,0.6866,0.6114,,none,0,0
afterglow,70,71,What I Might Do,When Will I See You Again (Amtrac Remix),5A,5B,0.5,0.7532,,none,0,0
afterglow,70,72,What I Might Do,Where the Subtle Meets Infinity (Original Mix),5A,1A,0.6035,0.3255,,none,0,0
afterglow,70,73,What I Might Do,Wish We Could feat. Syon & Darla Jade (Extended Mix),5A,3A,1.6136,0.5711,,none,0,0
afterglow,71,72,When Will I See You Again (Amtrac Remix),Where the Subtle Meets Infinity (Original Mix),5B,1A,0.7837,0.4397,,none,0,0
afterglow,71,73,When Will I See You Again (Amtrac Remix),Wish We Could feat. Syon & Darla Jade (Extended Mix),5B,3A,1.8313,0.6949,,none,0,0
afterglow,72,73,Where the Subtle Meets Infinity (Original Mix),Wish We Could feat. Syon & Darla Jade (Extended Mix),1A,3A,1.5533,0.4323,,none,0,0
sunrise-reset,1,5,All In A Dream feat. DJ Tennis feat. Joseph Ashworth (Extended Mix),Calling Out Your Name (Original Mix),7A,1A,0,0.8632,,none,0,0
sunrise-reset,1,6,All In A Dream feat. DJ Tennis feat. Joseph Ashworth (Extended Mix),Can't Do Without You (Tale Of Us & Mano Le Tough Remix),7A,8A,1,0.7377,adjacent,harmonic,0.7,1
sunrise-reset,1,7,All In A Dream feat. DJ Tennis feat. Joseph Ashworth (Extended Mix),Deep in the Bottom (of Africa),7A,5A,1.487,0.3942,,none,0,0
sunrise-reset,1,9,All In A Dream feat. DJ Tennis feat. Joseph Ashworth (Extended Mix),Dolores,7A,10A,0.943,0.8519,,none,0,0
sunrise-reset,1,10,All In A Dream feat. DJ Tennis feat. Joseph Ashworth (Extended Mix),Don’t Turn It Off feat. Qzen (Session Victim Extended Remix),7A,8A,1.118,0.6487,adjacent,harmonic,0.7,1
sunrise-reset,1,13,All In A Dream feat. DJ Tennis feat. Joseph Ashworth (Extended Mix),Feel Good (feat. Charlotte Cardin) [Remix] (feat. Charlotte Cardin),7A,11A,1,0.4126,,none,0,0
sunrise-reset,1,14,All In A Dream feat. DJ Tennis feat. Joseph Ashworth (Extended Mix),Feel The Fire (Journeyman Remix),7A,7A,1.0799,0.7053,same,harmonic,1,1
sunrise-reset,1,17,All In A Dream feat. DJ Tennis feat. Joseph Ashworth (Extended Mix),Final Credits (Original Mix),7A,4A,1.2578,0.579,,none,0,0
sunrise-reset,1,20,All In A Dream feat. DJ Tennis feat. Joseph Ashworth (Extended Mix),Hit The Ground  (Extended Mix),7A,6A,1.0441,0.8281,adjacent,harmonic,0.7,1
sunrise-reset,1,21,All In A Dream feat. DJ Tennis feat. Joseph Ashworth (Extended Mix),Houdini (Adam Port Mix),7A,6A,1.0441,0.4355,adjacent,harmonic,0.7,1
sunrise-reset,1,22,All In A Dream feat. DJ Tennis feat. Joseph Ashworth (Extended Mix),I Remember (Original Mix),7A,10A,1.8121,0.3364,,none,0,0
sunrise-reset,1,23,All In A Dream feat. DJ Tennis feat. Joseph Ashworth (Extended Mix),I Won't Fade Away feat. Alice Russell (Original Mix),7A,9A,1.4749,0.4471,,none,0,0
sunrise-reset,1,24,All In A Dream feat. DJ Tennis feat. Joseph Ashworth (Extended Mix),Illusory (Extended Mix),7A,1A,1.4621,0.6639,,none,0,0
sunrise-reset,1,26,All In A Dream feat. DJ Tennis feat. Joseph Ashworth (Extended Mix),It's Not Enough feat. Janai (Original Mix),7A,4A,1,0.9278,,none,0,0
sunrise-reset,1,27,All In A Dream feat. DJ Tennis feat. Joseph Ashworth (Extended Mix),It's Not Right (Original Mix),7A,5A,0.8181,0.5532,,none,0,0
sunrise-reset,1,28,All In A Dream feat. DJ Tennis feat. Joseph Ashworth (Extended Mix),Izolo feat. Khonaye (Lost Desert & Lee Burridge Remix),7A,9A,1.0441,0.9232,,none,0,0
sunrise-reset,1,35,All In A Dream feat. DJ Tennis feat. Joseph Ashworth (Extended Mix),Lying Together,7A,2A,0.7282,0.7,,none,0,0
sunrise-reset,1,36,All In A Dream feat. DJ Tennis feat. Joseph Ashworth (Extended Mix),Marijuana (Original Mix),7A,1A,1,0.4289,,none,0,0
sunrise-reset,1,37,All In A Dream feat. DJ Tennis feat. Joseph Ashworth (Extended Mix),Masala (Pablo Fierro Remix),7A,7A,1.487,0.3556,same,harmonic,1,1
sunrise-reset,1,39,All In A Dream feat. DJ Tennis feat. Joseph Ashworth (Extended Mix),Never Sleep Again (Keinemusik Remix),7A,6A,0.5549,0.525,adjacent,harmonic,0.7,1
sunrise-reset,1,40,All In A Dream feat. DJ Tennis feat. Joseph Ashworth (Extended Mix),Neverender (Extended),7A,11A,2.2561,0.3851,,none,0,0
sunrise-reset,1,41,All In A Dream feat. DJ Tennis feat. Joseph Ashworth (Extended Mix),Night Blooming Jasmine (Original Mix),7A,4A,1,0.5431,,none,0,0
sunrise-reset,1,42,All In A Dream feat. DJ Tennis feat. Joseph Ashworth (Extended Mix),Night Blooming Jasmine (Rodriguez Jr. Remix),7A,4A,1.1665,0.4092,,none,0,0
sunrise-reset,1,45,All In A Dream feat. DJ Tennis feat. Joseph Ashworth (Extended Mix),Opal (Four Tet Remix),7A,8A,1.3954,0.4809,adjacent,harmonic,0.7,1
sunrise-reset,1,46,All In A Dream feat. DJ Tennis feat. Joseph Ashworth (Extended Mix),Preach The World (Original Mix),7A,12A,1.3808,0.4873,,none,0,0
sunrise-reset,1,49,All In A Dream feat. DJ Tennis feat. Joseph Ashworth (Extended Mix),Saturday Night (Extended),7A,4A,1,0.5598,,none,0,0
sunrise-reset,1,50,All In A Dream feat. DJ Tennis feat. Joseph Ashworth (Extended Mix),Sell My Heart (Kreative Nativez Remix),7A,11A,2.0224,0.4233,,none,0,0
sunrise-reset,1,51,All In A Dream feat. DJ Tennis feat. Joseph Ashworth (Extended Mix),Sing It Back (feat. Naila) (Original Mix),7A,12A,1.0008,0.7119,,none,0,0
sunrise-reset,1,52,All In A Dream feat. DJ Tennis feat. Joseph Ashworth (Extended Mix),Sing It Back (Herbert's Tasteful Dub),7A,2A,1,0.4289,,none,0,0
sunrise-reset,1,53,All In A Dream feat. DJ Tennis feat. Joseph Ashworth (Extended Mix),Skin (Rinzen Remix),7A,8A,1.487,0.7296,adjacent,harmonic,0.7,1
sunrise-reset,1,54,All In A Dream feat. DJ Tennis feat. Joseph Ashworth (Extended Mix),Slow Down (James Cole Remix),7A,9A,1.5,0.3675,,none,0,0
sunrise-reset,1,56,All In A Dream feat. DJ Tennis feat. Joseph Ashworth (Extended Mix),Sordid Affair (Maceo Plex Mix),7A,3A,0.6605,0.4742,,none,0,0
sunrise-reset,1,58,All In A Dream feat. DJ Tennis feat. Joseph Ashworth (Extended Mix),Sunset Drive (Extended Mix),7A,5A,1.611,0.386,,none,0,0
sunrise-reset,1,59,All In A Dream feat. DJ Tennis feat. Joseph Ashworth (Extended Mix),Symmetry (Rodriguez Jr. Remix),7A,11A,0.747,0.6755,,none,0,0
sunrise-reset,1,63,All In A Dream feat. DJ Tennis feat. Joseph Ashworth (Extended Mix),There's Never Been (No One Like You)(P's Sunrise Edit),7A,10B,1.0441,0.7184,,none,0,0
sunrise-reset,1,64,All In A Dream feat. DJ Tennis feat. Joseph Ashworth (Extended Mix),Touch (Four Tet Remix),7A,8B,1.0441,0.4355,,none,0,0
sunrise-reset,1,66,All In A Dream feat. DJ Tennis feat. Joseph Ashworth (Extended Mix),Walk The Line (Extended Mix),7A,9A,1.0441,0.4936,,none,0,0
sunrise-reset,1,67,All In A Dream feat. DJ Tennis feat. Joseph Ashworth (Extended Mix),Walk The Line (Themba Extended Mix),7A,9A,2.2561,0.4233,,none,0,0
sunrise-reset,1,71,All In A Dream feat. DJ Tennis feat. Joseph Ashworth (Extended Mix),When Will I See You Again (Amtrac Remix),7A,5B,1.7708,0.3828,,none,0,0
sunrise-reset,1,72,All In A Dream feat. DJ Tennis feat. Joseph Ashworth (Extended Mix),Where the Subtle Meets Infinity (Original Mix),7A,1A,1.4142,0.7246,,none,0,0
sunrise-reset,1,73,All In A Dream feat. DJ Tennis feat. Joseph Ashworth (Extended Mix),Wish We Could feat. Syon & Darla Jade (Extended Mix),7A,3A,0.7494,0.6683,,none,0,0
sunrise-reset,5,6,Calling Out Your Name (Original Mix),Can't Do Without You (Tale Of Us & Mano Le Tough Remix),1A,8A,1,0.7513,,none,0,0
sunrise-reset,5,7,Calling Out Your Name (Original Mix),Deep in the Bottom (of Africa),1A,5A,1.487,0.5493,,none,0,0
sunrise-reset,5,9,Calling Out Your Name (Original Mix),Dolores,1A,10A,0.943,0.8675,,none,0,0
sunrise-reset,5,10,Calling Out Your Name (Original Mix),Don’t Turn It Off feat. Qzen (Session Victim Extended Remix),1A,8A,1.118,0.6606,,none,0,0
sunrise-reset,5,13,Calling Out Your Name (Original Mix),Feel Good (feat. Charlotte Cardin) [Remix] (feat. Charlotte Cardin),1A,11A,1,0.5632,,none,0,0
sunrise-reset,5,14,Calling Out Your Name (Original Mix),Feel The Fire (Journeyman Remix),1A,7A,1.0799,0.8489,,none,0,0
sunrise-reset,5,17,Calling Out Your Name (Original Mix),Final Credits (Original Mix),1A,4A,1.2578,0.6943,,none,0,0
sunrise-reset,5,20,Calling Out Your Name (Original Mix),Hit The Ground  (Extended Mix),1A,6A,1.0441,0.711,,none,0,0
sunrise-reset,5,21,Calling Out Your Name (Original Mix),Houdini (Adam Port Mix),1A,6A,1.0441,0.6274,,none,0,0
sunrise-reset,5,22,Calling Out Your Name (Original Mix),I Remember (Original Mix),1A,10A,1.8121,0.4671,,none,0,0
sunrise-reset,5,23,Calling Out Your Name (Original Mix),I Won't Fade Away feat. Alice Russell (Original Mix),1A,9A,1.4749,0.5973,,none,0,0
sunrise-reset,5,24,Calling Out Your Name (Original Mix),Illusory (Extended Mix),1A,1A,1.4621,0.6761,same,harmonic,1,1
sunrise-reset,5,26,Calling Out Your Name (Original Mix),It's Not Enough feat. Janai (Original Mix),1A,4A,1,0.7973,,none,0,0
sunrise-reset,5,27,Calling Out Your Name (Original Mix),It's Not Right (Original Mix),1A,5A,0.8181,0.715,,none,0,0
sunrise-reset,5,28,Calling Out Your Name (Original Mix),Izolo feat. Khonaye (Lost Desert & Lee Burridge Remix),1A,9A,1.0441,0.7927,,none,0,0
sunrise-reset,5,35,Calling Out Your Name (Original Mix),Lying Together,1A,2A,0.7282,0.7128,adjacent,harmonic,0.7,1
sunrise-reset,5,36,Calling Out Your Name (Original Mix),Marijuana (Original Mix),1A,1A,1,0.6154,same,harmonic,1,1
sunrise-reset,5,37,Calling Out Your Name (Original Mix),Masala (Pablo Fierro Remix),1A,7A,1.487,0.4956,,none,0,0
sunrise-reset,5,39,Calling Out Your Name (Original Mix),Never Sleep Again (Keinemusik Remix),1A,6A,0.5549,0.6906,,none,0,0
sunrise-reset,5,40,Calling Out Your Name (Original Mix),Neverender (Extended),1A,11A,2.2561,0.3921,,none,0,0
sunrise-reset,5,41,Calling Out Your Name (Original Mix),Night Blooming Jasmine (Original Mix),1A,4A,1,0.5715,,none,0,0
sunrise-reset,5,42,Calling Out Your Name (Original Mix),Night Blooming Jasmine (Rodriguez Jr. Remix),1A,4A,1.1665,0.599,,none,0,0
sunrise-reset,5,45,Calling Out Your Name (Original Mix),Opal (Four Tet Remix),1A,8A,1.3954,0.6367,,none,0,0
sunrise-reset,5,46,Calling Out Your Name (Original Mix),Preach The World (Original Mix),1A,12A,1.3808,0.6049,adjacent,harmonic,0.7,1
sunrise-reset,5,49,Calling Out Your Name (Original Mix),Saturday Night (Extended),1A,4A,1,0.729,,none,0,0
sunrise-reset,5,50,Calling Out Your Name (Original Mix),Sell My Heart (Kreative Nativez Remix),1A,11A,2.0224,0.6097,,none,0,0
sunrise-reset,5,51,Calling Out Your Name (Original Mix),Sing It Back (feat. Naila) (Original Mix),1A,12A,1.0008,0.8707,adjacent,harmonic,0.7,1
sunrise-reset,5,52,Calling Out Your Name (Original Mix),Sing It Back (Herbert's Tasteful Dub),1A,2A,1,0.6154,adjacent,harmonic,0.7,1
sunrise-reset,5,53,Calling Out Your Name (Original Mix),Skin (Rinzen Remix),1A,8A,1.487,0.743,,none,0,0
sunrise-reset,5,54,Calling Out Your Name (Original Mix),Slow Down (James Cole Remix),1A,9A,1.5,0.5274,,none,0,0
sunrise-reset,5,56,Calling Out Your Name (Original Mix),Sordid Affair (Maceo Plex Mix),1A,3A,0.6605,0.6455,,none,0,0
sunrise-reset,5,58,Calling Out Your Name (Original Mix),Sunset Drive (Extended Mix),1A,5A,1.611,0.5307,,none,0,0
sunrise-reset,5,59,Calling Out Your Name (Original Mix),Symmetry (Rodriguez Jr. Remix),1A,11A,0.747,0.8296,,none,0,0
sunrise-reset,5,63,Calling Out Your Name (Original Mix),There's Never Been (No One Like You)(P's Sunrise Edit),1A,10B,1.0441,0.7315,,none,0,0
sunrise-reset,5,64,Calling Out Your Name (Original Mix),Touch (Four Tet Remix),1A,8B,1.0441,0.6274,,none,0,0
sunrise-reset,5,66,Calling Out Your Name (Original Mix),Walk The Line (Extended Mix),1A,9A,1.0441,0.5003,,none,0,0
sunrise-reset,5,67,Calling Out Your Name (Original Mix),Walk The Line (Themba Extended Mix),1A,9A,2.2561,0.4311,,none,0,0
sunrise-reset,5,71,Calling Out Your Name (Original Mix),When Will I See You Again (Amtrac Remix),1A,5B,1.7708,0.5396,,none,0,0
sunrise-reset,5,72,Calling Out Your Name (Original Mix),Where the Subtle Meets Infinity (Original Mix),1A,1A,1.4142,0.5973,same,harmonic,1,1
sunrise-reset,5,73,Calling Out Your Name (Original Mix),Wish We Could feat. Syon & Darla Jade (Extended Mix),1A,3A,0.7494,0.8336,,none,0,0
sunrise-reset,6,7,Can't Do Without You (Tale Of Us & Mano Le Tough Remix),Deep in the Bottom (of Africa),8A,5A,1.1006,0.6164,,none,0,0
sunrise-reset,6,9,Can't Do Without You (Tale Of Us & Mano Le Tough Remix),Dolores,8A,10A,0.0832,0.729,,none,0,0
sunrise-reset,6,10,Can't Do Without You (Tale Of Us & Mano Le Tough Remix),Don’t Turn It Off feat. Qzen (Session Victim Extended Remix),8A,8A,0.5,0.5321,same,harmonic,1,1
sunrise-reset,6,13,Can't Do Without You (Tale Of Us & Mano Le Tough Remix),Feel Good (feat. Charlotte Cardin) [Remix] (feat. Charlotte Cardin),8A,11A,0,0.6568,,none,0,0
sunrise-reset,6,14,Can't Do Without You (Tale Of Us & Mano Le Tough Remix),Feel The Fire (Journeyman Remix),8A,7A,0.5327,0.5735,adjacent,harmonic,0.7,1
sunrise-reset,6,17,Can't Do Without You (Tale Of Us & Mano Le Tough Remix),Final Credits (Original Mix),8A,4A,1.2071,0.6701,,none,0,0
sunrise-reset,6,20,Can't Do Without You (Tale Of Us & Mano Le Tough Remix),Hit The Ground  (Extended Mix),8A,6A,0.3003,0.603,,none,0,0
sunrise-reset,6,21,Can't Do Without You (Tale Of Us & Mano Le Tough Remix),Houdini (Adam Port Mix),8A,6A,0.3003,0.6811,,none,0,0
sunrise-reset,6,22,Can't Do Without You (Tale Of Us & Mano Le Tough Remix),I Remember (Original Mix),8A,10A,1.1587,0.5447,,none,0,0
sunrise-reset,6,23,Can't Do Without You (Tale Of Us & Mano Le Tough Remix),I Won't Fade Away feat. Alice Russell (Original Mix),8A,9A,1.0449,0.5332,adjacent,harmonic,0.7,1
sunrise-reset,6,24,Can't Do Without You (Tale Of Us & Mano Le Tough Remix),Illusory (Extended Mix),8A,1A,1.0022,0.5504,,none,0,0
sunrise-reset,6,26,Can't Do Without You (Tale Of Us & Mano Le Tough Remix),It's Not Enough feat. Janai (Original Mix),8A,4A,0,0.6771,,none,0,0
sunrise-reset,6,27,Can't Do Without You (Tale Of Us & Mano Le Tough Remix),It's Not Right (Original Mix),8A,5A,0.7472,0.6523,,none,0,0
sunrise-reset,6,28,Can't Do Without You (Tale Of Us & Mano Le Tough Remix),Izolo feat. Khonaye (Lost Desert & Lee Burridge Remix),8A,9A,0.3003,0.6723,adjacent,harmonic,0.7,1
sunrise-reset,6,35,Can't Do Without You (Tale Of Us & Mano Le Tough Remix),Lying Together,8A,2A,1.237,0.5523,,none,0,0
sunrise-reset,6,36,Can't Do Without You (Tale Of Us & Mano Le Tough Remix),Marijuana (Original Mix),8A,1A,0,0.6945,,none,0,0
sunrise-reset,6,37,Can't Do Without You (Tale Of Us & Mano Le Tough Remix),Masala (Pablo Fierro Remix),8A,7A,1.1006,0.5784,adjacent,harmonic,0.7,1
sunrise-reset,6,39,Can't Do Without You (Tale Of Us & Mano Le Tough Remix),Never Sleep Again (Keinemusik Remix),8A,6A,0.6121,0.5545,,none,0,0
sunrise-reset,6,40,Can't Do Without You (Tale Of Us & Mano Le Tough Remix),Neverender (Extended),8A,11A,2.0224,0.6263,,none,0,0
sunrise-reset,6,41,Can't Do Without You (Tale Of Us & Mano Le Tough Remix),Night Blooming Jasmine (Original Mix),8A,4A,0,0.6449,,none,0,0
sunrise-reset,6,42,Can't Do Without You (Tale Of Us & Mano Le Tough Remix),Night Blooming Jasmine (Rodriguez Jr. Remix),8A,4A,0.6006,0.6785,,none,0,0
sunrise-reset,6,45,Can't Do Without You (Tale Of Us & Mano Le Tough Remix),Opal (Four Tet Remix),8A,8A,0.8793,0.5273,same,harmonic,1,1
sunrise-reset,6,46,Can't Do Without You (Tale Of Us & Mano Le Tough Remix),Preach The World (Original Mix),8A,12A,1.3593,0.5564,,none,0,0
sunrise-reset,6,49,Can't Do Without You (Tale Of Us & Mano Le Tough Remix),Saturday Night (Extended),8A,4A,0,0.4048,,none,0,0
sunrise-reset,6,50,Can't Do Without You (Tale Of Us & Mano Le Tough Remix),Sell My Heart (Kreative Nativez Remix),8A,11A,1.0441,0.4492,,none,0,0
sunrise-reset,6,51,Can't Do Without You (Tale Of Us & Mano Le Tough Remix),Sing It Back (feat. Naila) (Original Mix),8A,12A,0.04,0.7728,,none,0,0
sunrise-reset,6,52,Can't Do Without You (Tale Of Us & Mano Le Tough Remix),Sing It Back (Herbert's Tasteful Dub),8A,2A,0,0.6945,,none,0,0
sunrise-reset,6,53,Can't Do Without You (Tale Of Us & Mano Le Tough Remix),Skin (Rinzen Remix),8A,8A,1.0458,0.6022,same,harmonic,1,1
sunrise-reset,6,54,Can't Do Without You (Tale Of Us & Mano Le Tough Remix),Slow Down (James Cole Remix),8A,9A,0.5,0.5724,adjacent,harmonic,0.7,1
sunrise-reset,6,56,Can't Do Without You (Tale Of Us & Mano Le Tough Remix),Sordid Affair (Maceo Plex Mix),8A,3A,0.5096,0.5855,,none,0,0
sunrise-reset,6,58,Can't Do Without You (Tale Of Us & Mano Le Tough Remix),Sunset Drive (Extended Mix),8A,5A,1.263,0.617,,none,0,0
sunrise-reset,6,59,Can't Do Without You (Tale Of Us & Mano Le Tough Remix),Symmetry (Rodriguez Jr. Remix),8A,11A,0.747,0.7379,,none,0,0
sunrise-reset,6,63,Can't Do Without You (Tale Of Us & Mano Le Tough Remix),There's Never Been (No One Like You)(P's Sunrise Edit),8A,10B,0.3003,0.6205,,none,0,0
sunrise-reset,6,64,Can't Do Without You (Tale Of Us & Mano Le Tough Remix),Touch (Four Tet Remix),8A,8B,0.3003,0.6811,,none,0,0
sunrise-reset,6,66,Can't Do Without You (Tale Of Us & Mano Le Tough Remix),Walk The Line (Extended Mix),8A,9A,0.3003,0.565,adjacent,harmonic,0.7,1
sunrise-reset,6,67,Can't Do Without You (Tale Of Us & Mano Le Tough Remix),Walk The Line (Themba Extended Mix),8A,9A,2.0224,0.6885,adjacent,harmonic,0.7,1
sunrise-reset,6,71,Can't Do Without You (Tale Of Us & Mano Le Tough Remix),When Will I See You Again (Amtrac Remix),8A,5B,1.0657,0.5845,,none,0,0
sunrise-reset,6,72,Can't Do Without You (Tale Of Us & Mano Le Tough Remix),Where the Subtle Meets Infinity (Original Mix),8A,1A,1,0.476,,none,0,0
sunrise-reset,6,73,Can't Do Without You (Tale Of Us & Mano Le Tough Remix),Wish We Could feat. Syon & Darla Jade (Extended Mix),8A,3A,0.7494,0.7294,,none,0,0
sunrise-reset,7,9,Deep in the Bottom (of Africa),Dolores,5A,10A,1.1588,0.3792,,none,0,0
sunrise-reset,7,10,Deep in the Bottom (of Africa),Don’t Turn It Off feat. Qzen (Session Victim Extended Remix),5A,8A,0.6344,0.5412,,none,0,0
sunrise-reset,7,13,Deep in the Bottom (of Africa),Feel Good (feat. Charlotte Cardin) [Remix] (feat. Charlotte Cardin),5A,11A,1.1006,0.799,,none,0,0
sunrise-reset,7,14,Deep in the Bottom (of Africa),Feel The Fire (Journeyman Remix),5A,7A,0.6115,0.5388,,none,0,0
sunrise-reset,7,17,Deep in the Bottom (of Africa),Final Credits (Original Mix),5A,4A,0.5348,0.8455,adjacent,harmonic,0.7,1
sunrise-reset,7,20,Deep in the Bottom (of Africa),Hit The Ground  (Extended Mix),5A,6A,1.0588,0.3206,adjacent,harmonic,0.7,1
sunrise-reset,7,21,Deep in the Bottom (of Africa),Houdini (Adam Port Mix),5A,6A,1.0588,0.877,adjacent,harmonic,0.7,1
sunrise-reset,7,22,Deep in the Bottom (of Africa),I Remember (Original Mix),5A,10A,0.5582,0.8589,,none,0,0
sunrise-reset,7,23,Deep in the Bottom (of Africa),I Won't Fade Away feat. Alice Russell (Original Mix),5A,9A,0.6049,0.8679,,none,0,0
sunrise-reset,7,24,Deep in the Bottom (of Africa),Illusory (Extended Mix),5A,1A,0.3132,0.3842,,none,0,0
sunrise-reset,7,26,Deep in the Bottom (of Africa),It's Not Enough feat. Janai (Original Mix),5A,4A,1.1006,0.3549,adjacent,harmonic,0.7,1
sunrise-reset,7,27,Deep in the Bottom (of Africa),It's Not Right (Original Mix),5A,5A,1.1869,0.8086,same,harmonic,1,1
sunrise-reset,7,28,Deep in the Bottom (of Africa),Izolo feat. Khonaye (Lost Desert & Lee Burridge Remix),5A,9A,1.0588,0.3574,,none,0,0
sunrise-reset,7,35,Deep in the Bottom (of Africa),Lying Together,5A,2A,1.2284,0.5523,,none,0,0
sunrise-reset,7,36,Deep in the Bottom (of Africa),Marijuana (Original Mix),5A,1A,1.1006,0.8736,,none,0,0
sunrise-reset,7,37,Deep in the Bottom (of Africa),Masala (Pablo Fierro Remix),5A,7A,0,0.9225,,none,0,0
sunrise-reset,7,39,Deep in the Bottom (of Africa),Never Sleep Again (Keinemusik Remix),5A,6A,1.1856,0.7228,adjacent,harmonic,0.7,1
sunrise-reset,7,40,Deep in the Bottom (of Africa),Neverender (Extended),5A,11A,0.9412,0.8223,,none,0,0
sunrise-reset,7,41,Deep in the Bottom (of Africa),Night Blooming Jasmine (Original Mix),5A,4A,1.1006,0.8113,adjacent,harmonic,0.7,1
sunrise-reset,7,42,Deep in the Bottom (of Africa),Night Blooming Jasmine (Rodriguez Jr. Remix),5A,4A,1.1006,0.8747,adjacent,harmonic,0.7,1
sunrise-reset,7,45,Deep in the Bottom (of Africa),Opal (Four Tet Remix),5A,8A,0.3627,0.8356,,none,0,0
sunrise-reset,7,46,Deep in the Bottom (of Africa),Preach The World (Original Mix),5A,12A,0.5622,0.8602,,none,0,0
sunrise-reset,7,49,Deep in the Bottom (of Africa),Saturday Night (Extended),5A,4A,1.1006,0.5828,adjacent,harmonic,0.7,1
sunrise-reset,7,50,Deep in the Bottom (of Africa),Sell My Heart (Kreative Nativez Remix),5A,11A,1.4564,0.6582,,none,0,0
sunrise-reset,7,51,Deep in the Bottom (of Africa),Sing It Back (feat. Naila) (Original Mix),5A,12A,1.1391,0.6595,,none,0,0
sunrise-reset,7,52,Deep in the Bottom (of Africa),Sing It Back (Herbert's Tasteful Dub),5A,2A,1.1006,0.8736,,none,0,0
sunrise-reset,7,53,Deep in the Bottom (of Africa),Skin (Rinzen Remix),5A,8A,0.0832,0.4001,,none,0,0
sunrise-reset,7,54,Deep in the Bottom (of Africa),Slow Down (James Cole Remix),5A,9A,1.2088,0.7279,,none,0,0
sunrise-reset,7,56,Deep in the Bottom (of Africa),Sordid Affair (Maceo Plex Mix),5A,3A,1.1361,0.7575,,none,0,0
sunrise-reset,7,58,Deep in the Bottom (of Africa),Sunset Drive (Extended Mix),5A,5A,0.3048,0.9987,same,harmonic,1,1
sunrise-reset,7,59,Deep in the Bottom (of Africa),Symmetry (Rodriguez Jr. Remix),5A,11A,1.6053,0.7385,,none,0,0
sunrise-reset,7,63,Deep in the Bottom (of Africa),There's Never Been (No One Like You)(P's Sunrise Edit),5A,10B,1.0588,0.3298,,none,0,0
sunrise-reset,7,64,Deep in the Bottom (of Africa),Touch (Four Tet Remix),5A,8B,1.0588,0.877,,none,0,0
sunrise-reset,7,66,Deep in the Bottom (of Africa),Walk The Line (Extended Mix),5A,9A,1.0588,0.7193,,none,0,0
sunrise-reset,7,67,Deep in the Bottom (of Africa),Walk The Line (Themba Extended Mix),5A,9A,0.9412,0.904,,none,0,0
sunrise-reset,7,71,Deep in the Bottom (of Africa),When Will I See You Again (Amtrac Remix),5A,5B,0.595,0.9153,,none,0,0
sunrise-reset,7,72,Deep in the Bottom (of Africa),Where the Subtle Meets Infinity (Original Mix),5A,1A,0.306,0.3194,,none,0,0
sunrise-reset,7,73,Deep in the Bottom (of Africa),Wish We Could feat. Syon & Darla Jade (Extended Mix),5A,3A,1.6091,0.7305,,none,0,0
sunrise-reset,9,10,Dolores,Don’t Turn It Off feat. Qzen (Session Victim Extended Remix),10A,8A,0.5619,0.8009,,none,0,0
sunrise-reset,9,13,Dolores,Feel Good (feat. Charlotte Cardin) [Remix] (feat. Charlotte Cardin),10A,11A,0.0832,0.3969,adjacent,harmonic,0.7,1
sunrise-reset,9,14,Dolores,Feel The Fire (Journeyman Remix),10A,7A,0.5882,0.8392,,none,0,0
sunrise-reset,9,17,Dolores,Final Credits (Original Mix),10A,4A,1.2429,0.571,,none,0,0
sunrise-reset,9,20,Dolores,Hit The Ground  (Extended Mix),10A,6A,0.3116,0.8277,,none,0,0
sunrise-reset,9,21,Dolores,Houdini (Adam Port Mix),10A,6A,0.3116,0.4189,,none,0,0
sunrise-reset,9,22,Dolores,I Remember (Original Mix),10A,10A,1.2367,0.458,same,harmonic,1,1
sunrise-reset,9,23,Dolores,I Won't Fade Away feat. Alice Russell (Original Mix),10A,9A,1.1052,0.5812,adjacent,harmonic,0.7,1
sunrise-reset,9,24,Dolores,Illusory (Extended Mix),10A,1A,1.0662,0.8157,,none,0,0
sunrise-reset,9,26,Dolores,It's Not Enough feat. Janai (Original Mix),10A,4A,0.0832,0.9272,,none,0,0
sunrise-reset,9,27,Dolores,It's Not Right (Original Mix),10A,5A,0.7162,0.5503,,none,0,0
sunrise-reset,9,28,Dolores,Izolo feat. Khonaye (Lost Desert & Lee Burridge Remix),10A,9A,0.3116,0.9228,adjacent,harmonic,0.7,1
sunrise-reset,9,35,Dolores,Lying Together,10A,2A,1.2116,0.7143,,none,0,0
sunrise-reset,9,36,Dolores,Marijuana (Original Mix),10A,1A,0.0832,0.4125,,none,0,0
sunrise-reset,9,37,Dolores,Masala (Pablo Fierro Remix),10A,7A,1.1588,0.342,,none,0,0
sunrise-reset,9,39,Dolores,Never Sleep Again (Keinemusik Remix),10A,6A,0.5646,0.5237,,none,0,0
sunrise-reset,9,40,Dolores,Neverender (Extended),10A,11A,2.0814,0.3704,adjacent,harmonic,0.7,1
sunrise-reset,9,41,Dolores,Night Blooming Jasmine (Original Mix),10A,4A,0.0832,0.3831,,none,0,0
sunrise-reset,9,42,Dolores,Night Blooming Jasmine (Rodriguez Jr. Remix),10A,4A,0.6063,0.3936,,none,0,0
sunrise-reset,9,45,Dolores,Opal (Four Tet Remix),10A,8A,0.9451,0.6366,,none,0,0
sunrise-reset,9,46,Dolores,Preach The World (Original Mix),10A,12A,1.3899,0.4855,,none,0,0
sunrise-reset,9,49,Dolores,Saturday Night (Extended),10A,4A,0.0832,0.7315,,none,0,0
sunrise-reset,9,50,Dolores,Sell My Heart (Kreative Nativez Remix),10A,11A,1.1022,0.6,adjacent,harmonic,0.7,1
sunrise-reset,9,51,Dolores,Sing It Back (feat. Naila) (Original Mix),10A,12A,0.0618,0.8421,,none,0,0
sunrise-reset,9,52,Dolores,Sing It Back (Herbert's Tasteful Dub),10A,2A,0.0832,0.4125,,none,0,0
sunrise-reset,9,53,Dolores,Skin (Rinzen Remix),10A,8A,1.1069,0.8967,,none,0,0
sunrise-reset,9,54,Dolores,Slow Down (James Cole Remix),10A,9A,0.5619,0.5004,adjacent,harmonic,0.7,1
sunrise-reset,9,56,Dolores,Sordid Affair (Maceo Plex Mix),10A,3A,0.4671,0.4715,,none,0,0
sunrise-reset,9,58,Dolores,Sunset Drive (Extended Mix),10A,5A,1.3164,0.3713,,none,0,0
sunrise-reset,9,59,Dolores,Symmetry (Rodriguez Jr. Remix),10A,11A,0.6717,0.6856,adjacent,harmonic,0.7,1
sunrise-reset,9,63,Dolores,There's Never Been (No One Like You)(P's Sunrise Edit),10A,10B,0.3116,0.8516,,none,0,0
sunrise-reset,9,64,Dolores,Touch (Four Tet Remix),10A,8B,0.3116,0.4189,,none,0,0
sunrise-reset,9,66,Dolores,Walk The Line (Extended Mix),10A,9A,0.3116,0.3341,adjacent,harmonic,0.7,1
sunrise-reset,9,67,Dolores,Walk The Line (Themba Extended Mix),10A,9A,2.0814,0.4071,adjacent,harmonic,0.7,1
sunrise-reset,9,71,Dolores,When Will I See You Again (Amtrac Remix),10A,5B,1.1455,0.5119,,none,0,0
sunrise-reset,9,72,Dolores,Where the Subtle Meets Infinity (Original Mix),10A,1A,1.0605,0.7135,,none,0,0
sunrise-reset,9,73,Dolores,Wish We Could feat. Syon & Darla Jade (Extended Mix),10A,3A,0.6741,0.6795,,none,0,0
sunrise-reset,10,13,Don’t Turn It Off feat. Qzen (Session Victim Extended Remix),Feel Good (feat. Charlotte Cardin) [Remix] (feat. Charlotte Cardin),8A,11A,0.5,0.5121,,none,0,0
sunrise-reset,10,14,Don’t Turn It Off feat. Qzen (Session Victim Extended Remix),Feel The Fire (Journeyman Remix),8A,7A,0.0658,0.6416,adjacent,harmonic,0.7,1
sunrise-reset,10,17,Don’t Turn It Off feat. Qzen (Session Victim Extended Remix),Final Credits (Original Mix),8A,4A,0.7629,0.6871,,none,0,0
sunrise-reset,10,20,Don’t Turn It Off feat. Qzen (Session Victim Extended Remix),Hit The Ground  (Extended Mix),8A,6A,0.5832,0.7686,,none,0,0
sunrise-reset,10,21,Don’t Turn It Off feat. Qzen (Session Victim Extended Remix),Houdini (Adam Port Mix),8A,6A,0.5832,0.3986,,none,0,0
sunrise-reset,10,22,Don’t Turn It Off feat. Qzen (Session Victim Extended Remix),I Remember (Original Mix),8A,10A,0.7306,0.7112,,none,0,0
sunrise-reset,10,23,Don’t Turn It Off feat. Qzen (Session Victim Extended Remix),I Won't Fade Away feat. Alice Russell (Original Mix),8A,9A,0.5847,0.7035,adjacent,harmonic,0.7,1
sunrise-reset,10,24,Don’t Turn It Off feat. Qzen (Session Victim Extended Remix),Illusory (Extended Mix),8A,1A,0.5044,0.7817,,none,0,0
sunrise-reset,10,26,Don’t Turn It Off feat. Qzen (Session Victim Extended Remix),It's Not Enough feat. Janai (Original Mix),8A,4A,0.5,0.7367,,none,0,0
sunrise-reset,10,27,Don’t Turn It Off feat. Qzen (Session Victim Extended Remix),It's Not Right (Original Mix),8A,5A,0.899,0.5139,,none,0,0
sunrise-reset,10,28,Don’t Turn It Off feat. Qzen (Session Victim Extended Remix),Izolo feat. Khonaye (Lost Desert & Lee Burridge Remix),8A,9A,0.5832,0.7345,adjacent,harmonic,0.7,1
sunrise-reset,10,35,Don’t Turn It Off feat. Qzen (Session Victim Extended Remix),Lying Together,8A,2A,1.1698,0.919,,none,0,0
sunrise-reset,10,36,Don’t Turn It Off feat. Qzen (Session Victim Extended Remix),Marijuana (Original Mix),8A,1A,0.5,0.3901,,none,0,0
sunrise-reset,10,37,Don’t Turn It Off feat. Qzen (Session Victim Extended Remix),Masala (Pablo Fierro Remix),8A,7A,0.6344,0.6148,adjacent,harmonic,0.7,1
sunrise-reset,10,39,Don’t Turn It Off feat. Qzen (Session Victim Extended Remix),Never Sleep Again (Keinemusik Remix),8A,6A,0.7903,0.6199,,none,0,0
sunrise-reset,10,40,Don’t Turn It Off feat. Qzen (Session Victim Extended Remix),Neverender (Extended),8A,11A,1.5298,0.6657,,none,0,0
sunrise-reset,10,41,Don’t Turn It Off feat. Qzen (Session Victim Extended Remix),Night Blooming Jasmine (Original Mix),8A,4A,0.5,0.3623,,none,0,0
sunrise-reset,10,42,Don’t Turn It Off feat. Qzen (Session Victim Extended Remix),Night Blooming Jasmine (Rodriguez Jr. Remix),8A,4A,0.7815,0.3756,,none,0,0
sunrise-reset,10,45,Don’t Turn It Off feat. Qzen (Session Victim Extended Remix),Opal (Four Tet Remix),8A,8A,0.3849,0.7279,same,harmonic,1,1
sunrise-reset,10,46,Don’t Turn It Off feat. Qzen (Session Victim Extended Remix),Preach The World (Original Mix),8A,12A,0.9863,0.723,,none,0,0
sunrise-reset,10,49,Don’t Turn It Off feat. Qzen (Session Victim Extended Remix),Saturday Night (Extended),8A,4A,0.5,0.6916,,none,0,0
sunrise-reset,10,50,Don’t Turn It Off feat. Qzen (Session Victim Extended Remix),Sell My Heart (Kreative Nativez Remix),8A,11A,1.1577,0.5811,,none,0,0
sunrise-reset,10,51,Don’t Turn It Off feat. Qzen (Session Victim Extended Remix),Sing It Back (feat. Naila) (Original Mix),8A,12A,0.54,0.6838,,none,0,0
sunrise-reset,10,52,Don’t Turn It Off feat. Qzen (Session Victim Extended Remix),Sing It Back (Herbert's Tasteful Dub),8A,2A,0.5,0.3901,,none,0,0
sunrise-reset,10,53,Don’t Turn It Off feat. Qzen (Session Victim Extended Remix),Skin (Rinzen Remix),8A,8A,0.5862,0.6853,same,harmonic,1,1
sunrise-reset,10,54,Don’t Turn It Off feat. Qzen (Session Victim Extended Remix),Slow Down (James Cole Remix),8A,9A,0.7071,0.611,adjacent,harmonic,0.7,1
sunrise-reset,10,56,Don’t Turn It Off feat. Qzen (Session Victim Extended Remix),Sordid Affair (Maceo Plex Mix),8A,3A,0.714,0.5639,,none,0,0
sunrise-reset,10,58,Don’t Turn It Off feat. Qzen (Session Victim Extended Remix),Sunset Drive (Extended Mix),8A,5A,0.8568,0.5408,,none,0,0
sunrise-reset,10,59,Don’t Turn It Off feat. Qzen (Session Victim Extended Remix),Symmetry (Rodriguez Jr. Remix),8A,11A,1.129,0.6334,,none,0,0
sunrise-reset,10,63,Don’t Turn It Off feat. Qzen (Session Victim Extended Remix),There's Never Been (No One Like You)(P's Sunrise Edit),8A,10B,0.5832,0.805,,none,0,0
sunrise-reset,10,64,Don’t Turn It Off feat. Qzen (Session Victim Extended Remix),Touch (Four Tet Remix),8A,8B,0.5832,0.3986,,none,0,0
sunrise-reset,10,66,Don’t Turn It Off feat. Qzen (Session Victim Extended Remix),Walk The Line (Extended Mix),8A,9A,0.5832,0.4261,adjacent,harmonic,0.7,1
sunrise-reset,10,67,Don’t Turn It Off feat. Qzen (Session Victim Extended Remix),Walk The Line (Themba Extended Mix),8A,9A,1.5298,0.5811,adjacent,harmonic,0.7,1
sunrise-reset,10,71,Don’t Turn It Off feat. Qzen (Session Victim Extended Remix),When Will I See You Again (Amtrac Remix),8A,5B,0.6668,0.6359,,none,0,0
sunrise-reset,10,72,Don’t Turn It Off feat. Qzen (Session Victim Extended Remix),Where the Subtle Meets Infinity (Original Mix),8A,1A,0.5,0.6667,,none,0,0
sunrise-reset,10,73,Don’t Turn It Off feat. Qzen (Session Victim Extended Remix),Wish We Could feat. Syon & Darla Jade (Extended Mix),8A,3A,1.1324,0.6272,,none,0,0
sunrise-reset,13,14,Feel Good (feat. Charlotte Cardin) [Remix] (feat. Charlotte Cardin),Feel The Fire (Journeyman Remix),11A,7A,0.5327,0.5512,,none,0,0
sunrise-reset,13,17,Feel Good (feat. Charlotte Cardin) [Remix] (feat. Charlotte Cardin),Final Credits (Original Mix),11A,4A,1.2071,0.7927,,none,0,0
sunrise-reset,13,20,Feel Good (feat. Charlotte Cardin) [Remix] (feat. Charlotte Cardin),Hit The Ground  (Extended Mix),11A,6A,0.3003,0.469,,none,0,0
sunrise-reset,13,21,Feel Good (feat. Charlotte Cardin) [Remix] (feat. Charlotte Cardin),Houdini (Adam Port Mix),11A,6A,0.3003,0.9069,,none,0,0
sunrise-reset,13,22,Feel Good (feat. Charlotte Cardin) [Remix] (feat. Charlotte Cardin),I Remember (Original Mix),11A,10A,1.1587,0.8412,adjacent,harmonic,0.7,1
sunrise-reset,13,23,Feel Good (feat. Charlotte Cardin) [Remix] (feat. Charlotte Cardin),I Won't Fade Away feat. Alice Russell (Original Mix),11A,9A,1.0449,0.7005,,none,0,0
sunrise-reset,13,24,Feel Good (feat. Charlotte Cardin) [Remix] (feat. Charlotte Cardin),Illusory (Extended Mix),11A,1A,1.0022,0.5743,,none,0,0
sunrise-reset,13,26,Feel Good (feat. Charlotte Cardin) [Remix] (feat. Charlotte Cardin),It's Not Enough feat. Janai (Original Mix),11A,4A,0,0.3704,,none,0,0
sunrise-reset,13,27,Feel Good (feat. Charlotte Cardin) [Remix] (feat. Charlotte Cardin),It's Not Right (Original Mix),11A,5A,0.7472,0.8393,,none,0,0
sunrise-reset,13,28,Feel Good (feat. Charlotte Cardin) [Remix] (feat. Charlotte Cardin),Izolo feat. Khonaye (Lost Desert & Lee Burridge Remix),11A,9A,0.3003,0.3704,,none,0,0
sunrise-reset,13,35,Feel Good (feat. Charlotte Cardin) [Remix] (feat. Charlotte Cardin),Lying Together,11A,2A,1.237,0.54,,none,0,0
sunrise-reset,13,36,Feel Good (feat. Charlotte Cardin) [Remix] (feat. Charlotte Cardin),Marijuana (Original Mix),11A,1A,0,0.9082,,none,0,0
sunrise-reset,13,37,Feel Good (feat. Charlotte Cardin) [Remix] (feat. Charlotte Cardin),Masala (Pablo Fierro Remix),11A,7A,1.1006,0.901,,none,0,0
sunrise-reset,13,39,Feel Good (feat. Charlotte Cardin) [Remix] (feat. Charlotte Cardin),Never Sleep Again (Keinemusik Remix),11A,6A,0.6121,0.9097,,none,0,0
sunrise-reset,13,40,Feel Good (feat. Charlotte Cardin) [Remix] (feat. Charlotte Cardin),Neverender (Extended),11A,11A,2.0224,0.8049,same,harmonic,1,1
sunrise-reset,13,41,Feel Good (feat. Charlotte Cardin) [Remix] (feat. Charlotte Cardin),Night Blooming Jasmine (Original Mix),11A,4A,0,0.8434,,none,0,0
sunrise-reset,13,42,Feel Good (feat. Charlotte Cardin) [Remix] (feat. Charlotte Cardin),Night Blooming Jasmine (Rodriguez Jr. Remix),11A,4A,0.6006,0.9049,,none,0,0
sunrise-reset,13,45,Feel Good (feat. Charlotte Cardin) [Remix] (feat. Charlotte Cardin),Opal (Four Tet Remix),11A,8A,0.8793,0.7028,,none,0,0
sunrise-reset,13,46,Feel Good (feat. Charlotte Cardin) [Remix] (feat. Charlotte Cardin),Preach The World (Original Mix),11A,12A,1.3593,0.8405,adjacent,harmonic,0.7,1
sunrise-reset,13,49,Feel Good (feat. Charlotte Cardin) [Remix] (feat. Charlotte Cardin),Saturday Night (Extended),11A,4A,0,0.5933,,none,0,0
sunrise-reset,13,50,Feel Good (feat. Charlotte Cardin) [Remix] (feat. Charlotte Cardin),Sell My Heart (Kreative Nativez Remix),11A,11A,1.0441,0.6669,same,harmonic,1,1
sunrise-reset,13,51,Feel Good (feat. Charlotte Cardin) [Remix] (feat. Charlotte Cardin),Sing It Back (feat. Naila) (Original Mix),11A,12A,0.04,0.6844,adjacent,harmonic,0.7,1
sunrise-reset,13,52,Feel Good (feat. Charlotte Cardin) [Remix] (feat. Charlotte Cardin),Sing It Back (Herbert's Tasteful Dub),11A,2A,0,0.9082,,none,0,0
sunrise-reset,13,53,Feel Good (feat. Charlotte Cardin) [Remix] (feat. Charlotte Cardin),Skin (Rinzen Remix),11A,8A,1.0458,0.4146,,none,0,0
sunrise-reset,13,54,Feel Good (feat. Charlotte Cardin) [Remix] (feat. Charlotte Cardin),Slow Down (James Cole Remix),11A,9A,0.5,0.9162,,none,0,0
sunrise-reset,13,56,Feel Good (feat. Charlotte Cardin) [Remix] (feat. Charlotte Cardin),Sordid Affair (Maceo Plex Mix),11A,3A,0.5096,0.9384,,none,0,0
sunrise-reset,13,58,Feel Good (feat. Charlotte Cardin) [Remix] (feat. Charlotte Cardin),Sunset Drive (Extended Mix),11A,5A,1.263,0.7898,,none,0,0
sunrise-reset,13,59,Feel Good (feat. Charlotte Cardin) [Remix] (feat. Charlotte Cardin),Symmetry (Rodriguez Jr. Remix),11A,11A,0.747,0.7652,same,harmonic,1,1
sunrise-reset,13,63,Feel Good (feat. Charlotte Cardin) [Remix] (feat. Charlotte Cardin),There's Never Been (No One Like You)(P's Sunrise Edit),11A,10B,0.3003,0.5001,,none,0,0
sunrise-reset,13,64,Feel Good (feat. Charlotte Cardin) [Remix] (feat. Charlotte Cardin),Touch (Four Tet Remix),11A,8B,0.3003,0.9069,,none,0,0
sunrise-reset,13,66,Feel Good (feat. Charlotte Cardin) [Remix] (feat. Charlotte Cardin),Walk The Line (Extended Mix),11A,9A,0.3003,0.88,,none,0,0
sunrise-reset,13,67,Feel Good (feat. Charlotte Cardin) [Remix] (feat. Charlotte Cardin),Walk The Line (Themba Extended Mix),11A,9A,2.0224,0.6971,,none,0,0
sunrise-reset,13,71,Feel Good (feat. Charlotte Cardin) [Remix] (feat. Charlotte Cardin),When Will I See You Again (Amtrac Remix),11A,5B,1.0657,0.7613,,none,0,0
sunrise-reset,13,72,Feel Good (feat. Charlotte Cardin) [Remix] (feat. Charlotte Cardin),Where the Subtle Meets Infinity (Original Mix),11A,1A,1,0.4775,,none,0,0
sunrise-reset,13,73,Feel Good (feat. Charlotte Cardin) [Remix] (feat. Charlotte Cardin),Wish We Could feat. Syon & Darla Jade (Extended Mix),11A,3A,0.7494,0.7554,,none,0,0
sunrise-reset,14,17,Feel The Fire (Journeyman Remix),Final Credits (Original Mix),7A,4A,0.7058,0.6982,,none,0,0
sunrise-reset,14,20,Feel The Fire (Journeyman Remix),Hit The Ground  (Extended Mix),7A,6A,0.6115,0.7028,adjacent,harmonic,0.7,1
sunrise-reset,14,21,Feel The Fire (Journeyman Remix),Houdini (Adam Port Mix),7A,6A,0.6115,0.6173,adjacent,harmonic,0.7,1
sunrise-reset,14,22,Feel The Fire (Journeyman Remix),I Remember (Original Mix),7A,10A,0.7487,0.5925,,none,0,0
sunrise-reset,14,23,Feel The Fire (Journeyman Remix),I Won't Fade Away feat. Alice Russell (Original Mix),7A,9A,0.5672,0.7345,,none,0,0
sunrise-reset,14,24,Feel The Fire (Journeyman Remix),Illusory (Extended Mix),7A,1A,0.487,0.8331,,none,0,0
sunrise-reset,14,26,Feel The Fire (Journeyman Remix),It's Not Enough feat. Janai (Original Mix),7A,4A,0.5327,0.7879,,none,0,0
sunrise-reset,14,27,Feel The Fire (Journeyman Remix),It's Not Right (Original Mix),7A,5A,0.8887,0.714,,none,0,0
sunrise-reset,14,28,Feel The Fire (Journeyman Remix),Izolo feat. Khonaye (Lost Desert & Lee Burridge Remix),7A,9A,0.6115,0.7835,,none,0,0
sunrise-reset,14,35,Feel The Fire (Journeyman Remix),Lying Together,7A,2A,1.1227,0.5395,,none,0,0
sunrise-reset,14,36,Feel The Fire (Journeyman Remix),Marijuana (Original Mix),7A,1A,0.5327,0.6054,,none,0,0
sunrise-reset,14,37,Feel The Fire (Journeyman Remix),Masala (Pablo Fierro Remix),7A,7A,0.6115,0.4861,same,harmonic,1,1
sunrise-reset,14,39,Feel The Fire (Journeyman Remix),Never Sleep Again (Keinemusik Remix),7A,6A,0.7718,0.692,adjacent,harmonic,0.7,1
sunrise-reset,14,40,Feel The Fire (Journeyman Remix),Neverender (Extended),7A,11A,1.5021,0.3704,,none,0,0
sunrise-reset,14,41,Feel The Fire (Journeyman Remix),Night Blooming Jasmine (Original Mix),7A,4A,0.5327,0.5622,,none,0,0
sunrise-reset,14,42,Feel The Fire (Journeyman Remix),Night Blooming Jasmine (Rodriguez Jr. Remix),7A,4A,0.8028,0.5904,,none,0,0
sunrise-reset,14,45,Feel The Fire (Journeyman Remix),Opal (Four Tet Remix),7A,8A,0.3751,0.7952,adjacent,harmonic,0.7,1
sunrise-reset,14,46,Feel The Fire (Journeyman Remix),Preach The World (Original Mix),7A,12A,0.9407,0.6027,,none,0,0
sunrise-reset,14,49,Feel The Fire (Journeyman Remix),Saturday Night (Extended),7A,4A,0.5327,0.903,,none,0,0
sunrise-reset,14,50,Feel The Fire (Journeyman Remix),Sell My Heart (Kreative Nativez Remix),7A,11A,1.2213,0.7929,,none,0,0
sunrise-reset,14,51,Feel The Fire (Journeyman Remix),Sing It Back (feat. Naila) (Original Mix),7A,12A,0.5724,0.8716,,none,0,0
sunrise-reset,14,52,Feel The Fire (Journeyman Remix),Sing It Back (Herbert's Tasteful Dub),7A,2A,0.5327,0.6054,,none,0,0
sunrise-reset,14,53,Feel The Fire (Journeyman Remix),Skin (Rinzen Remix),7A,8A,0.5705,0.9186,adjacent,harmonic,0.7,1
sunrise-reset,14,54,Feel The Fire (Journeyman Remix),Slow Down (James Cole Remix),7A,9A,0.7698,0.6657,,none,0,0
sunrise-reset,14,56,Feel The Fire (Journeyman Remix),Sordid Affair (Maceo Plex Mix),7A,3A,0.7036,0.6469,,none,0,0
sunrise-reset,14,58,Feel The Fire (Journeyman Remix),Sunset Drive (Extended Mix),7A,5A,0.8382,0.5198,,none,0,0
sunrise-reset,14,59,Feel The Fire (Journeyman Remix),Symmetry (Rodriguez Jr. Remix),7A,11A,1.13,0.688,,none,0,0
sunrise-reset,14,63,Feel The Fire (Journeyman Remix),There's Never Been (No One Like You)(P's Sunrise Edit),7A,10B,0.6115,0.7231,,none,0,0
sunrise-reset,14,64,Feel The Fire (Journeyman Remix),Touch (Four Tet Remix),7A,8B,0.6115,0.6173,,none,0,0
sunrise-reset,14,66,Feel The Fire (Journeyman Remix),Walk The Line (Extended Mix),7A,9A,0.6115,0.4923,,none,0,0
sunrise-reset,14,67,Feel The Fire (Journeyman Remix),Walk The Line (Themba Extended Mix),7A,9A,1.5021,0.4071,,none,0,0
sunrise-reset,14,71,Feel The Fire (Journeyman Remix),When Will I See You Again (Amtrac Remix),7A,5B,0.6941,0.6735,,none,0,0
sunrise-reset,14,72,Feel The Fire (Journeyman Remix),Where the Subtle Meets Infinity (Original Mix),7A,1A,0.4743,0.7301,,none,0,0
sunrise-reset,14,73,Feel The Fire (Journeyman Remix),Wish We Could feat. Syon & Darla Jade (Extended Mix),7A,3A,1.1335,0.6795,,none,0,0
sunrise-reset,17,20,Final Credits (Original Mix),Hit The Ground  (Extended Mix),4A,6A,1.2439,0.5723,,none,0,0
sunrise-reset,17,21,Final Credits (Original Mix),Houdini (Adam Port Mix),4A,6A,1.2439,0.7246,,none,0,0
sunrise-reset,17,22,Final Credits (Original Mix),I Remember (Original Mix),4A,10A,0.9105,0.8411,,none,0,0
sunrise-reset,17,23,Final Credits (Original Mix),I Won't Fade Away feat. Alice Russell (Original Mix),4A,9A,0.5791,0.8366,,none,0,0
sunrise-reset,17,24,Final Credits (Original Mix),Illusory (Extended Mix),4A,1A,0.5194,0.681,,none,0,0
sunrise-reset,17,26,Final Credits (Original Mix),It's Not Enough feat. Janai (Original Mix),4A,4A,1.2071,0.5303,same,harmonic,1,1
sunrise-reset,17,27,Final Credits (Original Mix),It's Not Right (Original Mix),4A,5A,1.2753,0.7895,adjacent,harmonic,0.7,1
sunrise-reset,17,28,Final Credits (Original Mix),Izolo feat. Khonaye (Lost Desert & Lee Burridge Remix),4A,9A,1.2439,0.5264,,none,0,0
sunrise-reset,17,35,Final Credits (Original Mix),Lying Together,4A,2A,1.089,0.7235,,none,0,0
sunrise-reset,17,36,Final Credits (Original Mix),Marijuana (Original Mix),4A,1A,1.2071,0.7312,,none,0,0
sunrise-reset,17,37,Final Credits (Original Mix),Masala (Pablo Fierro Remix),4A,7A,0.5348,0.8967,,none,0,0
sunrise-reset,17,39,Final Credits (Original Mix),Never Sleep Again (Keinemusik Remix),4A,6A,1.1683,0.8352,,none,0,0
sunrise-reset,17,40,Final Credits (Original Mix),Neverender (Extended),4A,11A,1.0233,0.846,,none,0,0
sunrise-reset,17,41,Final Credits (Original Mix),Night Blooming Jasmine (Original Mix),4A,4A,1.2071,0.679,same,harmonic,1,1
sunrise-reset,17,42,Final Credits (Original Mix),Night Blooming Jasmine (Rodriguez Jr. Remix),4A,4A,1.3482,0.7211,same,harmonic,1,1
sunrise-reset,17,45,Final Credits (Original Mix),Opal (Four Tet Remix),4A,8A,0.581,0.8051,,none,0,0
sunrise-reset,17,46,Final Credits (Original Mix),Preach The World (Original Mix),4A,12A,0.6015,0.9432,,none,0,0
sunrise-reset,17,49,Final Credits (Original Mix),Saturday Night (Extended),4A,4A,1.2071,0.6111,same,harmonic,1,1
sunrise-reset,17,50,Final Credits (Original Mix),Sell My Heart (Kreative Nativez Remix),4A,11A,1.8499,0.5276,,none,0,0
sunrise-reset,17,51,Final Credits (Original Mix),Sing It Back (feat. Naila) (Original Mix),4A,12A,1.2444,0.7408,,none,0,0
sunrise-reset,17,52,Final Credits (Original Mix),Sing It Back (Herbert's Tasteful Dub),4A,2A,1.2071,0.7312,,none,0,0
sunrise-reset,17,53,Final Credits (Original Mix),Skin (Rinzen Remix),4A,8A,0.5934,0.6049,,none,0,0
sunrise-reset,17,54,Final Credits (Original Mix),Slow Down (James Cole Remix),4A,9A,1.4644,0.7255,,none,0,0
sunrise-reset,17,56,Final Credits (Original Mix),Sordid Affair (Maceo Plex Mix),4A,3A,1.1647,0.8377,adjacent,harmonic,0.7,1
sunrise-reset,17,58,Final Credits (Original Mix),Sunset Drive (Extended Mix),4A,5A,0.7432,0.844,adjacent,harmonic,0.7,1
sunrise-reset,17,59,Final Credits (Original Mix),Symmetry (Rodriguez Jr. Remix),4A,11A,1.621,0.7353,,none,0,0
sunrise-reset,17,63,Final Credits (Original Mix),There's Never Been (No One Like You)(P's Sunrise Edit),4A,10B,1.2439,0.6017,,none,0,0
sunrise-reset,17,64,Final Credits (Original Mix),Touch (Four Tet Remix),4A,8B,1.2439,0.7246,,none,0,0
sunrise-reset,17,66,Final Credits (Original Mix),Walk The Line (Extended Mix),4A,9A,1.2439,0.6946,,none,0,0
sunrise-reset,17,67,Final Credits (Original Mix),Walk The Line (Themba Extended Mix),4A,9A,1.0233,0.7926,,none,0,0
sunrise-reset,17,71,Final Credits (Original Mix),When Will I See You Again (Amtrac Remix),4A,5B,0.9554,0.7795,,none,0,0
sunrise-reset,17,72,Final Credits (Original Mix),Where the Subtle Meets Infinity (Original Mix),4A,1A,0.455,0.5928,,none,0,0
sunrise-reset,17,73,Final Credits (Original Mix),Wish We Could feat. Syon & Darla Jade (Extended Mix),4A,3A,1.6248,0.7213,adjacent,harmonic,0.7,1
sunrise-reset,20,21,Hit The Ground  (Extended Mix),Houdini (Adam Port Mix),6A,6A,0,0.3542,same,harmonic,1,1
sunrise-reset,20,22,Hit The Ground  (Extended Mix),I Remember (Original Mix),6A,10A,1.197,0.5065,,none,0,0
sunrise-reset,20,23,Hit The Ground  (Extended Mix),I Won't Fade Away feat. Alice Russell (Original Mix),6A,9A,1.1672,0.4811,,none,0,0
sunrise-reset,20,24,Hit The Ground  (Extended Mix),Illusory (Extended Mix),6A,1A,1.0462,0.8312,,none,0,0
sunrise-reset,20,26,Hit The Ground  (Extended Mix),It's Not Enough feat. Janai (Original Mix),6A,4A,0.3003,0.895,,none,0,0
sunrise-reset,20,27,Hit The Ground  (Extended Mix),It's Not Right (Original Mix),6A,5A,0.5364,0.4554,adjacent,harmonic,0.7,1
sunrise-reset,20,28,Hit The Ground  (Extended Mix),Izolo feat. Khonaye (Lost Desert & Lee Burridge Remix),6A,9A,0,0.8969,,none,0,0
sunrise-reset,20,35,Hit The Ground  (Extended Mix),Lying Together,6A,2A,1.1224,0.7076,,none,0,0
sunrise-reset,20,36,Hit The Ground  (Extended Mix),Marijuana (Original Mix),6A,1A,0.3003,0.3418,,none,0,0
sunrise-reset,20,37,Hit The Ground  (Extended Mix),Masala (Pablo Fierro Remix),6A,7A,1.0588,0.4168,adjacent,harmonic,0.7,1
sunrise-reset,20,39,Hit The Ground  (Extended Mix),Never Sleep Again (Keinemusik Remix),6A,6A,0.5333,0.5656,same,harmonic,1,1
sunrise-reset,20,40,Hit The Ground  (Extended Mix),Neverender (Extended),6A,11A,2,0.4513,,none,0,0
sunrise-reset,20,41,Hit The Ground  (Extended Mix),Night Blooming Jasmine (Original Mix),6A,4A,0.3003,0.4409,,none,0,0
sunrise-reset,20,42,Hit The Ground  (Extended Mix),Night Blooming Jasmine (Rodriguez Jr. Remix),6A,4A,0.3003,0.3357,,none,0,0
sunrise-reset,20,45,Hit The Ground  (Extended Mix),Opal (Four Tet Remix),6A,8A,0.9292,0.531,,none,0,0
sunrise-reset,20,46,Hit The Ground  (Extended Mix),Preach The World (Original Mix),6A,12A,1.2559,0.523,,none,0,0
sunrise-reset,20,49,Hit The Ground  (Extended Mix),Saturday Night (Extended),6A,4A,0.3003,0.6082,,none,0,0
sunrise-reset,20,50,Hit The Ground  (Extended Mix),Sell My Heart (Kreative Nativez Remix),6A,11A,1,0.5151,,none,0,0
sunrise-reset,20,51,Hit The Ground  (Extended Mix),Sing It Back (feat. Naila) (Original Mix),6A,12A,0.303,0.6975,,none,0,0
sunrise-reset,20,52,Hit The Ground  (Extended Mix),Sing It Back (Herbert's Tasteful Dub),6A,2A,0.3003,0.3418,,none,0,0
sunrise-reset,20,53,Hit The Ground  (Extended Mix),Skin (Rinzen Remix),6A,8A,1.0017,0.7623,,none,0,0
sunrise-reset,20,54,Hit The Ground  (Extended Mix),Slow Down (James Cole Remix),6A,9A,0.5832,0.5534,,none,0,0
sunrise-reset,20,56,Hit The Ground  (Extended Mix),Sordid Affair (Maceo Plex Mix),6A,3A,0.4118,0.515,,none,0,0
sunrise-reset,20,58,Hit The Ground  (Extended Mix),Sunset Drive (Extended Mix),6A,5A,1.151,0.3167,adjacent,harmonic,0.7,1
sunrise-reset,20,59,Hit The Ground  (Extended Mix),Symmetry (Rodriguez Jr. Remix),6A,11A,0.6839,0.561,,none,0,0
sunrise-reset,20,63,Hit The Ground  (Extended Mix),There's Never Been (No One Like You)(P's Sunrise Edit),6A,10B,0,0.9417,,none,0,0
sunrise-reset,20,64,Hit The Ground  (Extended Mix),Touch (Four Tet Remix),6A,8B,0,0.3542,,none,0,0
sunrise-reset,20,66,Hit The Ground  (Extended Mix),Walk The Line (Extended Mix),6A,9A,0,0.598,,none,0,0
sunrise-reset,20,67,Hit The Ground  (Extended Mix),Walk The Line (Themba Extended Mix),6A,9A,2,0.3442,,none,0,0
sunrise-reset,20,71,Hit The Ground  (Extended Mix),When Will I See You Again (Amtrac Remix),6A,5B,1.1072,0.4298,,none,0,0
sunrise-reset,20,72,Hit The Ground  (Extended Mix),Where the Subtle Meets Infinity (Original Mix),6A,1A,1.0441,0.9412,,none,0,0
sunrise-reset,20,73,Hit The Ground  (Extended Mix),Wish We Could feat. Syon & Darla Jade (Extended Mix),6A,3A,0.6866,0.5554,,none,0,0
sunrise-reset,21,22,Houdini (Adam Port Mix),I Remember (Original Mix),6A,10A,1.197,0.7571,,none,0,0
sunrise-reset,21,23,Houdini (Adam Port Mix),I Won't Fade Away feat. Alice Russell (Original Mix),6A,9A,1.1672,0.7671,,none,0,0
sunrise-reset,21,24,Houdini (Adam Port Mix),Illusory (Extended Mix),6A,1A,1.0462,0.4245,,none,0,0
sunrise-reset,21,26,Houdini (Adam Port Mix),It's Not Enough feat. Janai (Original Mix),6A,4A,0.3003,0.3921,,none,0,0
sunrise-reset,21,27,Houdini (Adam Port Mix),It's Not Right (Original Mix),6A,5A,0.5364,0.919,adjacent,harmonic,0.7,1
sunrise-reset,21,28,Houdini (Adam Port Mix),Izolo feat. Khonaye (Lost Desert & Lee Burridge Remix),6A,9A,0,0.3949,,none,0,0
sunrise-reset,21,35,Houdini (Adam Port Mix),Lying Together,6A,2A,1.1224,0.4158,,none,0,0
sunrise-reset,21,36,Houdini (Adam Port Mix),Marijuana (Original Mix),6A,1A,0.3003,0.9954,,none,0,0
sunrise-reset,21,37,Houdini (Adam Port Mix),Masala (Pablo Fierro Remix),6A,7A,1.0588,0.8137,adjacent,harmonic,0.7,1
sunrise-reset,21,39,Houdini (Adam Port Mix),Never Sleep Again (Keinemusik Remix),6A,6A,0.5333,0.8249,same,harmonic,1,1
sunrise-reset,21,40,Houdini (Adam Port Mix),Neverender (Extended),6A,11A,2,0.6616,,none,0,0
sunrise-reset,21,41,Houdini (Adam Port Mix),Night Blooming Jasmine (Original Mix),6A,4A,0.3003,0.9243,,none,0,0
sunrise-reset,21,42,Houdini (Adam Port Mix),Night Blooming Jasmine (Rodriguez Jr. Remix),6A,4A,0.3003,0.9972,,none,0,0
sunrise-reset,21,45,Houdini (Adam Port Mix),Opal (Four Tet Remix),6A,8A,0.9292,0.7744,,none,0,0
sunrise-reset,21,46,Houdini (Adam Port Mix),Preach The World (Original Mix),6A,12A,1.2559,0.7567,,none,0,0
sunrise-reset,21,49,Houdini (Adam Port Mix),Saturday Night (Extended),6A,4A,0.3003,0.6708,,none,0,0
sunrise-reset,21,50,Houdini (Adam Port Mix),Sell My Heart (Kreative Nativez Remix),6A,11A,1,0.7574,,none,0,0
sunrise-reset,21,51,Houdini (Adam Port Mix),Sing It Back (feat. Naila) (Original Mix),6A,12A,0.303,0.7533,,none,0,0
sunrise-reset,21,52,Houdini (Adam Port Mix),Sing It Back (Herbert's Tasteful Dub),6A,2A,0.3003,0.9954,,none,0,0
sunrise-reset,21,53,Houdini (Adam Port Mix),Skin (Rinzen Remix),6A,8A,1.0017,0.4421,,none,0,0
sunrise-reset,21,54,Houdini (Adam Port Mix),Slow Down (James Cole Remix),6A,9A,0.5832,0.8301,,none,0,0
sunrise-reset,21,56,Houdini (Adam Port Mix),Sordid Affair (Maceo Plex Mix),6A,3A,0.4118,0.8643,,none,0,0
sunrise-reset,21,58,Houdini (Adam Port Mix),Sunset Drive (Extended Mix),6A,5A,1.151,0.8653,adjacent,harmonic,0.7,1
sunrise-reset,21,59,Houdini (Adam Port Mix),Symmetry (Rodriguez Jr. Remix),6A,11A,0.6839,0.8399,,none,0,0
sunrise-reset,21,63,Houdini (Adam Port Mix),There's Never Been (No One Like You)(P's Sunrise Edit),6A,10B,0,0.3644,,none,0,0
sunrise-reset,21,64,Houdini (Adam Port Mix),Touch (Four Tet Remix),6A,8B,0,1,,none,0,0
sunrise-reset,21,66,Houdini (Adam Port Mix),Walk The Line (Extended Mix),6A,9A,0,0.8195,,none,0,0
sunrise-reset,21,67,Houdini (Adam Port Mix),Walk The Line (Themba Extended Mix),6A,9A,2,0.7273,,none,0,0
sunrise-reset,21,71,Houdini (Adam Port Mix),When Will I See You Again (Amtrac Remix),6A,5B,1.1072,0.8343,,none,0,0
sunrise-reset,21,72,Houdini (Adam Port Mix),Where the Subtle Meets Infinity (Original Mix),6A,1A,1.0441,0.3529,,none,0,0
sunrise-reset,21,73,Houdini (Adam Port Mix),Wish We Could feat. Syon & Darla Jade (Extended Mix),6A,3A,0.6866,0.8329,,none,0,0
sunrise-reset,22,23,I Remember (Original Mix),I Won't Fade Away feat. Alice Russell (Original Mix),10A,9A,0.5269,0.8833,adjacent,harmonic,0.7,1
sunrise-reset,22,24,I Remember (Original Mix),Illusory (Extended Mix),10A,1A,0.4082,0.6281,,none,0,0
sunrise-reset,22,26,I Remember (Original Mix),It's Not Enough feat. Janai (Original Mix),10A,4A,1.1587,0.4339,,none,0,0
sunrise-reset,22,27,I Remember (Original Mix),It's Not Right (Original Mix),10A,5A,1.5229,0.7006,,none,0,0
sunrise-reset,22,28,I Remember (Original Mix),Izolo feat. Khonaye (Lost Desert & Lee Burridge Remix),10A,9A,1.197,0.4318,adjacent,harmonic,0.7,1
sunrise-reset,22,35,I Remember (Original Mix),Lying Together,10A,2A,1.7152,0.5928,,none,0,0
sunrise-reset,22,36,I Remember (Original Mix),Marijuana (Original Mix),10A,1A,1.1587,0.7614,,none,0,0
sunrise-reset,22,37,I Remember (Original Mix),Masala (Pablo Fierro Remix),10A,7A,0.5582,0.9315,,none,0,0
sunrise-reset,22,39,I Remember (Original Mix),Never Sleep Again (Keinemusik Remix),10A,6A,1.4897,0.7649,,none,0,0
sunrise-reset,22,40,I Remember (Original Mix),Neverender (Extended),10A,11A,1.0943,0.8599,adjacent,harmonic,0.7,1
sunrise-reset,22,41,I Remember (Original Mix),Night Blooming Jasmine (Original Mix),10A,4A,1.1587,0.707,,none,0,0
sunrise-reset,22,42,I Remember (Original Mix),Night Blooming Jasmine (Rodriguez Jr. Remix),10A,4A,1.3051,0.7555,,none,0,0
sunrise-reset,22,45,I Remember (Original Mix),Opal (Four Tet Remix),10A,8A,0.4254,0.8719,,none,0,0
sunrise-reset,22,46,I Remember (Original Mix),Preach The World (Original Mix),10A,12A,1.1184,0.8663,,none,0,0
sunrise-reset,22,49,I Remember (Original Mix),Saturday Night (Extended),10A,4A,1.1587,0.6568,,none,0,0
sunrise-reset,22,50,I Remember (Original Mix),Sell My Heart (Kreative Nativez Remix),10A,11A,1.2213,0.7358,adjacent,harmonic,0.7,1
sunrise-reset,22,51,I Remember (Original Mix),Sing It Back (feat. Naila) (Original Mix),10A,12A,1.1954,0.6944,,none,0,0
sunrise-reset,22,52,I Remember (Original Mix),Sing It Back (Herbert's Tasteful Dub),10A,2A,1.1587,0.7614,,none,0,0
sunrise-reset,22,53,I Remember (Original Mix),Skin (Rinzen Remix),10A,8A,0.513,0.502,,none,0,0
sunrise-reset,22,54,I Remember (Original Mix),Slow Down (James Cole Remix),10A,9A,1.0592,0.9131,adjacent,harmonic,0.7,1
sunrise-reset,22,56,I Remember (Original Mix),Sordid Affair (Maceo Plex Mix),10A,3A,1.4106,0.7907,,none,0,0
sunrise-reset,22,58,I Remember (Original Mix),Sunset Drive (Extended Mix),10A,5A,0.7648,0.8566,,none,0,0
sunrise-reset,22,59,I Remember (Original Mix),Symmetry (Rodriguez Jr. Remix),10A,11A,1.8329,0.638,adjacent,harmonic,0.7,1
sunrise-reset,22,63,I Remember (Original Mix),There's Never Been (No One Like You)(P's Sunrise Edit),10A,10B,1.197,0.5364,,none,0,0
sunrise-reset,22,64,I Remember (Original Mix),Touch (Four Tet Remix),10A,8B,1.197,0.7571,,none,0,0
sunrise-reset,22,66,I Remember (Original Mix),Walk The Line (Extended Mix),10A,9A,1.197,0.74,adjacent,harmonic,0.7,1
sunrise-reset,22,67,I Remember (Original Mix),Walk The Line (Themba Extended Mix),10A,9A,1.0943,0.7818,adjacent,harmonic,0.7,1
sunrise-reset,22,71,I Remember (Original Mix),When Will I See You Again (Amtrac Remix),10A,5B,0.1213,0.9294,,none,0,0
sunrise-reset,22,72,I Remember (Original Mix),Where the Subtle Meets Infinity (Original Mix),10A,1A,0.4743,0.5223,,none,0,0
sunrise-reset,22,73,I Remember (Original Mix),Wish We Could feat. Syon & Darla Jade (Extended Mix),10A,3A,1.8361,0.6306,,none,0,0
sunrise-reset,23,24,I Won't Fade Away feat. Alice Russell (Original Mix),Illusory (Extended Mix),9A,1A,0.3013,0.581,,none,0,0
sunrise-reset,23,26,I Won't Fade Away feat. Alice Russell (Original Mix),It's Not Enough feat. Janai (Original Mix),9A,4A,1.0449,0.5406,,none,0,0
sunrise-reset,23,27,I Won't Fade Away feat. Alice Russell (Original Mix),It's Not Right (Original Mix),9A,5A,1.4311,0.8307,,none,0,0
sunrise-reset,23,28,I Won't Fade Away feat. Alice Russell (Original Mix),Izolo feat. Khonaye (Lost Desert & Lee Burridge Remix),9A,9A,1.1672,0.5364,same,harmonic,1,1
sunrise-reset,23,35,I Won't Fade Away feat. Alice Russell (Original Mix),Lying Together,9A,2A,1.4976,0.5923,,none,0,0
sunrise-reset,23,36,I Won't Fade Away feat. Alice Russell (Original Mix),Marijuana (Original Mix),9A,1A,1.0449,0.7741,,none,0,0
sunrise-reset,23,37,I Won't Fade Away feat. Alice Russell (Original Mix),Masala (Pablo Fierro Remix),9A,7A,0.6049,0.8025,,none,0,0
sunrise-reset,23,39,I Won't Fade Away feat. Alice Russell (Original Mix),Never Sleep Again (Keinemusik Remix),9A,6A,1.3005,0.757,,none,0,0
sunrise-reset,23,40,I Won't Fade Away feat. Alice Russell (Original Mix),Neverender (Extended),9A,11A,1.1672,0.6994,,none,0,0
sunrise-reset,23,41,I Won't Fade Away feat. Alice Russell (Original Mix),Night Blooming Jasmine (Original Mix),9A,4A,1.0449,0.7188,,none,0,0
sunrise-reset,23,42,I Won't Fade Away feat. Alice Russell (Original Mix),Night Blooming Jasmine (Rodriguez Jr. Remix),9A,4A,1.3466,0.7656,,none,0,0
sunrise-reset,23,45,I Won't Fade Away feat. Alice Russell (Original Mix),Opal (Four Tet Remix),9A,8A,0.3284,0.9899,adjacent,harmonic,0.7,1
sunrise-reset,23,46,I Won't Fade Away feat. Alice Russell (Original Mix),Preach The World (Original Mix),9A,12A,1.0439,0.8555,,none,0,0
sunrise-reset,23,49,I Won't Fade Away feat. Alice Russell (Original Mix),Saturday Night (Extended),9A,4A,1.0449,0.8129,,none,0,0
sunrise-reset,23,50,I Won't Fade Away feat. Alice Russell (Original Mix),Sell My Heart (Kreative Nativez Remix),9A,11A,1.5097,0.7456,,none,0,0
sunrise-reset,23,51,I Won't Fade Away feat. Alice Russell (Original Mix),Sing It Back (feat. Naila) (Original Mix),9A,12A,1.0833,0.8139,,none,0,0
sunrise-reset,23,52,I Won't Fade Away feat. Alice Russell (Original Mix),Sing It Back (Herbert's Tasteful Dub),9A,2A,1.0449,0.7741,,none,0,0
sunrise-reset,23,53,I Won't Fade Away feat. Alice Russell (Original Mix),Skin (Rinzen Remix),9A,8A,0.6008,0.6194,adjacent,harmonic,0.7,1
sunrise-reset,23,54,I Won't Fade Away feat. Alice Russell (Original Mix),Slow Down (James Cole Remix),9A,9A,1.1403,0.7854,same,harmonic,1,1
sunrise-reset,23,56,I Won't Fade Away feat. Alice Russell (Original Mix),Sordid Affair (Maceo Plex Mix),9A,3A,1.2515,0.7715,,none,0,0
sunrise-reset,23,58,I Won't Fade Away feat. Alice Russell (Original Mix),Sunset Drive (Extended Mix),9A,5A,0.9087,0.8635,,none,0,0
sunrise-reset,23,59,I Won't Fade Away feat. Alice Russell (Original Mix),Symmetry (Rodriguez Jr. Remix),9A,11A,1.6749,0.7735,,none,0,0
sunrise-reset,23,63,I Won't Fade Away feat. Alice Russell (Original Mix),There's Never Been (No One Like You)(P's Sunrise Edit),9A,10B,1.1672,0.495,,none,0,0
sunrise-reset,23,64,I Won't Fade Away feat. Alice Russell (Original Mix),Touch (Four Tet Remix),9A,8B,1.1672,0.7671,,none,0,0
sunrise-reset,23,66,I Won't Fade Away feat. Alice Russell (Original Mix),Walk The Line (Extended Mix),9A,9A,1.1672,0.6309,same,harmonic,1,1
sunrise-reset,23,67,I Won't Fade Away feat. Alice Russell (Original Mix),Walk The Line (Themba Extended Mix),9A,9A,1.1672,0.7689,same,harmonic,1,1
sunrise-reset,23,71,I Won't Fade Away feat. Alice Russell (Original Mix),When Will I See You Again (Amtrac Remix),9A,5B,0.5511,0.9439,,none,0,0
sunrise-reset,23,72,I Won't Fade Away feat. Alice Russell (Original Mix),Where the Subtle Meets Infinity (Original Mix),9A,1A,0.3032,0.4972,,none,0,0
sunrise-reset,23,73,I Won't Fade Away feat. Alice Russell (Original Mix),Wish We Could feat. Syon & Darla Jade (Extended Mix),9A,3A,1.6783,0.7632,,none,0,0
sunrise-reset,24,26,Illusory (Extended Mix),It's Not Enough feat. Janai (Original Mix),1A,4A,1.0022,0.769,,none,0,0
sunrise-reset,24,27,Illusory (Extended Mix),It's Not Right (Original Mix),1A,5A,1.2736,0.5356,,none,0,0
sunrise-reset,24,28,Illusory (Extended Mix),Izolo feat. Khonaye (Lost Desert & Lee Burridge Remix),1A,9A,1.0462,0.769,,none,0,0
sunrise-reset,24,35,Illusory (Extended Mix),Lying Together,1A,2A,1.3581,0.6794,adjacent,harmonic,0.7,1
sunrise-reset,24,36,Illusory (Extended Mix),Marijuana (Original Mix),1A,1A,1.0022,0.4125,same,harmonic,1,1
sunrise-reset,24,37,Illusory (Extended Mix),Masala (Pablo Fierro Remix),1A,7A,0.3132,0.5097,,none,0,0
sunrise-reset,24,39,Illusory (Extended Mix),Never Sleep Again (Keinemusik Remix),1A,6A,1.2042,0.6778,,none,0,0
sunrise-reset,24,40,Illusory (Extended Mix),Neverender (Extended),1A,11A,1.0462,0.5519,,none,0,0
sunrise-reset,24,41,Illusory (Extended Mix),Night Blooming Jasmine (Original Mix),1A,4A,1.0022,0.3831,,none,0,0
sunrise-reset,24,42,Illusory (Extended Mix),Night Blooming Jasmine (Rodriguez Jr. Remix),1A,4A,1.1684,0.4012,,none,0,0
sunrise-reset,24,45,Illusory (Extended Mix),Opal (Four Tet Remix),1A,8A,0.1266,0.6411,,none,0,0
sunrise-reset,24,46,Illusory (Extended Mix),Preach The World (Original Mix),1A,12A,0.8155,0.6256,adjacent,harmonic,0.7,1
sunrise-reset,24,49,Illusory (Extended Mix),Saturday Night (Extended),1A,4A,1.0022,0.7312,,none,0,0
sunrise-reset,24,50,Illusory (Extended Mix),Sell My Heart (Kreative Nativez Remix),1A,11A,1.4005,0.6309,,none,0,0
sunrise-reset,24,51,Illusory (Extended Mix),Sing It Back (feat. Naila) (Original Mix),1A,12A,1.0421,0.6974,adjacent,harmonic,0.7,1
sunrise-reset,24,52,Illusory (Extended Mix),Sing It Back (Herbert's Tasteful Dub),1A,2A,1.0022,0.4125,adjacent,harmonic,0.7,1
sunrise-reset,24,53,Illusory (Extended Mix),Skin (Rinzen Remix),1A,8A,0.3004,0.9023,,none,0,0
sunrise-reset,24,54,Illusory (Extended Mix),Slow Down (James Cole Remix),1A,9A,1.0899,0.6863,,none,0,0
sunrise-reset,24,56,Illusory (Extended Mix),Sordid Affair (Maceo Plex Mix),1A,3A,1.1485,0.6184,,none,0,0
sunrise-reset,24,58,Illusory (Extended Mix),Sunset Drive (Extended Mix),1A,5A,0.6144,0.3784,,none,0,0
sunrise-reset,24,59,Illusory (Extended Mix),Symmetry (Rodriguez Jr. Remix),1A,11A,1.6008,0.5194,,none,0,0
sunrise-reset,24,63,Illusory (Extended Mix),There's Never Been (No One Like You)(P's Sunrise Edit),1A,10B,1.0462,0.8734,,none,0,0
sunrise-reset,24,64,Illusory (Extended Mix),Touch (Four Tet Remix),1A,8B,1.0462,0.4245,,none,0,0
sunrise-reset,24,66,Illusory (Extended Mix),Walk The Line (Extended Mix),1A,9A,1.0462,0.4779,,none,0,0
sunrise-reset,24,67,Illusory (Extended Mix),Walk The Line (Themba Extended Mix),1A,9A,1.0462,0.4125,,none,0,0
sunrise-reset,24,71,Illusory (Extended Mix),When Will I See You Again (Amtrac Remix),1A,5B,0.4373,0.5288,,none,0,0
sunrise-reset,24,72,Illusory (Extended Mix),Where the Subtle Meets Infinity (Original Mix),1A,1A,0.0667,0.8644,same,harmonic,1,1
sunrise-reset,24,73,Illusory (Extended Mix),Wish We Could feat. Syon & Darla Jade (Extended Mix),1A,3A,1.6043,0.4991,,none,0,0
sunrise-reset,26,27,It's Not Enough feat. Janai (Original Mix),It's Not Right (Original Mix),4A,5A,0.7472,0.5055,adjacent,harmonic,0.7,1
sunrise-reset,26,28,It's Not Enough feat. Janai (Original Mix),Izolo feat. Khonaye (Lost Desert & Lee Burridge Remix),4A,9A,0.3003,0.9978,,none,0,0
sunrise-reset,26,35,It's Not Enough feat. Janai (Original Mix),Lying Together,4A,2A,1.237,0.6482,,none,0,0
sunrise-reset,26,36,It's Not Enough feat. Janai (Original Mix),Marijuana (Original Mix),4A,1A,0,0.3838,,none,0,0
sunrise-reset,26,37,It's Not Enough feat. Janai (Original Mix),Masala (Pablo Fierro Remix),4A,7A,1.1006,0.3202,,none,0,0
sunrise-reset,26,39,It's Not Enough feat. Janai (Original Mix),Never Sleep Again (Keinemusik Remix),4A,6A,0.6121,0.4805,,none,0,0
sunrise-reset,26,40,It's Not Enough feat. Janai (Original Mix),Neverender (Extended),4A,11A,2.0224,0.3467,,none,0,0
sunrise-reset,26,41,It's Not Enough feat. Janai (Original Mix),Night Blooming Jasmine (Original Mix),4A,4A,0,0.494,same,harmonic,1,1
sunrise-reset,26,42,It's Not Enough feat. Janai (Original Mix),Night Blooming Jasmine (Rodriguez Jr. Remix),4A,4A,0.6006,0.3695,same,harmonic,1,1
sunrise-reset,26,45,It's Not Enough feat. Janai (Original Mix),Opal (Four Tet Remix),4A,8A,0.8793,0.5942,,none,0,0
sunrise-reset,26,46,It's Not Enough feat. Janai (Original Mix),Preach The World (Original Mix),4A,12A,1.3593,0.4466,,none,0,0
sunrise-reset,26,49,It's Not Enough feat. Janai (Original Mix),Saturday Night (Extended),4A,4A,0,0.6804,same,harmonic,1,1
sunrise-reset,26,50,It's Not Enough feat. Janai (Original Mix),Sell My Heart (Kreative Nativez Remix),4A,11A,1.0441,0.5717,,none,0,0
sunrise-reset,26,51,It's Not Enough feat. Janai (Original Mix),Sing It Back (feat. Naila) (Original Mix),4A,12A,0.04,0.7815,,none,0,0
sunrise-reset,26,52,It's Not Enough feat. Janai (Original Mix),Sing It Back (Herbert's Tasteful Dub),4A,2A,0,0.3838,,none,0,0
sunrise-reset,26,53,It's Not Enough feat. Janai (Original Mix),Skin (Rinzen Remix),4A,8A,1.0458,0.8475,,none,0,0
sunrise-reset,26,54,It's Not Enough feat. Janai (Original Mix),Slow Down (James Cole Remix),4A,9A,0.5,0.4741,,none,0,0
sunrise-reset,26,56,It's Not Enough feat. Janai (Original Mix),Sordid Affair (Maceo Plex Mix),4A,3A,0.5096,0.4334,adjacent,harmonic,0.7,1
sunrise-reset,26,58,It's Not Enough feat. Janai (Original Mix),Sunset Drive (Extended Mix),4A,5A,1.263,0.3485,adjacent,harmonic,0.7,1
sunrise-reset,26,59,It's Not Enough feat. Janai (Original Mix),Symmetry (Rodriguez Jr. Remix),4A,11A,0.747,0.6231,,none,0,0
sunrise-reset,26,63,It's Not Enough feat. Janai (Original Mix),There's Never Been (No One Like You)(P's Sunrise Edit),4A,10B,0.3003,0.7938,,none,0,0
sunrise-reset,26,64,It's Not Enough feat. Janai (Original Mix),Touch (Four Tet Remix),4A,8B,0.3003,0.3921,,none,0,0
sunrise-reset,26,66,It's Not Enough feat. Janai (Original Mix),Walk The Line (Extended Mix),4A,9A,0.3003,0.4517,,none,0,0
sunrise-reset,26,67,It's Not Enough feat. Janai (Original Mix),Walk The Line (Themba Extended Mix),4A,9A,2.0224,0.3811,,none,0,0
sunrise-reset,26,71,It's Not Enough feat. Janai (Original Mix),When Will I See You Again (Amtrac Remix),4A,5B,1.0657,0.4836,,none,0,0
sunrise-reset,26,72,It's Not Enough feat. Janai (Original Mix),Where the Subtle Meets Infinity (Original Mix),4A,1A,1,0.8034,,none,0,0
sunrise-reset,26,73,It's Not Enough feat. Janai (Original Mix),Wish We Could feat. Syon & Darla Jade (Extended Mix),4A,3A,0.7494,0.617,adjacent,harmonic,0.7,1
sunrise-reset,27,28,It's Not Right (Original Mix),Izolo feat. Khonaye (Lost Desert & Lee Burridge Remix),5A,9A,0.5364,0.5078,,none,0,0
sunrise-reset,27,35,It's Not Right (Original Mix),Lying Together,5A,2A,0.6915,0.5614,,none,0,0
sunrise-reset,27,36,It's Not Right (Original Mix),Marijuana (Original Mix),5A,1A,0.7472,0.918,,none,0,0
sunrise-reset,27,37,It's Not Right (Original Mix),Masala (Pablo Fierro Remix),5A,7A,1.1869,0.7527,,none,0,0
sunrise-reset,27,39,It's Not Right (Original Mix),Never Sleep Again (Keinemusik Remix),5A,6A,0.3132,0.9099,adjacent,harmonic,0.7,1
sunrise-reset,27,40,It's Not Right (Original Mix),Neverender (Extended),5A,11A,2.0707,0.6339,,none,0,0
sunrise-reset,27,41,It's Not Right (Original Mix),Night Blooming Jasmine (Original Mix),5A,4A,0.7472,0.8525,adjacent,harmonic,0.7,1
sunrise-reset,27,42,It's Not Right (Original Mix),Night Blooming Jasmine (Rodriguez Jr. Remix),5A,4A,0.4444,0.9193,adjacent,harmonic,0.7,1
sunrise-reset,27,45,It's Not Right (Original Mix),Opal (Four Tet Remix),5A,8A,1.1869,0.8368,,none,0,0
sunrise-reset,27,46,It's Not Right (Original Mix),Preach The World (Original Mix),5A,12A,1.1253,0.8404,,none,0,0
sunrise-reset,27,49,It's Not Right (Original Mix),Saturday Night (Extended),5A,4A,0.7472,0.7723,adjacent,harmonic,0.7,1
sunrise-reset,27,50,It's Not Right (Original Mix),Sell My Heart (Kreative Nativez Remix),5A,11A,1.4753,0.6719,,none,0,0
sunrise-reset,27,51,It's Not Right (Original Mix),Sing It Back (feat. Naila) (Original Mix),5A,12A,0.7482,0.8206,,none,0,0
sunrise-reset,27,52,It's Not Right (Original Mix),Sing It Back (Herbert's Tasteful Dub),5A,2A,0.7472,0.918,,none,0,0
sunrise-reset,27,53,It's Not Right (Original Mix),Skin (Rinzen Remix),5A,8A,1.1591,0.5685,,none,0,0
sunrise-reset,27,54,It's Not Right (Original Mix),Slow Down (James Cole Remix),5A,9A,1.1192,0.7631,,none,0,0
sunrise-reset,27,56,It's Not Right (Original Mix),Sordid Affair (Maceo Plex Mix),5A,3A,0.3021,0.9237,,none,0,0
sunrise-reset,27,58,It's Not Right (Original Mix),Sunset Drive (Extended Mix),5A,5A,1.1967,0.8002,same,harmonic,1,1
sunrise-reset,27,59,It's Not Right (Original Mix),Symmetry (Rodriguez Jr. Remix),5A,11A,0.5577,0.9322,,none,0,0
sunrise-reset,27,63,It's Not Right (Original Mix),There's Never Been (No One Like You)(P's Sunrise Edit),5A,10B,0.5364,0.4686,,none,0,0
sunrise-reset,27,64,It's Not Right (Original Mix),Touch (Four Tet Remix),5A,8B,0.5364,0.919,,none,0,0
sunrise-reset,27,66,It's Not Right (Original Mix),Walk The Line (Extended Mix),5A,9A,0.5364,0.7555,,none,0,0
sunrise-reset,27,67,It's Not Right (Original Mix),Walk The Line (Themba Extended Mix),5A,9A,2.0707,0.6968,,none,0,0
sunrise-reset,27,71,It's Not Right (Original Mix),When Will I See You Again (Amtrac Remix),5A,5B,1.4624,0.7672,,none,0,0
sunrise-reset,27,72,It's Not Right (Original Mix),Where the Subtle Meets Infinity (Original Mix),5A,1A,1.2483,0.4625,,none,0,0
sunrise-reset,27,73,It's Not Right (Original Mix),Wish We Could feat. Syon & Darla Jade (Extended Mix),5A,3A,0.561,0.9171,,none,0,0
sunrise-reset,28,35,Izolo feat. Khonaye (Lost Desert & Lee Burridge Remix),Lying Together,9A,2A,1.1224,0.6525,,none,0,0
sunrise-reset,28,36,Izolo feat. Khonaye (Lost Desert & Lee Burridge Remix),Marijuana (Original Mix),9A,1A,0.3003,0.3811,,none,0,0
sunrise-reset,28,37,Izolo feat. Khonaye (Lost Desert & Lee Burridge Remix),Masala (Pablo Fierro Remix),9A,7A,1.0588,0.3224,,none,0,0
sunrise-reset,28,39,Izolo feat. Khonaye (Lost Desert & Lee Burridge Remix),Never Sleep Again (Keinemusik Remix),9A,6A,0.5333,0.4828,,none,0,0
sunrise-reset,28,40,Izolo feat. Khonaye (Lost Desert & Lee Burridge Remix),Neverender (Extended),9A,11A,2,0.3491,,none,0,0
sunrise-reset,28,41,Izolo feat. Khonaye (Lost Desert & Lee Burridge Remix),Night Blooming Jasmine (Original Mix),9A,4A,0.3003,0.4916,,none,0,0
sunrise-reset,28,42,Izolo feat. Khonaye (Lost Desert & Lee Burridge Remix),Night Blooming Jasmine (Rodriguez Jr. Remix),9A,4A,0.3003,0.3743,,none,0,0
sunrise-reset,28,45,Izolo feat. Khonaye (Lost Desert & Lee Burridge Remix),Opal (Four Tet Remix),9A,8A,0.9292,0.592,adjacent,harmonic,0.7,1
sunrise-reset,28,46,Izolo feat. Khonaye (Lost Desert & Lee Burridge Remix),Preach The World (Original Mix),9A,12A,1.2559,0.4508,,none,0,0
sunrise-reset,28,49,Izolo feat. Khonaye (Lost Desert & Lee Burridge Remix),Saturday Night (Extended),9A,4A,0.3003,0.678,,none,0,0
sunrise-reset,28,50,Izolo feat. Khonaye (Lost Desert & Lee Burridge Remix),Sell My Heart (Kreative Nativez Remix),9A,11A,1,0.5743,,none,0,0
sunrise-reset,28,51,Izolo feat. Khonaye (Lost Desert & Lee Burridge Remix),Sing It Back (feat. Naila) (Original Mix),9A,12A,0.303,0.7776,,none,0,0
sunrise-reset,28,52,Izolo feat. Khonaye (Lost Desert & Lee Burridge Remix),Sing It Back (Herbert's Tasteful Dub),9A,2A,0.3003,0.3811,,none,0,0
sunrise-reset,28,53,Izolo feat. Khonaye (Lost Desert & Lee Burridge Remix),Skin (Rinzen Remix),9A,8A,1.0017,0.8499,adjacent,harmonic,0.7,1
sunrise-reset,28,54,Izolo feat. Khonaye (Lost Desert & Lee Burridge Remix),Slow Down (James Cole Remix),9A,9A,0.5832,0.4718,same,harmonic,1,1
sunrise-reset,28,56,Izolo feat. Khonaye (Lost Desert & Lee Burridge Remix),Sordid Affair (Maceo Plex Mix),9A,3A,0.4118,0.4355,,none,0,0
sunrise-reset,28,58,Izolo feat. Khonaye (Lost Desert & Lee Burridge Remix),Sunset Drive (Extended Mix),9A,5A,1.151,0.3531,,none,0,0
sunrise-reset,28,59,Izolo feat. Khonaye (Lost Desert & Lee Burridge Remix),Symmetry (Rodriguez Jr. Remix),9A,11A,0.6839,0.6255,,none,0,0
sunrise-reset,28,63,Izolo feat. Khonaye (Lost Desert & Lee Burridge Remix),There's Never Been (No One Like You)(P's Sunrise Edit),9A,10B,0,0.7958,,none,0,0
sunrise-reset,28,64,Izolo feat. Khonaye (Lost Desert & Lee Burridge Remix),Touch (Four Tet Remix),9A,8B,0,0.3949,,none,0,0
sunrise-reset,28,66,Izolo feat. Khonaye (Lost Desert & Lee Burridge Remix),Walk The Line (Extended Mix),9A,9A,0,0.4539,same,harmonic,1,1
sunrise-reset,28,67,Izolo feat. Khonaye (Lost Desert & Lee Burridge Remix),Walk The Line (Themba Extended Mix),9A,9A,2,0.3838,same,harmonic,1,1
sunrise-reset,28,71,Izolo feat. Khonaye (Lost Desert & Lee Burridge Remix),When Will I See You Again (Amtrac Remix),9A,5B,1.1072,0.4792,,none,0,0
sunrise-reset,28,72,Izolo feat. Khonaye (Lost Desert & Lee Burridge Remix),Where the Subtle Meets Infinity (Original Mix),9A,1A,1.0441,0.8034,,none,0,0
sunrise-reset,28,73,Izolo feat. Khonaye (Lost Desert & Lee Burridge Remix),Wish We Could feat. Syon & Darla Jade (Extended Mix),9A,3A,0.6866,0.6192,,none,0,0
sunrise-reset,35,36,Lying Together,Marijuana (Original Mix),2A,1A,1.237,0.3989,adjacent,harmonic,0.7,1
sunrise-reset,35,37,Lying Together,Masala (Pablo Fierro Remix),2A,7A,1.2284,0.6393,,none,0,0
sunrise-reset,35,39,Lying Together,Never Sleep Again (Keinemusik Remix),2A,6A,0.691,0.6825,,none,0,0
sunrise-reset,35,40,Lying Together,Neverender (Extended),2A,11A,1.9007,0.6923,,none,0,0
sunrise-reset,35,41,Lying Together,Night Blooming Jasmine (Original Mix),2A,4A,1.237,0.3704,,none,0,0
sunrise-reset,35,42,Lying Together,Night Blooming Jasmine (Rodriguez Jr. Remix),2A,4A,1.0815,0.3952,,none,0,0
sunrise-reset,35,45,Lying Together,Opal (Four Tet Remix),2A,8A,1.3254,0.5999,,none,0,0
sunrise-reset,35,46,Lying Together,Preach The World (Original Mix),2A,12A,0.8882,0.7791,,none,0,0
sunrise-reset,35,49,Lying Together,Saturday Night (Extended),2A,4A,1.237,0.5649,,none,0,0
sunrise-reset,35,50,Lying Together,Sell My Heart (Kreative Nativez Remix),2A,11A,2.0639,0.4041,,none,0,0
sunrise-reset,35,51,Lying Together,Sing It Back (feat. Naila) (Original Mix),2A,12A,1.2509,0.6014,,none,0,0
sunrise-reset,35,52,Lying Together,Sing It Back (Herbert's Tasteful Dub),2A,2A,1.237,0.3989,same,harmonic,1,1
sunrise-reset,35,53,Lying Together,Skin (Rinzen Remix),2A,8A,1.2479,0.5586,,none,0,0
sunrise-reset,35,54,Lying Together,Slow Down (James Cole Remix),2A,9A,1.6674,0.4858,,none,0,0
sunrise-reset,35,56,Lying Together,Sordid Affair (Maceo Plex Mix),2A,3A,0.7783,0.6188,adjacent,harmonic,0.7,1
sunrise-reset,35,58,Lying Together,Sunset Drive (Extended Mix),2A,5A,1.2203,0.5548,,none,0,0
sunrise-reset,35,59,Lying Together,Symmetry (Rodriguez Jr. Remix),2A,11A,1.0544,0.6951,,none,0,0
sunrise-reset,35,63,Lying Together,There's Never Been (No One Like You)(P's Sunrise Edit),2A,10B,1.1224,0.7438,,none,0,0
sunrise-reset,35,64,Lying Together,Touch (Four Tet Remix),2A,8B,1.1224,0.4158,,none,0,0
sunrise-reset,35,66,Lying Together,Walk The Line (Extended Mix),2A,9A,1.1224,0.4522,,none,0,0
sunrise-reset,35,67,Lying Together,Walk The Line (Themba Extended Mix),2A,9A,1.9007,0.5931,,none,0,0
sunrise-reset,35,71,Lying Together,When Will I See You Again (Amtrac Remix),2A,5B,1.7003,0.4927,,none,0,0
sunrise-reset,35,72,Lying Together,Where the Subtle Meets Infinity (Original Mix),2A,1A,1.3064,0.5852,adjacent,harmonic,0.7,1
sunrise-reset,35,73,Lying Together,Wish We Could feat. Syon & Darla Jade (Extended Mix),2A,3A,1.0577,0.6882,adjacent,harmonic,0.7,1
sunrise-reset,36,37,Marijuana (Original Mix),Masala (Pablo Fierro Remix),1A,7A,1.1006,0.8127,,none,0,0
sunrise-reset,36,39,Marijuana (Original Mix),Never Sleep Again (Keinemusik Remix),1A,6A,0.6121,0.8188,,none,0,0
sunrise-reset,36,40,Marijuana (Original Mix),Neverender (Extended),1A,11A,2.0224,0.6667,,none,0,0
sunrise-reset,36,41,Marijuana (Original Mix),Night Blooming Jasmine (Original Mix),1A,4A,0,0.9286,,none,0,0
sunrise-reset,36,42,Marijuana (Original Mix),Night Blooming Jasmine (Rodriguez Jr. Remix),1A,4A,0.6006,0.9932,,none,0,0
sunrise-reset,36,45,Marijuana (Original Mix),Opal (Four Tet Remix),1A,8A,0.8793,0.7741,,none,0,0
sunrise-reset,36,46,Marijuana (Original Mix),Preach The World (Original Mix),1A,12A,1.3593,0.7532,adjacent,harmonic,0.7,1
sunrise-reset,36,49,Marijuana (Original Mix),Saturday Night (Extended),1A,4A,0,0.6548,,none,0,0
sunrise-reset,36,50,Marijuana (Original Mix),Sell My Heart (Kreative Nativez Remix),1A,11A,1.0441,0.7329,,none,0,0
sunrise-reset,36,51,Marijuana (Original Mix),Sing It Back (feat. Naila) (Original Mix),1A,12A,0.04,0.7561,adjacent,harmonic,0.7,1
sunrise-reset,36,52,Marijuana (Original Mix),Sing It Back (Herbert's Tasteful Dub),1A,2A,0,1,adjacent,harmonic,0.7,1
sunrise-reset,36,53,Marijuana (Original Mix),Skin (Rinzen Remix),1A,8A,1.0458,0.4267,,none,0,0
sunrise-reset,36,54,Marijuana (Original Mix),Slow Down (James Cole Remix),1A,9A,0.5,0.8319,,none,0,0
sunrise-reset,36,56,Marijuana (Original Mix),Sordid Affair (Maceo Plex Mix),1A,3A,0.5096,0.8641,,none,0,0
sunrise-reset,36,58,Marijuana (Original Mix),Sunset Drive (Extended Mix),1A,5A,1.263,0.8607,,none,0,0
sunrise-reset,36,59,Marijuana (Original Mix),Symmetry (Rodriguez Jr. Remix),1A,11A,0.747,0.8366,,none,0,0
sunrise-reset,36,63,Marijuana (Original Mix),There's Never Been (No One Like You)(P's Sunrise Edit),1A,10B,0.3003,0.3517,,none,0,0
sunrise-reset,36,64,Marijuana (Original Mix),Touch (Four Tet Remix),1A,8B,0.3003,0.9954,,none,0,0
sunrise-reset,36,66,Marijuana (Original Mix),Walk The Line (Extended Mix),1A,9A,0.3003,0.8178,,none,0,0
sunrise-reset,36,67,Marijuana (Original Mix),Walk The Line (Themba Extended Mix),1A,9A,2.0224,0.7329,,none,0,0
sunrise-reset,36,71,Marijuana (Original Mix),When Will I See You Again (Amtrac Remix),1A,5B,1.0657,0.8382,,none,0,0
sunrise-reset,36,72,Marijuana (Original Mix),Where the Subtle Meets Infinity (Original Mix),1A,1A,1,0.343,same,harmonic,1,1
sunrise-reset,36,73,Marijuana (Original Mix),Wish We Could feat. Syon & Darla Jade (Extended Mix),1A,3A,0.7494,0.8291,,none,0,0
sunrise-reset,37,39,Masala (Pablo Fierro Remix),Never Sleep Again (Keinemusik Remix),7A,6A,1.1856,0.8216,adjacent,harmonic,0.7,1
sunrise-reset,37,40,Masala (Pablo Fierro Remix),Neverender (Extended),7A,11A,0.9412,0.9235,,none,0,0
sunrise-reset,37,41,Masala (Pablo Fierro Remix),Night Blooming Jasmine (Original Mix),7A,4A,1.1006,0.7547,,none,0,0
sunrise-reset,37,42,Masala (Pablo Fierro Remix),Night Blooming Jasmine (Rodriguez Jr. Remix),7A,4A,1.1006,0.8142,,none,0,0
sunrise-reset,37,45,Masala (Pablo Fierro Remix),Opal (Four Tet Remix),7A,8A,0.3627,0.7696,adjacent,harmonic,0.7,1
sunrise-reset,37,46,Masala (Pablo Fierro Remix),Preach The World (Original Mix),7A,12A,0.5622,0.9321,,none,0,0
sunrise-reset,37,49,Masala (Pablo Fierro Remix),Saturday Night (Extended),7A,4A,1.1006,0.5258,,none,0,0
sunrise-reset,37,50,Masala (Pablo Fierro Remix),Sell My Heart (Kreative Nativez Remix),7A,11A,1.4564,0.5938,,none,0,0
sunrise-reset,37,51,Masala (Pablo Fierro Remix),Sing It Back (feat. Naila) (Original Mix),7A,12A,1.1391,0.611,,none,0,0
sunrise-reset,37,52,Masala (Pablo Fierro Remix),Sing It Back (Herbert's Tasteful Dub),7A,2A,1.1006,0.8127,,none,0,0
sunrise-reset,37,53,Masala (Pablo Fierro Remix),Skin (Rinzen Remix),7A,8A,0.0832,0.3609,adjacent,harmonic,0.7,1
sunrise-reset,37,54,Masala (Pablo Fierro Remix),Slow Down (James Cole Remix),7A,9A,1.2088,0.8255,,none,0,0
sunrise-reset,37,56,Masala (Pablo Fierro Remix),Sordid Affair (Maceo Plex Mix),7A,3A,1.1361,0.8491,,none,0,0
sunrise-reset,37,58,Masala (Pablo Fierro Remix),Sunset Drive (Extended Mix),7A,5A,0.3048,0.9222,,none,0,0
sunrise-reset,37,59,Masala (Pablo Fierro Remix),Symmetry (Rodriguez Jr. Remix),7A,11A,1.6053,0.6858,,none,0,0
sunrise-reset,37,63,Masala (Pablo Fierro Remix),There's Never Been (No One Like You)(P's Sunrise Edit),7A,10B,1.0588,0.4453,,none,0,0
sunrise-reset,37,64,Masala (Pablo Fierro Remix),Touch (Four Tet Remix),7A,8B,1.0588,0.8137,,none,0,0
sunrise-reset,37,66,Masala (Pablo Fierro Remix),Walk The Line (Extended Mix),7A,9A,1.0588,0.7948,,none,0,0
sunrise-reset,37,67,Masala (Pablo Fierro Remix),Walk The Line (Themba Extended Mix),7A,9A,0.9412,0.8401,,none,0,0
sunrise-reset,37,71,Masala (Pablo Fierro Remix),When Will I See You Again (Amtrac Remix),7A,5B,0.595,0.844,,none,0,0
sunrise-reset,37,72,Masala (Pablo Fierro Remix),Where the Subtle Meets Infinity (Original Mix),7A,1A,0.306,0.4238,,none,0,0
sunrise-reset,37,73,Masala (Pablo Fierro Remix),Wish We Could feat. Syon & Darla Jade (Extended Mix),7A,3A,1.6091,0.6777,,none,0,0
sunrise-reset,39,40,Never Sleep Again (Keinemusik Remix),Neverender (Extended),6A,11A,2.0699,0.7034,,none,0,0
sunrise-reset,39,41,Never Sleep Again (Keinemusik Remix),Night Blooming Jasmine (Original Mix),6A,4A,0.6121,0.7604,,none,0,0
sunrise-reset,39,42,Never Sleep Again (Keinemusik Remix),Night Blooming Jasmine (Rodriguez Jr. Remix),6A,4A,0.6121,0.8198,,none,0,0
sunrise-reset,39,45,Never Sleep Again (Keinemusik Remix),Opal (Four Tet Remix),6A,8A,1.1138,0.7715,,none,0,0
sunrise-reset,39,46,Never Sleep Again (Keinemusik Remix),Preach The World (Original Mix),6A,12A,1.1661,0.9062,,none,0,0
sunrise-reset,39,49,Never Sleep Again (Keinemusik Remix),Saturday Night (Extended),6A,4A,0.6121,0.7511,,none,0,0
sunrise-reset,39,50,Never Sleep Again (Keinemusik Remix),Sell My Heart (Kreative Nativez Remix),6A,11A,1.5333,0.6425,,none,0,0
sunrise-reset,39,51,Never Sleep Again (Keinemusik Remix),Sing It Back (feat. Naila) (Original Mix),6A,12A,0.6134,0.756,,none,0,0
sunrise-reset,39,52,Never Sleep Again (Keinemusik Remix),Sing It Back (Herbert's Tasteful Dub),6A,2A,0.6121,0.8188,,none,0,0
sunrise-reset,39,53,Never Sleep Again (Keinemusik Remix),Skin (Rinzen Remix),6A,8A,1.1622,0.5405,,none,0,0
sunrise-reset,39,54,Never Sleep Again (Keinemusik Remix),Slow Down (James Cole Remix),6A,9A,1.0761,0.8406,,none,0,0
sunrise-reset,39,56,Never Sleep Again (Keinemusik Remix),Sordid Affair (Maceo Plex Mix),6A,3A,0.1216,0.9892,,none,0,0
sunrise-reset,39,58,Never Sleep Again (Keinemusik Remix),Sunset Drive (Extended Mix),6A,5A,1.2685,0.7118,adjacent,harmonic,0.7,1
sunrise-reset,39,59,Never Sleep Again (Keinemusik Remix),Symmetry (Rodriguez Jr. Remix),6A,11A,0.4679,0.8544,,none,0,0
sunrise-reset,39,63,Never Sleep Again (Keinemusik Remix),There's Never Been (No One Like You)(P's Sunrise Edit),6A,10B,0.5333,0.599,,none,0,0
sunrise-reset,39,64,Never Sleep Again (Keinemusik Remix),Touch (Four Tet Remix),6A,8B,0.5333,0.8249,,none,0,0
sunrise-reset,39,66,Never Sleep Again (Keinemusik Remix),Walk The Line (Extended Mix),6A,9A,0.5333,0.8048,,none,0,0
sunrise-reset,39,67,Never Sleep Again (Keinemusik Remix),Walk The Line (Themba Extended Mix),6A,9A,2.0699,0.5913,,none,0,0
sunrise-reset,39,71,Never Sleep Again (Keinemusik Remix),When Will I See You Again (Amtrac Remix),6A,5B,1.4296,0.6887,,none,0,0
sunrise-reset,39,72,Never Sleep Again (Keinemusik Remix),Where the Subtle Meets Infinity (Original Mix),6A,1A,1.1724,0.5812,,none,0,0
sunrise-reset,39,73,Never Sleep Again (Keinemusik Remix),Wish We Could feat. Syon & Darla Jade (Extended Mix),6A,3A,0.4718,0.843,,none,0,0
sunrise-reset,40,41,Neverender (Extended),Night Blooming Jasmine (Original Mix),11A,4A,2.0224,0.6191,,none,0,0
sunrise-reset,40,42,Neverender (Extended),Night Blooming Jasmine (Rodriguez Jr. Remix),11A,4A,2.0224,0.664,,none,0,0
sunrise-reset,40,45,Neverender (Extended),Opal (Four Tet Remix),11A,8A,1.1676,0.6579,,none,0,0
sunrise-reset,40,46,Neverender (Extended),Preach The World (Original Mix),11A,12A,1.0379,0.8797,adjacent,harmonic,0.7,1
sunrise-reset,40,49,Neverender (Extended),Saturday Night (Extended),11A,4A,2.0224,0.3795,,none,0,0
sunrise-reset,40,50,Neverender (Extended),Sell My Heart (Kreative Nativez Remix),11A,11A,2.2361,0.4296,same,harmonic,1,1
sunrise-reset,40,51,Neverender (Extended),Sing It Back (feat. Naila) (Original Mix),11A,12A,2.062,0.4875,adjacent,harmonic,0.7,1
sunrise-reset,40,52,Neverender (Extended),Sing It Back (Herbert's Tasteful Dub),11A,2A,2.0224,0.6667,,none,0,0
sunrise-reset,40,53,Neverender (Extended),Skin (Rinzen Remix),11A,8A,1.0017,0.3908,,none,0,0
sunrise-reset,40,54,Neverender (Extended),Slow Down (James Cole Remix),11A,9A,2.0833,0.711,,none,0,0
sunrise-reset,40,56,Neverender (Extended),Sordid Affair (Maceo Plex Mix),11A,3A,2.0419,0.7254,,none,0,0
sunrise-reset,40,58,Neverender (Extended),Sunset Drive (Extended Mix),11A,5A,0.9382,0.8343,,none,0,0
sunrise-reset,40,59,Neverender (Extended),Symmetry (Rodriguez Jr. Remix),11A,11A,2.5168,0.5734,same,harmonic,1,1
sunrise-reset,40,63,Neverender (Extended),There's Never Been (No One Like You)(P's Sunrise Edit),11A,10B,2,0.4821,,none,0,0
sunrise-reset,40,64,Neverender (Extended),Touch (Four Tet Remix),11A,8B,2,0.6616,,none,0,0
sunrise-reset,40,66,Neverender (Extended),Walk The Line (Extended Mix),11A,9A,2,0.6856,,none,0,0
sunrise-reset,40,67,Neverender (Extended),Walk The Line (Themba Extended Mix),11A,9A,0,0.9097,,none,0,0
sunrise-reset,40,71,Neverender (Extended),When Will I See You Again (Amtrac Remix),11A,5B,1.2088,0.7351,,none,0,0
sunrise-reset,40,72,Neverender (Extended),Where the Subtle Meets Infinity (Original Mix),11A,1A,1.0441,0.4589,,none,0,0
sunrise-reset,40,73,Neverender (Extended),Wish We Could feat. Syon & Darla Jade (Extended Mix),11A,3A,2.5207,0.551,,none,0,0
sunrise-reset,41,42,Night Blooming Jasmine (Original Mix),Night Blooming Jasmine (Rodriguez Jr. Remix),4A,4A,0.6006,0.9223,same,harmonic,1,1
sunrise-reset,41,45,Night Blooming Jasmine (Original Mix),Opal (Four Tet Remix),4A,8A,0.8793,0.7189,,none,0,0
sunrise-reset,41,46,Night Blooming Jasmine (Original Mix),Preach The World (Original Mix),4A,12A,1.3593,0.6995,,none,0,0
sunrise-reset,41,49,Night Blooming Jasmine (Original Mix),Saturday Night (Extended),4A,4A,0,0.6081,same,harmonic,1,1
sunrise-reset,41,50,Night Blooming Jasmine (Original Mix),Sell My Heart (Kreative Nativez Remix),4A,11A,1.0441,0.6806,,none,0,0
sunrise-reset,41,51,Night Blooming Jasmine (Original Mix),Sing It Back (feat. Naila) (Original Mix),4A,12A,0.04,0.7021,,none,0,0
sunrise-reset,41,52,Night Blooming Jasmine (Original Mix),Sing It Back (Herbert's Tasteful Dub),4A,2A,0,0.9286,,none,0,0
sunrise-reset,41,53,Night Blooming Jasmine (Original Mix),Skin (Rinzen Remix),4A,8A,1.0458,0.3962,,none,0,0
sunrise-reset,41,54,Night Blooming Jasmine (Original Mix),Slow Down (James Cole Remix),4A,9A,0.5,0.7725,,none,0,0
sunrise-reset,41,56,Night Blooming Jasmine (Original Mix),Sordid Affair (Maceo Plex Mix),4A,3A,0.5096,0.8024,adjacent,harmonic,0.7,1
sunrise-reset,41,58,Night Blooming Jasmine (Original Mix),Sunset Drive (Extended Mix),4A,5A,1.263,0.7993,adjacent,harmonic,0.7,1
sunrise-reset,41,59,Night Blooming Jasmine (Original Mix),Symmetry (Rodriguez Jr. Remix),4A,11A,0.747,0.7769,,none,0,0
sunrise-reset,41,63,Night Blooming Jasmine (Original Mix),There's Never Been (No One Like You)(P's Sunrise Edit),4A,10B,0.3003,0.3266,,none,0,0
sunrise-reset,41,64,Night Blooming Jasmine (Original Mix),Touch (Four Tet Remix),4A,8B,0.3003,0.9243,,none,0,0
sunrise-reset,41,66,Night Blooming Jasmine (Original Mix),Walk The Line (Extended Mix),4A,9A,0.3003,0.8985,,none,0,0
sunrise-reset,41,67,Night Blooming Jasmine (Original Mix),Walk The Line (Themba Extended Mix),4A,9A,2.0224,0.6806,,none,0,0
sunrise-reset,41,71,Night Blooming Jasmine (Original Mix),When Will I See You Again (Amtrac Remix),4A,5B,1.0657,0.7783,,none,0,0
sunrise-reset,41,72,Night Blooming Jasmine (Original Mix),Where the Subtle Meets Infinity (Original Mix),4A,1A,1,0.4497,,none,0,0
sunrise-reset,41,73,Night Blooming Jasmine (Original Mix),Wish We Could feat. Syon & Darla Jade (Extended Mix),4A,3A,0.7494,0.7699,adjacent,harmonic,0.7,1
sunrise-reset,42,45,Night Blooming Jasmine (Rodriguez Jr. Remix),Opal (Four Tet Remix),4A,8A,1.0649,0.7675,,none,0,0
sunrise-reset,42,46,Night Blooming Jasmine (Rodriguez Jr. Remix),Preach The World (Original Mix),4A,12A,1.2195,0.7572,,none,0,0
sunrise-reset,42,49,Night Blooming Jasmine (Rodriguez Jr. Remix),Saturday Night (Extended),4A,4A,0.6006,0.6439,same,harmonic,1,1
sunrise-reset,42,50,Night Blooming Jasmine (Rodriguez Jr. Remix),Sell My Heart (Kreative Nativez Remix),4A,11A,1.0441,0.7299,,none,0,0
sunrise-reset,42,51,Night Blooming Jasmine (Rodriguez Jr. Remix),Sing It Back (feat. Naila) (Original Mix),4A,12A,0.6019,0.7471,,none,0,0
sunrise-reset,42,52,Night Blooming Jasmine (Rodriguez Jr. Remix),Sing It Back (Herbert's Tasteful Dub),4A,2A,0.6006,0.9932,,none,0,0
sunrise-reset,42,53,Night Blooming Jasmine (Rodriguez Jr. Remix),Skin (Rinzen Remix),4A,8A,1.0458,0.4191,,none,0,0
sunrise-reset,42,54,Night Blooming Jasmine (Rodriguez Jr. Remix),Slow Down (James Cole Remix),4A,9A,0.7815,0.8255,,none,0,0
sunrise-reset,42,56,Night Blooming Jasmine (Rodriguez Jr. Remix),Sordid Affair (Maceo Plex Mix),4A,3A,0.5096,0.867,adjacent,harmonic,0.7,1
sunrise-reset,42,58,Night Blooming Jasmine (Rodriguez Jr. Remix),Sunset Drive (Extended Mix),4A,5A,1.1111,0.8656,adjacent,harmonic,0.7,1
sunrise-reset,42,59,Night Blooming Jasmine (Rodriguez Jr. Remix),Symmetry (Rodriguez Jr. Remix),4A,11A,0.747,0.8377,,none,0,0
sunrise-reset,42,63,Night Blooming Jasmine (Rodriguez Jr. Remix),There's Never Been (No One Like You)(P's Sunrise Edit),4A,10B,0.3003,0.3454,,none,0,0
sunrise-reset,42,64,Night Blooming Jasmine (Rodriguez Jr. Remix),Touch (Four Tet Remix),4A,8B,0.3003,0.9972,,none,0,0
sunrise-reset,42,66,Night Blooming Jasmine (Rodriguez Jr. Remix),Walk The Line (Extended Mix),4A,9A,0.3003,0.8198,,none,0,0
sunrise-reset,42,67,Night Blooming Jasmine (Rodriguez Jr. Remix),Walk The Line (Themba Extended Mix),4A,9A,2.0224,0.7299,,none,0,0
sunrise-reset,42,71,Night Blooming Jasmine (Rodriguez Jr. Remix),When Will I See You Again (Amtrac Remix),4A,5B,1.2233,0.8274,,none,0,0
sunrise-reset,42,72,Night Blooming Jasmine (Rodriguez Jr. Remix),Where the Subtle Meets Infinity (Original Mix),4A,1A,1.1665,0.3336,,none,0,0
sunrise-reset,42,73,Night Blooming Jasmine (Rodriguez Jr. Remix),Wish We Could feat. Syon & Darla Jade (Extended Mix),4A,3A,0.7494,0.8306,adjacent,harmonic,0.7,1
sunrise-reset,45,46,Opal (Four Tet Remix),Preach The World (Original Mix),8A,12A,0.8568,0.8308,,none,0,0
sunrise-reset,45,49,Opal (Four Tet Remix),Saturday Night (Extended),8A,4A,0.8793,0.8816,,none,0,0
sunrise-reset,45,50,Opal (Four Tet Remix),Sell My Heart (Kreative Nativez Remix),8A,11A,1.2998,0.8196,,none,0,0
sunrise-reset,45,51,Opal (Four Tet Remix),Sing It Back (feat. Naila) (Original Mix),8A,12A,0.9191,0.8421,,none,0,0
sunrise-reset,45,52,Opal (Four Tet Remix),Sing It Back (Herbert's Tasteful Dub),8A,2A,0.8793,0.7741,,none,0,0
sunrise-reset,45,53,Opal (Four Tet Remix),Skin (Rinzen Remix),8A,8A,0.3265,0.6847,same,harmonic,1,1
sunrise-reset,45,54,Opal (Four Tet Remix),Slow Down (James Cole Remix),8A,9A,0.9676,0.8126,adjacent,harmonic,0.7,1
sunrise-reset,45,56,Opal (Four Tet Remix),Sordid Affair (Maceo Plex Mix),8A,3A,1.051,0.7741,,none,0,0
sunrise-reset,45,58,Opal (Four Tet Remix),Sunset Drive (Extended Mix),8A,5A,0.6512,0.8285,,none,0,0
sunrise-reset,45,59,Opal (Four Tet Remix),Symmetry (Rodriguez Jr. Remix),8A,11A,1.4949,0.7835,,none,0,0
sunrise-reset,45,63,Opal (Four Tet Remix),There's Never Been (No One Like You)(P's Sunrise Edit),8A,10B,0.9292,0.5463,,none,0,0
sunrise-reset,45,64,Opal (Four Tet Remix),Touch (Four Tet Remix),8A,8B,0.9292,0.7744,,none,0,0
sunrise-reset,45,66,Opal (Four Tet Remix),Walk The Line (Extended Mix),8A,9A,0.9292,0.633,adjacent,harmonic,0.7,1
sunrise-reset,45,67,Opal (Four Tet Remix),Walk The Line (Themba Extended Mix),8A,9A,1.1676,0.7232,adjacent,harmonic,0.7,1
sunrise-reset,45,71,Opal (Four Tet Remix),When Will I See You Again (Amtrac Remix),8A,5B,0.4183,0.9407,,none,0,0
sunrise-reset,45,72,Opal (Four Tet Remix),Where the Subtle Meets Infinity (Original Mix),8A,1A,0.1523,0.5476,,none,0,0
sunrise-reset,45,73,Opal (Four Tet Remix),Wish We Could feat. Syon & Darla Jade (Extended Mix),8A,3A,1.4984,0.7736,,none,0,0
sunrise-reset,46,49,Preach The World (Original Mix),Saturday Night (Extended),12A,4A,1.3593,0.6497,,none,0,0
sunrise-reset,46,50,Preach The World (Original Mix),Sell My Heart (Kreative Nativez Remix),12A,11A,1.8757,0.5522,adjacent,harmonic,0.7,1
sunrise-reset,46,51,Preach The World (Original Mix),Sing It Back (feat. Naila) (Original Mix),12A,12A,1.3926,0.6841,same,harmonic,1,1
sunrise-reset,46,52,Preach The World (Original Mix),Sing It Back (Herbert's Tasteful Dub),12A,2A,1.3593,0.7532,,none,0,0
sunrise-reset,46,53,Preach The World (Original Mix),Skin (Rinzen Remix),12A,8A,0.6214,0.5046,,none,0,0
sunrise-reset,46,54,Preach The World (Original Mix),Slow Down (James Cole Remix),12A,9A,1.6026,0.7655,,none,0,0
sunrise-reset,46,56,Preach The World (Original Mix),Sordid Affair (Maceo Plex Mix),12A,3A,1.1659,0.9042,,none,0,0
sunrise-reset,46,58,Preach The World (Original Mix),Sunset Drive (Extended Mix),12A,5A,0.4708,0.862,,none,0,0
sunrise-reset,46,59,Preach The World (Original Mix),Symmetry (Rodriguez Jr. Remix),12A,11A,1.62,0.7852,adjacent,harmonic,0.7,1
sunrise-reset,46,63,Preach The World (Original Mix),There's Never Been (No One Like You)(P's Sunrise Edit),12A,10B,1.2559,0.5534,,none,0,0
sunrise-reset,46,64,Preach The World (Original Mix),Touch (Four Tet Remix),12A,8B,1.2559,0.7567,,none,0,0
sunrise-reset,46,66,Preach The World (Original Mix),Walk The Line (Extended Mix),12A,9A,1.2559,0.7392,,none,0,0
sunrise-reset,46,67,Preach The World (Original Mix),Walk The Line (Themba Extended Mix),12A,9A,1.0379,0.8041,,none,0,0
sunrise-reset,46,71,Preach The World (Original Mix),When Will I See You Again (Amtrac Remix),12A,5B,1.1561,0.7828,,none,0,0
sunrise-reset,46,72,Preach The World (Original Mix),Where the Subtle Meets Infinity (Original Mix),12A,1A,0.7732,0.536,adjacent,harmonic,0.7,1
sunrise-reset,46,73,Preach The World (Original Mix),Wish We Could feat. Syon & Darla Jade (Extended Mix),12A,3A,1.6239,0.7698,,none,0,0
sunrise-reset,49,50,Saturday Night (Extended),Sell My Heart (Kreative Nativez Remix),4A,11A,1.0441,0.8866,,none,0,0
sunrise-reset,49,51,Saturday Night (Extended),Sing It Back (feat. Naila) (Original Mix),4A,12A,0.04,0.8258,,none,0,0
sunrise-reset,49,52,Saturday Night (Extended),Sing It Back (Herbert's Tasteful Dub),4A,2A,0,0.6548,,none,0,0
sunrise-reset,49,53,Saturday Night (Extended),Skin (Rinzen Remix),4A,8A,1.0458,0.7828,,none,0,0
sunrise-reset,49,54,Saturday Night (Extended),Slow Down (James Cole Remix),4A,9A,0.5,0.74,,none,0,0
sunrise-reset,49,56,Saturday Night (Extended),Sordid Affair (Maceo Plex Mix),4A,3A,0.5096,0.7045,adjacent,harmonic,0.7,1
sunrise-reset,49,58,Saturday Night (Extended),Sunset Drive (Extended Mix),4A,5A,1.263,0.5623,adjacent,harmonic,0.7,1
sunrise-reset,49,59,Saturday Night (Extended),Symmetry (Rodriguez Jr. Remix),4A,11A,0.747,0.7442,,none,0,0
sunrise-reset,49,63,Saturday Night (Extended),There's Never Been (No One Like You)(P's Sunrise Edit),4A,10B,0.3003,0.6257,,none,0,0
sunrise-reset,49,64,Saturday Night (Extended),Touch (Four Tet Remix),4A,8B,0.3003,0.6708,,none,0,0
sunrise-reset,49,66,Saturday Night (Extended),Walk The Line (Extended Mix),4A,9A,0.3003,0.5349,,none,0,0
sunrise-reset,49,67,Saturday Night (Extended),Walk The Line (Themba Extended Mix),4A,9A,2.0224,0.4172,,none,0,0
sunrise-reset,49,71,Saturday Night (Extended),When Will I See You Again (Amtrac Remix),4A,5B,1.0657,0.7456,,none,0,0
sunrise-reset,49,72,Saturday Night (Extended),Where the Subtle Meets Infinity (Original Mix),4A,1A,1,0.6282,,none,0,0
sunrise-reset,49,73,Saturday Night (Extended),Wish We Could feat. Syon & Darla Jade (Extended Mix),4A,3A,0.7494,0.7375,adjacent,harmonic,0.7,1
sunrise-reset,50,51,Sell My Heart (Kreative Nativez Remix),Sing It Back (feat. Naila) (Original Mix),11A,12A,1.0449,0.7513,adjacent,harmonic,0.7,1
sunrise-reset,50,52,Sell My Heart (Kreative Nativez Remix),Sing It Back (Herbert's Tasteful Dub),11A,2A,1.0441,0.7329,,none,0,0
sunrise-reset,50,53,Sell My Heart (Kreative Nativez Remix),Skin (Rinzen Remix),11A,8A,1.3732,0.6697,,none,0,0
sunrise-reset,50,54,Sell My Heart (Kreative Nativez Remix),Slow Down (James Cole Remix),11A,9A,0.5832,0.8291,,none,0,0
sunrise-reset,50,56,Sell My Heart (Kreative Nativez Remix),Sordid Affair (Maceo Plex Mix),11A,3A,1.4118,0.6267,,none,0,0
sunrise-reset,50,58,Sell My Heart (Kreative Nativez Remix),Sunset Drive (Extended Mix),11A,5A,1.5247,0.6378,,none,0,0
sunrise-reset,50,59,Sell My Heart (Kreative Nativez Remix),Symmetry (Rodriguez Jr. Remix),11A,11A,1.5709,0.6304,same,harmonic,1,1
sunrise-reset,50,63,Sell My Heart (Kreative Nativez Remix),There's Never Been (No One Like You)(P's Sunrise Edit),11A,10B,1,0.53,,none,0,0
sunrise-reset,50,64,Sell My Heart (Kreative Nativez Remix),Touch (Four Tet Remix),11A,8B,1,0.7574,,none,0,0
sunrise-reset,50,66,Sell My Heart (Kreative Nativez Remix),Walk The Line (Extended Mix),11A,9A,1,0.604,,none,0,0
sunrise-reset,50,67,Sell My Heart (Kreative Nativez Remix),Walk The Line (Themba Extended Mix),11A,9A,2.2361,0.4723,,none,0,0
sunrise-reset,50,71,Sell My Heart (Kreative Nativez Remix),When Will I See You Again (Amtrac Remix),11A,5B,1.1072,0.8327,,none,0,0
sunrise-reset,50,72,Sell My Heart (Kreative Nativez Remix),Where the Subtle Meets Infinity (Original Mix),11A,1A,1.4457,0.5246,,none,0,0
sunrise-reset,50,73,Sell My Heart (Kreative Nativez Remix),Wish We Could feat. Syon & Darla Jade (Extended Mix),11A,3A,1.5721,0.6309,,none,0,0
sunrise-reset,51,52,Sing It Back (feat. Naila) (Original Mix),Sing It Back (Herbert's Tasteful Dub),12A,2A,0.04,0.7561,,none,0,0
sunrise-reset,51,53,Sing It Back (feat. Naila) (Original Mix),Skin (Rinzen Remix),12A,8A,1.0841,0.7639,,none,0,0
sunrise-reset,51,54,Sing It Back (feat. Naila) (Original Mix),Slow Down (James Cole Remix),12A,9A,0.5016,0.7628,,none,0,0
sunrise-reset,51,56,Sing It Back (feat. Naila) (Original Mix),Sordid Affair (Maceo Plex Mix),12A,3A,0.5112,0.7601,,none,0,0
sunrise-reset,51,58,Sing It Back (feat. Naila) (Original Mix),Sunset Drive (Extended Mix),12A,5A,1.2984,0.6468,,none,0,0
sunrise-reset,51,59,Sing It Back (feat. Naila) (Original Mix),Symmetry (Rodriguez Jr. Remix),12A,11A,0.7227,0.8877,adjacent,harmonic,0.7,1
sunrise-reset,51,63,Sing It Back (feat. Naila) (Original Mix),There's Never Been (No One Like You)(P's Sunrise Edit),12A,10B,0.303,0.7176,,none,0,0
sunrise-reset,51,64,Sing It Back (feat. Naila) (Original Mix),Touch (Four Tet Remix),12A,8B,0.303,0.7533,,none,0,0
sunrise-reset,51,66,Sing It Back (feat. Naila) (Original Mix),Walk The Line (Extended Mix),12A,9A,0.303,0.6164,,none,0,0
sunrise-reset,51,67,Sing It Back (feat. Naila) (Original Mix),Walk The Line (Themba Extended Mix),12A,9A,2.062,0.5359,,none,0,0
sunrise-reset,51,71,Sing It Back (feat. Naila) (Original Mix),When Will I See You Again (Amtrac Remix),12A,5B,1.1012,0.7661,,none,0,0
sunrise-reset,51,72,Sing It Back (feat. Naila) (Original Mix),Where the Subtle Meets Infinity (Original Mix),12A,1A,1.04,0.6077,adjacent,harmonic,0.7,1
sunrise-reset,51,73,Sing It Back (feat. Naila) (Original Mix),Wish We Could feat. Syon & Darla Jade (Extended Mix),12A,3A,0.725,0.8899,,none,0,0
sunrise-reset,52,53,Sing It Back (Herbert's Tasteful Dub),Skin (Rinzen Remix),2A,8A,1.0458,0.4267,,none,0,0
sunrise-reset,52,54,Sing It Back (Herbert's Tasteful Dub),Slow Down (James Cole Remix),2A,9A,0.5,0.8319,,none,0,0
sunrise-reset,52,56,Sing It Back (Herbert's Tasteful Dub),Sordid Affair (Maceo Plex Mix),2A,3A,0.5096,0.8641,adjacent,harmonic,0.7,1
sunrise-reset,52,58,Sing It Back (Herbert's Tasteful Dub),Sunset Drive (Extended Mix),2A,5A,1.263,0.8607,,none,0,0
sunrise-reset,52,59,Sing It Back (Herbert's Tasteful Dub),Symmetry (Rodriguez Jr. Remix),2A,11A,0.747,0.8366,,none,0,0
sunrise-reset,52,63,Sing It Back (Herbert's Tasteful Dub),There's Never Been (No One Like You)(P's Sunrise Edit),2A,10B,0.3003,0.3517,,none,0,0
sunrise-reset,52,64,Sing It Back (Herbert's Tasteful Dub),Touch (Four Tet Remix),2A,8B,0.3003,0.9954,,none,0,0
sunrise-reset,52,66,Sing It Back (Herbert's Tasteful Dub),Walk The Line (Extended Mix),2A,9A,0.3003,0.8178,,none,0,0
sunrise-reset,52,67,Sing It Back (Herbert's Tasteful Dub),Walk The Line (Themba Extended Mix),2A,9A,2.0224,0.7329,,none,0,0
sunrise-reset,52,71,Sing It Back (Herbert's Tasteful Dub),When Will I See You Again (Amtrac Remix),2A,5B,1.0657,0.8382,,none,0,0
sunrise-reset,52,72,Sing It Back (Herbert's Tasteful Dub),Where the Subtle Meets Infinity (Original Mix),2A,1A,1,0.343,adjacent,harmonic,0.7,1
sunrise-reset,52,73,Sing It Back (Herbert's Tasteful Dub),Wish We Could feat. Syon & Darla Jade (Extended Mix),2A,3A,0.7494,0.8291,adjacent,harmonic,0.7,1
sunrise-reset,53,54,Skin (Rinzen Remix),Slow Down (James Cole Remix),8A,9A,1.1335,0.5485,adjacent,harmonic,0.7,1
sunrise-reset,53,56,Skin (Rinzen Remix),Sordid Affair (Maceo Plex Mix),8A,3A,1.1052,0.4876,,none,0,0
sunrise-reset,53,58,Skin (Rinzen Remix),Sunset Drive (Extended Mix),8A,5A,0.3256,0.3953,,none,0,0
sunrise-reset,53,59,Skin (Rinzen Remix),Symmetry (Rodriguez Jr. Remix),8A,11A,1.5695,0.5523,,none,0,0
sunrise-reset,53,63,Skin (Rinzen Remix),There's Never Been (No One Like You)(P's Sunrise Edit),8A,10B,1.0017,0.7843,,none,0,0
sunrise-reset,53,64,Skin (Rinzen Remix),Touch (Four Tet Remix),8A,8B,1.0017,0.4421,,none,0,0
sunrise-reset,53,66,Skin (Rinzen Remix),Walk The Line (Extended Mix),8A,9A,1.0017,0.3525,adjacent,harmonic,0.7,1
sunrise-reset,53,67,Skin (Rinzen Remix),Walk The Line (Themba Extended Mix),8A,9A,1.0017,0.4296,adjacent,harmonic,0.7,1
sunrise-reset,53,71,Skin (Rinzen Remix),When Will I See You Again (Amtrac Remix),8A,5B,0.5369,0.5563,,none,0,0
sunrise-reset,53,72,Skin (Rinzen Remix),Where the Subtle Meets Infinity (Original Mix),8A,1A,0.306,0.7893,,none,0,0
sunrise-reset,53,73,Skin (Rinzen Remix),Wish We Could feat. Syon & Darla Jade (Extended Mix),8A,3A,1.5732,0.5307,,none,0,0
sunrise-reset,54,56,Slow Down (James Cole Remix),Sordid Affair (Maceo Plex Mix),9A,3A,0.9599,0.8639,,none,0,0
sunrise-reset,54,58,Slow Down (James Cole Remix),Sunset Drive (Extended Mix),9A,5A,1.3584,0.7159,,none,0,0
sunrise-reset,54,59,Slow Down (James Cole Remix),Symmetry (Rodriguez Jr. Remix),9A,11A,1.1437,0.6971,,none,0,0
sunrise-reset,54,63,Slow Down (James Cole Remix),There's Never Been (No One Like You)(P's Sunrise Edit),9A,10B,0.5832,0.5861,,none,0,0
sunrise-reset,54,64,Slow Down (James Cole Remix),Touch (Four Tet Remix),9A,8B,0.5832,0.8301,,none,0,0
sunrise-reset,54,66,Slow Down (James Cole Remix),Walk The Line (Extended Mix),9A,9A,0.5832,0.8085,same,harmonic,1,1
sunrise-reset,54,67,Slow Down (James Cole Remix),Walk The Line (Themba Extended Mix),9A,9A,2.0833,0.603,same,harmonic,1,1
sunrise-reset,54,71,Slow Down (James Cole Remix),When Will I See You Again (Amtrac Remix),9A,5B,0.9412,0.8493,,none,0,0
sunrise-reset,54,72,Slow Down (James Cole Remix),Where the Subtle Meets Infinity (Original Mix),9A,1A,1.118,0.5707,,none,0,0
sunrise-reset,54,73,Slow Down (James Cole Remix),Wish We Could feat. Syon & Darla Jade (Extended Mix),9A,3A,1.1453,0.6914,,none,0,0
sunrise-reset,56,58,Sordid Affair (Maceo Plex Mix),Sunset Drive (Extended Mix),3A,5A,1.2224,0.7486,,none,0,0
sunrise-reset,56,59,Sordid Affair (Maceo Plex Mix),Symmetry (Rodriguez Jr. Remix),3A,11A,0.4749,0.8586,,none,0,0
sunrise-reset,56,63,Sordid Affair (Maceo Plex Mix),There's Never Been (No One Like You)(P's Sunrise Edit),3A,10B,0.4118,0.5459,,none,0,0
sunrise-reset,56,64,Sordid Affair (Maceo Plex Mix),Touch (Four Tet Remix),3A,8B,0.4118,0.8643,,none,0,0
sunrise-reset,56,66,Sordid Affair (Maceo Plex Mix),Walk The Line (Extended Mix),3A,9A,0.4118,0.8337,,none,0,0
sunrise-reset,56,67,Sordid Affair (Maceo Plex Mix),Walk The Line (Themba Extended Mix),3A,9A,2.0419,0.6267,,none,0,0
sunrise-reset,56,71,Sordid Affair (Maceo Plex Mix),When Will I See You Again (Amtrac Remix),3A,5B,1.3444,0.7198,,none,0,0
sunrise-reset,56,72,Sordid Affair (Maceo Plex Mix),Where the Subtle Meets Infinity (Original Mix),3A,1A,1.1224,0.5287,,none,0,0
sunrise-reset,56,73,Sordid Affair (Maceo Plex Mix),Wish We Could feat. Syon & Darla Jade (Extended Mix),3A,3A,0.4788,0.8479,same,harmonic,1,1
sunrise-reset,58,59,Sunset Drive (Extended Mix),Symmetry (Rodriguez Jr. Remix),5A,11A,1.6821,0.7299,,none,0,0
sunrise-reset,58,63,Sunset Drive (Extended Mix),There's Never Been (No One Like You)(P's Sunrise Edit),5A,10B,1.151,0.3259,,none,0,0
sunrise-reset,58,64,Sunset Drive (Extended Mix),Touch (Four Tet Remix),5A,8B,1.151,0.8653,,none,0,0
sunrise-reset,58,66,Sunset Drive (Extended Mix),Walk The Line (Extended Mix),5A,9A,1.151,0.7109,,none,0,0
sunrise-reset,58,67,Sunset Drive (Extended Mix),Walk The Line (Themba Extended Mix),5A,9A,0.9382,0.9172,,none,0,0
sunrise-reset,58,71,Sunset Drive (Extended Mix),When Will I See You Again (Amtrac Remix),5A,5B,0.7997,0.9083,,none,0,0
sunrise-reset,58,72,Sunset Drive (Extended Mix),Where the Subtle Meets Infinity (Original Mix),5A,1A,0.6108,0.3147,,none,0,0
sunrise-reset,58,73,Sunset Drive (Extended Mix),Wish We Could feat. Syon & Darla Jade (Extended Mix),5A,3A,1.6858,0.7207,,none,0,0
sunrise-reset,59,63,Symmetry (Rodriguez Jr. Remix),There's Never Been (No One Like You)(P's Sunrise Edit),11A,10B,0.6839,0.5772,,none,0,0
sunrise-reset,59,64,Symmetry (Rodriguez Jr. Remix),Touch (Four Tet Remix),11A,8B,0.6839,0.8399,,none,0,0
sunrise-reset,59,66,Symmetry (Rodriguez Jr. Remix),Walk The Line (Extended Mix),11A,9A,0.6839,0.6888,,none,0,0
sunrise-reset,59,67,Symmetry (Rodriguez Jr. Remix),Walk The Line (Themba Extended Mix),11A,9A,2.5168,0.6304,,none,0,0
sunrise-reset,59,71,Symmetry (Rodriguez Jr. Remix),When Will I See You Again (Amtrac Remix),11A,5B,1.7528,0.7012,,none,0,0
sunrise-reset,59,72,Symmetry (Rodriguez Jr. Remix),Where the Subtle Meets Infinity (Original Mix),11A,1A,1.5784,0.4499,,none,0,0
sunrise-reset,59,73,Symmetry (Rodriguez Jr. Remix),Wish We Could feat. Syon & Darla Jade (Extended Mix),11A,3A,0.0039,0.9983,,none,0,0
sunrise-reset,63,64,There's Never Been (No One Like You)(P's Sunrise Edit),Touch (Four Tet Remix),10B,8B,0,0.3644,,none,0,0
sunrise-reset,63,66,There's Never Been (No One Like You)(P's Sunrise Edit),Walk The Line (Extended Mix),10B,9A,0,0.5131,,none,0,0
sunrise-reset,63,67,There's Never Been (No One Like You)(P's Sunrise Edit),Walk The Line (Themba Extended Mix),10B,9A,2,0.3542,,none,0,0
sunrise-reset,63,71,There's Never Been (No One Like You)(P's Sunrise Edit),When Will I See You Again (Amtrac Remix),10B,5B,1.1072,0.4422,,none,0,0
sunrise-reset,63,72,There's Never Been (No One Like You)(P's Sunrise Edit),Where the Subtle Meets Infinity (Original Mix),10B,1A,1.0441,0.8776,,none,0,0
sunrise-reset,63,73,There's Never Been (No One Like You)(P's Sunrise Edit),Wish We Could feat. Syon & Darla Jade (Extended Mix),10B,3A,0.6866,0.5714,,none,0,0
sunrise-reset,64,66,Touch (Four Tet Remix),Walk The Line (Extended Mix),8B,9A,0,0.8195,,none,0,0
sunrise-reset,64,67,Touch (Four Tet Remix),Walk The Line (Themba Extended Mix),8B,9A,2,0.7273,,none,0,0
sunrise-reset,64,71,Touch (Four Tet Remix),When Will I See You Again (Amtrac Remix),8B,5B,1.1072,0.8343,,none,0,0
sunrise-reset,64,72,Touch (Four Tet Remix),Where the Subtle Meets Infinity (Original Mix),8B,1A,1.0441,0.3529,,none,0,0
sunrise-reset,64,73,Touch (Four Tet Remix),Wish We Could feat. Syon & Darla Jade (Extended Mix),8B,3A,0.6866,0.8329,,none,0,0
sunrise-reset,66,67,Walk The Line (Extended Mix),Walk The Line (Themba Extended Mix),9A,9A,2,0.604,same,harmonic,1,1
sunrise-reset,66,71,Walk The Line (Extended Mix),When Will I See You Again (Amtrac Remix),9A,5B,1.1072,0.6832,,none,0,0
sunrise-reset,66,72,Walk The Line (Extended Mix),Where the Subtle Meets Infinity (Original Mix),9A,1A,1.0441,0.6292,,none,0,0
sunrise-reset,66,73,Walk The Line (Extended Mix),Wish We Could feat. Syon & Darla Jade (Extended Mix),9A,3A,0.6866,0.6826,,none,0,0
sunrise-reset,67,71,Walk The Line (Themba Extended Mix),When Will I See You Again (Amtrac Remix),9A,5B,1.2088,0.8081,,none,0,0
sunrise-reset,67,72,Walk The Line (Themba Extended Mix),Where the Subtle Meets Infinity (Original Mix),9A,1A,1.0441,0.343,,none,0,0
sunrise-reset,67,73,Walk The Line (Themba Extended Mix),Wish We Could feat. Syon & Darla Jade (Extended Mix),9A,3A,2.5207,0.6058,,none,0,0
sunrise-reset,71,72,When Will I See You Again (Amtrac Remix),Where the Subtle Meets Infinity (Original Mix),5B,1A,0.5034,0.4397,,none,0,0
sunrise-reset,71,73,When Will I See You Again (Amtrac Remix),Wish We Could feat. Syon & Darla Jade (Extended Mix),5B,3A,1.7559,0.6949,,none,0,0
sunrise-reset,72,73,Where the Subtle Meets Infinity (Original Mix),Wish We Could feat. Syon & Darla Jade (Extended Mix),1A,3A,1.582,0.4323,,none,0,0
